{"type":"FeatureCollection","metadata":{"source":"UNOSAT/OCHA, Gaza City Comprehensive Damage Assessment, 22-23 September 2025 release","geometry_status":"point_only","confidence":"high","notes":"Points are UNOSAT-assessed damage sites, not building footprints. h = [date, damage_class_code, confidence_id, status_code] per satellite pass, oldest first. See extract_unosat_gaza_city.py docstring for legend provenance.","territory":"Gaza Strip","governorate":"Gaza","municipality":"Gaza City","neighborhood":"Ash Sheikh 'Ijleen"},"legend":{"damage_class":{"1":"Destroyed","2":"Severe Damage","3":"Moderate Damage","4":"Possible Damage"},"status":{"0":"No change since previous pass (inferred)","1":"Change since previous pass (inferred)"}},"features":[{"type":"Feature","properties":{"site_id":26,"event_code":"CE20231007PSE","latest_date":"2025-09-22T00:00:00+00:00","latest_class":1,"pass_count":13,"h":[["2023-11-07T00:00:00+00:00",3,2,3],["2023-11-26T00:00:00+00:00",2,1,1],["2024-01-06T00:00:00+00:00",2,1,0],["2024-02-29T00:00:00+00:00",2,1,0],["2024-04-01T00:00:00+00:00",2,1,0],["2024-05-03T00:00:00+00:00",2,1,0],["2024-07-06T00:00:00+00:00",1,1,1],["2024-09-06T00:00:00+00:00",1,1,0],["2024-12-01T00:00:00+00:00",1,1,0],["2025-02-25T00:00:00+00:00",1,1,0],["2025-04-04T00:00:00+00:00",1,1,0],["2025-07-08T00:00:00+00:00",1,1,0],["2025-09-22T00:00:00+00:00",1,1,0]]},"geometry":{"type":"Point","coordinates":[34.42063,31.496456]}},{"type":"Feature","properties":{"site_id":26,"event_code":"CE20231007PSE","latest_date":"2025-09-22T00:00:00+00:00","latest_class":1,"pass_count":13,"h":[["2023-11-07T00:00:00+00:00",3,2,3],["2023-11-26T00:00:00+00:00",2,1,1],["2024-01-06T00:00:00+00:00",2,1,0],["2024-02-29T00:00:00+00:00",2,1,0],["2024-04-01T00:00:00+00:00",2,1,0],["2024-05-03T00:00:00+00:00",2,1,0],["2024-07-06T00:00:00+00:00",1,1,1],["2024-09-06T00:00:00+00:00",1,1,0],["2024-12-01T00:00:00+00:00",1,1,0],["2025-02-25T00:00:00+00:00",1,1,0],["2025-04-04T00:00:00+00:00",1,1,0],["2025-07-08T00:00:00+00:00",1,1,0],["2025-09-22T00:00:00+00:00",1,1,0]]},"geometry":{"type":"Point","coordinates":[34.420716,31.496318]}},{"type":"Feature","properties":{"site_id":26,"event_code":"CE20231007PSE","latest_date":"2025-09-22T00:00:00+00:00","latest_class":1,"pass_count":13,"h":[["2023-11-07T00:00:00+00:00",3,2,3],["2023-11-26T00:00:00+00:00",3,2,0],["2024-01-06T00:00:00+00:00",3,2,0],["2024-02-29T00:00:00+00:00",2,2,1],["2024-04-01T00:00:00+00:00",2,2,0],["2024-05-03T00:00:00+00:00",2,2,0],["2024-07-06T00:00:00+00:00",1,1,1],["2024-09-06T00:00:00+00:00",1,1,0],["2024-12-01T00:00:00+00:00",1,1,0],["2025-02-25T00:00:00+00:00",1,1,0],["2025-04-04T00:00:00+00:00",1,1,0],["2025-07-08T00:00:00+00:00",1,1,0],["2025-09-22T00:00:00+00:00",1,1,0]]},"geometry":{"type":"Point","coordinates":[34.420872,31.49607]}},{"type":"Feature","properties":{"site_id":26,"event_code":"CE20231007PSE","latest_date":"2025-09-22T00:00:00+00:00","latest_class":1,"pass_count":13,"h":[["2023-11-07T00:00:00+00:00",3,2,3],["2023-11-26T00:00:00+00:00",3,2,0],["2024-01-06T00:00:00+00:00",3,2,0],["2024-02-29T00:00:00+00:00",2,2,1],["2024-04-01T00:00:00+00:00",2,2,0],["2024-05-03T00:00:00+00:00",2,2,0],["2024-07-06T00:00:00+00:00",1,1,1],["2024-09-06T00:00:00+00:00",1,1,0],["2024-12-01T00:00:00+00:00",1,1,0],["2025-02-25T00:00:00+00:00",1,1,0],["2025-04-04T00:00:00+00:00",1,1,0],["2025-07-08T00:00:00+00:00",1,1,0],["2025-09-22T00:00:00+00:00",1,1,0]]},"geometry":{"type":"Point","coordinates":[34.421159,31.495615]}},{"type":"Feature","properties":{"site_id":26,"event_code":"CE20231007PSE","latest_date":"2025-09-22T00:00:00+00:00","latest_class":1,"pass_count":13,"h":[["2023-11-07T00:00:00+00:00",3,2,3],["2023-11-26T00:00:00+00:00",3,2,0],["2024-01-06T00:00:00+00:00",3,2,0],["2024-02-29T00:00:00+00:00",2,2,1],["2024-04-01T00:00:00+00:00",2,2,0],["2024-05-03T00:00:00+00:00",2,2,0],["2024-07-06T00:00:00+00:00",1,1,1],["2024-09-06T00:00:00+00:00",1,1,0],["2024-12-01T00:00:00+00:00",1,1,0],["2025-02-25T00:00:00+00:00",1,1,0],["2025-04-04T00:00:00+00:00",1,1,0],["2025-07-08T00:00:00+00:00",1,1,0],["2025-09-22T00:00:00+00:00",1,1,0]]},"geometry":{"type":"Point","coordinates":[34.421226,31.495438]}},{"type":"Feature","properties":{"site_id":26,"event_code":"CE20231007PSE","latest_date":"2025-09-22T00:00:00+00:00","latest_class":1,"pass_count":12,"h":[["2023-11-26T00:00:00+00:00",3,2,3],["2024-01-06T00:00:00+00:00",3,2,0],["2024-02-29T00:00:00+00:00",3,2,0],["2024-04-01T00:00:00+00:00",3,2,0],["2024-05-03T00:00:00+00:00",3,2,0],["2024-07-06T00:00:00+00:00",1,1,1],["2024-09-06T00:00:00+00:00",1,1,0],["2024-12-01T00:00:00+00:00",1,1,0],["2025-02-25T00:00:00+00:00",1,1,0],["2025-04-04T00:00:00+00:00",1,1,0],["2025-07-08T00:00:00+00:00",1,1,0],["2025-09-22T00:00:00+00:00",1,1,0]]},"geometry":{"type":"Point","coordinates":[34.42129,31.496669]}},{"type":"Feature","properties":{"site_id":26,"event_code":"CE20231007PSE","latest_date":"2025-09-22T00:00:00+00:00","latest_class":1,"pass_count":12,"h":[["2023-11-26T00:00:00+00:00",2,1,3],["2024-01-06T00:00:00+00:00",2,1,0],["2024-02-29T00:00:00+00:00",1,1,1],["2024-04-01T00:00:00+00:00",1,1,0],["2024-05-03T00:00:00+00:00",1,1,0],["2024-07-06T00:00:00+00:00",1,1,0],["2024-09-06T00:00:00+00:00",1,1,0],["2024-12-01T00:00:00+00:00",1,1,0],["2025-02-25T00:00:00+00:00",1,1,0],["2025-04-04T00:00:00+00:00",1,1,0],["2025-07-08T00:00:00+00:00",1,1,0],["2025-09-22T00:00:00+00:00",1,1,0]]},"geometry":{"type":"Point","coordinates":[34.421217,31.495847]}},{"type":"Feature","properties":{"site_id":26,"event_code":"CE20231007PSE","latest_date":"2025-09-22T00:00:00+00:00","latest_class":1,"pass_count":13,"h":[["2023-11-07T00:00:00+00:00",4,3,3],["2023-11-26T00:00:00+00:00",3,2,1],["2024-01-06T00:00:00+00:00",3,2,0],["2024-02-29T00:00:00+00:00",3,2,0],["2024-04-01T00:00:00+00:00",3,2,0],["2024-05-03T00:00:00+00:00",3,2,0],["2024-07-06T00:00:00+00:00",1,1,1],["2024-09-06T00:00:00+00:00",1,1,0],["2024-12-01T00:00:00+00:00",1,1,0],["2025-02-25T00:00:00+00:00",1,1,0],["2025-04-04T00:00:00+00:00",1,1,0],["2025-07-08T00:00:00+00:00",1,1,0],["2025-09-22T00:00:00+00:00",1,1,0]]},"geometry":{"type":"Point","coordinates":[34.420517,31.496564]}},{"type":"Feature","properties":{"site_id":26,"event_code":"CE20231007PSE","latest_date":"2025-09-22T00:00:00+00:00","latest_class":1,"pass_count":13,"h":[["2023-11-07T00:00:00+00:00",4,3,3],["2023-11-26T00:00:00+00:00",3,2,1],["2024-01-06T00:00:00+00:00",3,2,0],["2024-02-29T00:00:00+00:00",1,1,1],["2024-04-01T00:00:00+00:00",1,1,0],["2024-05-03T00:00:00+00:00",1,1,0],["2024-07-06T00:00:00+00:00",1,1,0],["2024-09-06T00:00:00+00:00",1,1,0],["2024-12-01T00:00:00+00:00",1,1,0],["2025-02-25T00:00:00+00:00",1,1,0],["2025-04-04T00:00:00+00:00",1,1,0],["2025-07-08T00:00:00+00:00",1,1,0],["2025-09-22T00:00:00+00:00",1,1,0]]},"geometry":{"type":"Point","coordinates":[34.420437,31.496676]}},{"type":"Feature","properties":{"site_id":26,"event_code":"CE20231007PSE","latest_date":"2025-09-22T00:00:00+00:00","latest_class":1,"pass_count":14,"h":[["2023-10-15T00:00:00+00:00",3,2,null],["2023-11-07T00:00:00+00:00",3,2,0],["2023-11-26T00:00:00+00:00",1,1,1],["2024-01-06T00:00:00+00:00",1,1,0],["2024-02-29T00:00:00+00:00",1,1,0],["2024-04-01T00:00:00+00:00",1,1,0],["2024-05-03T00:00:00+00:00",1,1,0],["2024-07-06T00:00:00+00:00",1,1,0],["2024-09-06T00:00:00+00:00",1,1,0],["2024-12-01T00:00:00+00:00",1,1,0],["2025-02-25T00:00:00+00:00",1,1,0],["2025-04-04T00:00:00+00:00",1,1,0],["2025-07-08T00:00:00+00:00",1,1,0],["2025-09-22T00:00:00+00:00",1,1,0]]},"geometry":{"type":"Point","coordinates":[34.421489,31.497149]}},{"type":"Feature","properties":{"site_id":26,"event_code":"CE20231007PSE","latest_date":"2025-09-22T00:00:00+00:00","latest_class":1,"pass_count":13,"h":[["2023-11-07T00:00:00+00:00",3,2,3],["2023-11-26T00:00:00+00:00",3,2,0],["2024-01-06T00:00:00+00:00",1,1,1],["2024-02-29T00:00:00+00:00",1,1,0],["2024-04-01T00:00:00+00:00",1,1,0],["2024-05-03T00:00:00+00:00",1,1,0],["2024-07-06T00:00:00+00:00",1,1,0],["2024-09-06T00:00:00+00:00",1,1,0],["2024-12-01T00:00:00+00:00",1,1,0],["2025-02-25T00:00:00+00:00",1,1,0],["2025-04-04T00:00:00+00:00",1,1,0],["2025-07-08T00:00:00+00:00",1,1,0],["2025-09-22T00:00:00+00:00",1,1,0]]},"geometry":{"type":"Point","coordinates":[34.421342,31.495318]}},{"type":"Feature","properties":{"site_id":26,"event_code":"CE20231007PSE","latest_date":"2025-09-22T00:00:00+00:00","latest_class":1,"pass_count":13,"h":[["2023-11-07T00:00:00+00:00",3,2,3],["2023-11-26T00:00:00+00:00",3,2,0],["2024-01-06T00:00:00+00:00",3,2,0],["2024-02-29T00:00:00+00:00",2,2,1],["2024-04-01T00:00:00+00:00",2,2,0],["2024-05-03T00:00:00+00:00",2,2,0],["2024-07-06T00:00:00+00:00",1,1,1],["2024-09-06T00:00:00+00:00",1,1,0],["2024-12-01T00:00:00+00:00",1,1,0],["2025-02-25T00:00:00+00:00",1,1,0],["2025-04-04T00:00:00+00:00",1,1,0],["2025-07-08T00:00:00+00:00",1,1,0],["2025-09-22T00:00:00+00:00",1,1,0]]},"geometry":{"type":"Point","coordinates":[34.421436,31.495174]}},{"type":"Feature","properties":{"site_id":26,"event_code":"CE20231007PSE","latest_date":"2025-09-22T00:00:00+00:00","latest_class":1,"pass_count":13,"h":[["2023-11-07T00:00:00+00:00",3,2,3],["2023-11-26T00:00:00+00:00",3,2,0],["2024-01-06T00:00:00+00:00",3,2,0],["2024-02-29T00:00:00+00:00",2,2,1],["2024-04-01T00:00:00+00:00",2,2,0],["2024-05-03T00:00:00+00:00",2,2,0],["2024-07-06T00:00:00+00:00",1,1,1],["2024-09-06T00:00:00+00:00",1,1,0],["2024-12-01T00:00:00+00:00",1,1,0],["2025-02-25T00:00:00+00:00",1,1,0],["2025-04-04T00:00:00+00:00",1,1,0],["2025-07-08T00:00:00+00:00",1,1,0],["2025-09-22T00:00:00+00:00",1,1,0]]},"geometry":{"type":"Point","coordinates":[34.421552,31.495036]}},{"type":"Feature","properties":{"site_id":26,"event_code":"CE20231007PSE","latest_date":"2025-09-22T00:00:00+00:00","latest_class":1,"pass_count":14,"h":[["2023-10-15T00:00:00+00:00",4,3,null],["2023-11-07T00:00:00+00:00",4,3,0],["2023-11-26T00:00:00+00:00",1,1,1],["2024-01-06T00:00:00+00:00",1,1,0],["2024-02-29T00:00:00+00:00",1,1,0],["2024-04-01T00:00:00+00:00",1,1,0],["2024-05-03T00:00:00+00:00",1,1,0],["2024-07-06T00:00:00+00:00",1,1,0],["2024-09-06T00:00:00+00:00",1,1,0],["2024-12-01T00:00:00+00:00",1,1,0],["2025-02-25T00:00:00+00:00",1,1,0],["2025-04-04T00:00:00+00:00",1,1,0],["2025-07-08T00:00:00+00:00",1,1,0],["2025-09-22T00:00:00+00:00",1,1,0]]},"geometry":{"type":"Point","coordinates":[34.421602,31.497105]}},{"type":"Feature","properties":{"site_id":26,"event_code":"CE20231007PSE","latest_date":"2025-09-22T00:00:00+00:00","latest_class":1,"pass_count":14,"h":[["2023-10-15T00:00:00+00:00",4,3,null],["2023-11-07T00:00:00+00:00",4,3,0],["2023-11-26T00:00:00+00:00",3,2,1],["2024-01-06T00:00:00+00:00",3,2,0],["2024-02-29T00:00:00+00:00",3,2,0],["2024-04-01T00:00:00+00:00",3,2,0],["2024-05-03T00:00:00+00:00",3,2,0],["2024-07-06T00:00:00+00:00",1,1,1],["2024-09-06T00:00:00+00:00",1,1,0],["2024-12-01T00:00:00+00:00",1,1,0],["2025-02-25T00:00:00+00:00",1,1,0],["2025-04-04T00:00:00+00:00",1,1,0],["2025-07-08T00:00:00+00:00",1,1,0],["2025-09-22T00:00:00+00:00",1,1,0]]},"geometry":{"type":"Point","coordinates":[34.421471,31.497011]}},{"type":"Feature","properties":{"site_id":26,"event_code":"CE20231007PSE","latest_date":"2025-09-22T00:00:00+00:00","latest_class":1,"pass_count":12,"h":[["2023-11-26T00:00:00+00:00",3,2,3],["2024-01-06T00:00:00+00:00",3,2,0],["2024-02-29T00:00:00+00:00",3,2,0],["2024-04-01T00:00:00+00:00",3,2,0],["2024-05-03T00:00:00+00:00",3,2,0],["2024-07-06T00:00:00+00:00",1,1,1],["2024-09-06T00:00:00+00:00",1,1,0],["2024-12-01T00:00:00+00:00",1,1,0],["2025-02-25T00:00:00+00:00",1,1,0],["2025-04-04T00:00:00+00:00",1,1,0],["2025-07-08T00:00:00+00:00",1,1,0],["2025-09-22T00:00:00+00:00",1,1,0]]},"geometry":{"type":"Point","coordinates":[34.421497,31.496739]}},{"type":"Feature","properties":{"site_id":26,"event_code":"CE20231007PSE","latest_date":"2025-09-22T00:00:00+00:00","latest_class":1,"pass_count":13,"h":[["2023-11-07T00:00:00+00:00",4,3,3],["2023-11-26T00:00:00+00:00",4,3,0],["2024-01-06T00:00:00+00:00",4,3,0],["2024-02-29T00:00:00+00:00",1,1,1],["2024-04-01T00:00:00+00:00",1,1,0],["2024-05-03T00:00:00+00:00",1,1,0],["2024-07-06T00:00:00+00:00",1,1,0],["2024-09-06T00:00:00+00:00",1,1,0],["2024-12-01T00:00:00+00:00",1,1,0],["2025-02-25T00:00:00+00:00",1,1,0],["2025-04-04T00:00:00+00:00",1,1,0],["2025-07-08T00:00:00+00:00",1,1,0],["2025-09-22T00:00:00+00:00",1,1,0]]},"geometry":{"type":"Point","coordinates":[34.421591,31.495156]}},{"type":"Feature","properties":{"site_id":26,"event_code":"CE20231007PSE","latest_date":"2025-09-22T00:00:00+00:00","latest_class":1,"pass_count":13,"h":[["2023-11-07T00:00:00+00:00",1,1,3],["2023-11-26T00:00:00+00:00",1,1,0],["2024-01-06T00:00:00+00:00",1,1,0],["2024-02-29T00:00:00+00:00",1,1,0],["2024-04-01T00:00:00+00:00",1,1,0],["2024-05-03T00:00:00+00:00",1,1,0],["2024-07-06T00:00:00+00:00",1,1,0],["2024-09-06T00:00:00+00:00",1,1,0],["2024-12-01T00:00:00+00:00",1,1,0],["2025-02-25T00:00:00+00:00",1,1,0],["2025-04-04T00:00:00+00:00",1,1,0],["2025-07-08T00:00:00+00:00",1,1,0],["2025-09-22T00:00:00+00:00",1,1,0]]},"geometry":{"type":"Point","coordinates":[34.424754,31.496867]}},{"type":"Feature","properties":{"site_id":26,"event_code":"CE20231007PSE","latest_date":"2025-09-22T00:00:00+00:00","latest_class":1,"pass_count":13,"h":[["2023-11-07T00:00:00+00:00",1,1,3],["2023-11-26T00:00:00+00:00",1,1,0],["2024-01-06T00:00:00+00:00",1,1,0],["2024-02-29T00:00:00+00:00",1,1,0],["2024-04-01T00:00:00+00:00",1,1,0],["2024-05-03T00:00:00+00:00",1,1,0],["2024-07-06T00:00:00+00:00",1,1,0],["2024-09-06T00:00:00+00:00",1,1,0],["2024-12-01T00:00:00+00:00",1,1,0],["2025-02-25T00:00:00+00:00",1,1,0],["2025-04-04T00:00:00+00:00",1,1,0],["2025-07-08T00:00:00+00:00",1,1,0],["2025-09-22T00:00:00+00:00",1,1,0]]},"geometry":{"type":"Point","coordinates":[34.4249,31.496694]}},{"type":"Feature","properties":{"site_id":26,"event_code":"CE20231007PSE","latest_date":"2025-09-22T00:00:00+00:00","latest_class":1,"pass_count":13,"h":[["2023-11-07T00:00:00+00:00",1,1,3],["2023-11-26T00:00:00+00:00",1,1,0],["2024-01-06T00:00:00+00:00",1,1,0],["2024-02-29T00:00:00+00:00",1,1,0],["2024-04-01T00:00:00+00:00",1,1,0],["2024-05-03T00:00:00+00:00",1,1,0],["2024-07-06T00:00:00+00:00",1,1,0],["2024-09-06T00:00:00+00:00",1,1,0],["2024-12-01T00:00:00+00:00",1,1,0],["2025-02-25T00:00:00+00:00",1,1,0],["2025-04-04T00:00:00+00:00",1,1,0],["2025-07-08T00:00:00+00:00",1,1,0],["2025-09-22T00:00:00+00:00",1,1,0]]},"geometry":{"type":"Point","coordinates":[34.425052,31.496798]}},{"type":"Feature","properties":{"site_id":26,"event_code":"CE20231007PSE","latest_date":"2025-09-22T00:00:00+00:00","latest_class":1,"pass_count":13,"h":[["2023-11-07T00:00:00+00:00",2,1,3],["2023-11-26T00:00:00+00:00",2,1,0],["2024-01-06T00:00:00+00:00",2,1,0],["2024-02-29T00:00:00+00:00",2,1,0],["2024-04-01T00:00:00+00:00",2,1,0],["2024-05-03T00:00:00+00:00",2,1,0],["2024-07-06T00:00:00+00:00",2,1,0],["2024-09-06T00:00:00+00:00",2,1,0],["2024-12-01T00:00:00+00:00",1,1,1],["2025-02-25T00:00:00+00:00",1,1,0],["2025-04-04T00:00:00+00:00",1,1,0],["2025-07-08T00:00:00+00:00",1,1,0],["2025-09-22T00:00:00+00:00",1,1,0]]},"geometry":{"type":"Point","coordinates":[34.425006,31.496913]}},{"type":"Feature","properties":{"site_id":26,"event_code":"CE20231007PSE","latest_date":"2025-09-22T00:00:00+00:00","latest_class":1,"pass_count":13,"h":[["2023-11-07T00:00:00+00:00",3,2,3],["2023-11-26T00:00:00+00:00",1,1,1],["2024-01-06T00:00:00+00:00",1,1,0],["2024-02-29T00:00:00+00:00",1,1,0],["2024-04-01T00:00:00+00:00",1,1,0],["2024-05-03T00:00:00+00:00",1,1,0],["2024-07-06T00:00:00+00:00",1,1,0],["2024-09-06T00:00:00+00:00",1,1,0],["2024-12-01T00:00:00+00:00",1,1,0],["2025-02-25T00:00:00+00:00",1,1,0],["2025-04-04T00:00:00+00:00",1,1,0],["2025-07-08T00:00:00+00:00",1,1,0],["2025-09-22T00:00:00+00:00",1,1,0]]},"geometry":{"type":"Point","coordinates":[34.424803,31.497133]}},{"type":"Feature","properties":{"site_id":26,"event_code":"CE20231007PSE","latest_date":"2025-09-22T00:00:00+00:00","latest_class":1,"pass_count":13,"h":[["2023-11-07T00:00:00+00:00",3,2,3],["2023-11-26T00:00:00+00:00",2,1,1],["2024-01-06T00:00:00+00:00",2,1,0],["2024-02-29T00:00:00+00:00",2,1,0],["2024-04-01T00:00:00+00:00",2,1,0],["2024-05-03T00:00:00+00:00",2,1,0],["2024-07-06T00:00:00+00:00",2,1,0],["2024-09-06T00:00:00+00:00",2,1,0],["2024-12-01T00:00:00+00:00",1,1,1],["2025-02-25T00:00:00+00:00",1,1,0],["2025-04-04T00:00:00+00:00",1,1,0],["2025-07-08T00:00:00+00:00",1,1,0],["2025-09-22T00:00:00+00:00",1,1,0]]},"geometry":{"type":"Point","coordinates":[34.424688,31.496515]}},{"type":"Feature","properties":{"site_id":26,"event_code":"CE20231007PSE","latest_date":"2025-09-22T00:00:00+00:00","latest_class":1,"pass_count":13,"h":[["2023-11-07T00:00:00+00:00",3,2,3],["2023-11-26T00:00:00+00:00",3,2,0],["2024-01-06T00:00:00+00:00",3,2,0],["2024-02-29T00:00:00+00:00",3,2,0],["2024-04-01T00:00:00+00:00",3,2,0],["2024-05-03T00:00:00+00:00",3,2,0],["2024-07-06T00:00:00+00:00",3,2,0],["2024-09-06T00:00:00+00:00",3,2,0],["2024-12-01T00:00:00+00:00",1,1,1],["2025-02-25T00:00:00+00:00",1,1,0],["2025-04-04T00:00:00+00:00",1,1,0],["2025-07-08T00:00:00+00:00",1,1,0],["2025-09-22T00:00:00+00:00",1,1,0]]},"geometry":{"type":"Point","coordinates":[34.424633,31.496655]}},{"type":"Feature","properties":{"site_id":26,"event_code":"CE20231007PSE","latest_date":"2025-09-22T00:00:00+00:00","latest_class":1,"pass_count":13,"h":[["2023-11-07T00:00:00+00:00",3,2,3],["2023-11-26T00:00:00+00:00",2,1,1],["2024-01-06T00:00:00+00:00",2,1,0],["2024-02-29T00:00:00+00:00",2,1,0],["2024-04-01T00:00:00+00:00",2,1,0],["2024-05-03T00:00:00+00:00",2,1,0],["2024-07-06T00:00:00+00:00",2,1,0],["2024-09-06T00:00:00+00:00",2,1,0],["2024-12-01T00:00:00+00:00",1,1,1],["2025-02-25T00:00:00+00:00",1,1,0],["2025-04-04T00:00:00+00:00",1,1,0],["2025-07-08T00:00:00+00:00",1,1,0],["2025-09-22T00:00:00+00:00",1,1,0]]},"geometry":{"type":"Point","coordinates":[34.423345,31.495729]}},{"type":"Feature","properties":{"site_id":26,"event_code":"CE20231007PSE","latest_date":"2025-09-22T00:00:00+00:00","latest_class":1,"pass_count":13,"h":[["2023-11-07T00:00:00+00:00",3,2,3],["2023-11-26T00:00:00+00:00",1,1,1],["2024-01-06T00:00:00+00:00",1,1,0],["2024-02-29T00:00:00+00:00",1,1,0],["2024-04-01T00:00:00+00:00",1,1,0],["2024-05-03T00:00:00+00:00",1,1,0],["2024-07-06T00:00:00+00:00",1,1,0],["2024-09-06T00:00:00+00:00",1,1,0],["2024-12-01T00:00:00+00:00",1,1,0],["2025-02-25T00:00:00+00:00",1,1,0],["2025-04-04T00:00:00+00:00",1,1,0],["2025-07-08T00:00:00+00:00",1,1,0],["2025-09-22T00:00:00+00:00",1,1,0]]},"geometry":{"type":"Point","coordinates":[34.422539,31.495258]}},{"type":"Feature","properties":{"site_id":26,"event_code":"CE20231007PSE","latest_date":"2025-09-22T00:00:00+00:00","latest_class":1,"pass_count":12,"h":[["2023-11-26T00:00:00+00:00",1,1,3],["2024-01-06T00:00:00+00:00",1,1,0],["2024-02-29T00:00:00+00:00",1,1,0],["2024-04-01T00:00:00+00:00",1,1,0],["2024-05-03T00:00:00+00:00",1,1,0],["2024-07-06T00:00:00+00:00",1,1,0],["2024-09-06T00:00:00+00:00",1,1,0],["2024-12-01T00:00:00+00:00",1,1,0],["2025-02-25T00:00:00+00:00",1,1,0],["2025-04-04T00:00:00+00:00",1,1,0],["2025-07-08T00:00:00+00:00",1,1,0],["2025-09-22T00:00:00+00:00",1,1,0]]},"geometry":{"type":"Point","coordinates":[34.423987,31.495492]}},{"type":"Feature","properties":{"site_id":26,"event_code":"CE20231007PSE","latest_date":"2025-09-22T00:00:00+00:00","latest_class":1,"pass_count":12,"h":[["2023-11-26T00:00:00+00:00",1,1,3],["2024-01-06T00:00:00+00:00",1,1,0],["2024-02-29T00:00:00+00:00",1,1,0],["2024-04-01T00:00:00+00:00",1,1,0],["2024-05-03T00:00:00+00:00",1,1,0],["2024-07-06T00:00:00+00:00",1,1,0],["2024-09-06T00:00:00+00:00",1,1,0],["2024-12-01T00:00:00+00:00",1,1,0],["2025-02-25T00:00:00+00:00",1,1,0],["2025-04-04T00:00:00+00:00",1,1,0],["2025-07-08T00:00:00+00:00",1,1,0],["2025-09-22T00:00:00+00:00",1,1,0]]},"geometry":{"type":"Point","coordinates":[34.423864,31.495428]}},{"type":"Feature","properties":{"site_id":26,"event_code":"CE20231007PSE","latest_date":"2025-09-22T00:00:00+00:00","latest_class":1,"pass_count":12,"h":[["2023-11-26T00:00:00+00:00",2,1,3],["2024-01-06T00:00:00+00:00",2,1,0],["2024-02-29T00:00:00+00:00",2,1,0],["2024-04-01T00:00:00+00:00",2,1,0],["2024-05-03T00:00:00+00:00",2,1,0],["2024-07-06T00:00:00+00:00",2,1,0],["2024-09-06T00:00:00+00:00",2,1,0],["2024-12-01T00:00:00+00:00",1,1,1],["2025-02-25T00:00:00+00:00",1,1,0],["2025-04-04T00:00:00+00:00",1,1,0],["2025-07-08T00:00:00+00:00",1,1,0],["2025-09-22T00:00:00+00:00",1,1,0]]},"geometry":{"type":"Point","coordinates":[34.424169,31.495576]}},{"type":"Feature","properties":{"site_id":26,"event_code":"CE20231007PSE","latest_date":"2025-09-22T00:00:00+00:00","latest_class":1,"pass_count":12,"h":[["2023-11-26T00:00:00+00:00",2,1,3],["2024-01-06T00:00:00+00:00",2,1,0],["2024-02-29T00:00:00+00:00",2,1,0],["2024-04-01T00:00:00+00:00",2,1,0],["2024-05-03T00:00:00+00:00",2,1,0],["2024-07-06T00:00:00+00:00",2,1,0],["2024-09-06T00:00:00+00:00",2,1,0],["2024-12-01T00:00:00+00:00",1,1,1],["2025-02-25T00:00:00+00:00",1,1,0],["2025-04-04T00:00:00+00:00",1,1,0],["2025-07-08T00:00:00+00:00",1,1,0],["2025-09-22T00:00:00+00:00",1,1,0]]},"geometry":{"type":"Point","coordinates":[34.423757,31.495328]}},{"type":"Feature","properties":{"site_id":26,"event_code":"CE20231007PSE","latest_date":"2025-09-22T00:00:00+00:00","latest_class":1,"pass_count":12,"h":[["2023-11-26T00:00:00+00:00",2,1,3],["2024-01-06T00:00:00+00:00",1,1,1],["2024-02-29T00:00:00+00:00",1,1,0],["2024-04-01T00:00:00+00:00",1,1,0],["2024-05-03T00:00:00+00:00",1,1,0],["2024-07-06T00:00:00+00:00",1,1,0],["2024-09-06T00:00:00+00:00",1,1,0],["2024-12-01T00:00:00+00:00",1,1,0],["2025-02-25T00:00:00+00:00",1,1,0],["2025-04-04T00:00:00+00:00",1,1,0],["2025-07-08T00:00:00+00:00",1,1,0],["2025-09-22T00:00:00+00:00",1,1,0]]},"geometry":{"type":"Point","coordinates":[34.423577,31.49527]}},{"type":"Feature","properties":{"site_id":26,"event_code":"CE20231007PSE","latest_date":"2025-09-22T00:00:00+00:00","latest_class":1,"pass_count":12,"h":[["2023-11-26T00:00:00+00:00",1,1,3],["2024-01-06T00:00:00+00:00",1,1,0],["2024-02-29T00:00:00+00:00",1,1,0],["2024-04-01T00:00:00+00:00",1,1,0],["2024-05-03T00:00:00+00:00",1,1,0],["2024-07-06T00:00:00+00:00",1,1,0],["2024-09-06T00:00:00+00:00",1,1,0],["2024-12-01T00:00:00+00:00",1,1,0],["2025-02-25T00:00:00+00:00",1,1,0],["2025-04-04T00:00:00+00:00",1,1,0],["2025-07-08T00:00:00+00:00",1,1,0],["2025-09-22T00:00:00+00:00",1,1,0]]},"geometry":{"type":"Point","coordinates":[34.42428,31.495979]}},{"type":"Feature","properties":{"site_id":26,"event_code":"CE20231007PSE","latest_date":"2025-09-22T00:00:00+00:00","latest_class":1,"pass_count":12,"h":[["2023-11-26T00:00:00+00:00",3,2,3],["2024-01-06T00:00:00+00:00",3,2,0],["2024-02-29T00:00:00+00:00",3,2,0],["2024-04-01T00:00:00+00:00",3,2,0],["2024-05-03T00:00:00+00:00",3,2,0],["2024-07-06T00:00:00+00:00",3,2,0],["2024-09-06T00:00:00+00:00",3,2,0],["2024-12-01T00:00:00+00:00",1,1,1],["2025-02-25T00:00:00+00:00",1,1,0],["2025-04-04T00:00:00+00:00",1,1,0],["2025-07-08T00:00:00+00:00",1,1,0],["2025-09-22T00:00:00+00:00",1,1,0]]},"geometry":{"type":"Point","coordinates":[34.424363,31.495738]}},{"type":"Feature","properties":{"site_id":26,"event_code":"CE20231007PSE","latest_date":"2025-09-22T00:00:00+00:00","latest_class":1,"pass_count":12,"h":[["2023-11-26T00:00:00+00:00",3,2,3],["2024-01-06T00:00:00+00:00",3,2,0],["2024-02-29T00:00:00+00:00",3,2,0],["2024-04-01T00:00:00+00:00",3,2,0],["2024-05-03T00:00:00+00:00",1,1,1],["2024-07-06T00:00:00+00:00",1,1,0],["2024-09-06T00:00:00+00:00",1,1,0],["2024-12-01T00:00:00+00:00",1,1,0],["2025-02-25T00:00:00+00:00",1,1,0],["2025-04-04T00:00:00+00:00",1,1,0],["2025-07-08T00:00:00+00:00",1,1,0],["2025-09-22T00:00:00+00:00",1,1,0]]},"geometry":{"type":"Point","coordinates":[34.424493,31.495893]}},{"type":"Feature","properties":{"site_id":26,"event_code":"CE20231007PSE","latest_date":"2025-09-22T00:00:00+00:00","latest_class":1,"pass_count":12,"h":[["2023-11-26T00:00:00+00:00",3,2,3],["2024-01-06T00:00:00+00:00",3,2,0],["2024-02-29T00:00:00+00:00",3,2,0],["2024-04-01T00:00:00+00:00",3,2,0],["2024-05-03T00:00:00+00:00",3,2,0],["2024-07-06T00:00:00+00:00",3,2,0],["2024-09-06T00:00:00+00:00",3,2,0],["2024-12-01T00:00:00+00:00",1,1,1],["2025-02-25T00:00:00+00:00",1,1,0],["2025-04-04T00:00:00+00:00",1,1,0],["2025-07-08T00:00:00+00:00",1,1,0],["2025-09-22T00:00:00+00:00",1,1,0]]},"geometry":{"type":"Point","coordinates":[34.42405,31.496161]}},{"type":"Feature","properties":{"site_id":26,"event_code":"CE20231007PSE","latest_date":"2025-09-22T00:00:00+00:00","latest_class":1,"pass_count":12,"h":[["2023-11-26T00:00:00+00:00",3,2,3],["2024-01-06T00:00:00+00:00",3,2,0],["2024-02-29T00:00:00+00:00",3,2,0],["2024-04-01T00:00:00+00:00",3,2,0],["2024-05-03T00:00:00+00:00",3,2,0],["2024-07-06T00:00:00+00:00",3,2,0],["2024-09-06T00:00:00+00:00",3,2,0],["2024-12-01T00:00:00+00:00",1,1,1],["2025-02-25T00:00:00+00:00",1,1,0],["2025-04-04T00:00:00+00:00",1,1,0],["2025-07-08T00:00:00+00:00",1,1,0],["2025-09-22T00:00:00+00:00",1,1,0]]},"geometry":{"type":"Point","coordinates":[34.423466,31.49537]}},{"type":"Feature","properties":{"site_id":26,"event_code":"CE20231007PSE","latest_date":"2025-09-22T00:00:00+00:00","latest_class":1,"pass_count":12,"h":[["2023-11-26T00:00:00+00:00",3,2,3],["2024-01-06T00:00:00+00:00",3,2,0],["2024-02-29T00:00:00+00:00",3,2,0],["2024-04-01T00:00:00+00:00",3,2,0],["2024-05-03T00:00:00+00:00",1,1,1],["2024-07-06T00:00:00+00:00",1,1,0],["2024-09-06T00:00:00+00:00",1,1,0],["2024-12-01T00:00:00+00:00",1,1,0],["2025-02-25T00:00:00+00:00",1,1,0],["2025-04-04T00:00:00+00:00",1,1,0],["2025-07-08T00:00:00+00:00",1,1,0],["2025-09-22T00:00:00+00:00",1,1,0]]},"geometry":{"type":"Point","coordinates":[34.423507,31.495968]}},{"type":"Feature","properties":{"site_id":26,"event_code":"CE20231007PSE","latest_date":"2025-09-22T00:00:00+00:00","latest_class":1,"pass_count":12,"h":[["2023-11-26T00:00:00+00:00",3,2,3],["2024-01-06T00:00:00+00:00",3,2,0],["2024-02-29T00:00:00+00:00",3,2,0],["2024-04-01T00:00:00+00:00",3,2,0],["2024-05-03T00:00:00+00:00",1,1,1],["2024-07-06T00:00:00+00:00",1,1,0],["2024-09-06T00:00:00+00:00",1,1,0],["2024-12-01T00:00:00+00:00",1,1,0],["2025-02-25T00:00:00+00:00",1,1,0],["2025-04-04T00:00:00+00:00",1,1,0],["2025-07-08T00:00:00+00:00",1,1,0],["2025-09-22T00:00:00+00:00",1,1,0]]},"geometry":{"type":"Point","coordinates":[34.423225,31.495957]}},{"type":"Feature","properties":{"site_id":26,"event_code":"CE20231007PSE","latest_date":"2025-09-22T00:00:00+00:00","latest_class":1,"pass_count":12,"h":[["2023-11-26T00:00:00+00:00",3,2,3],["2024-01-06T00:00:00+00:00",3,2,0],["2024-02-29T00:00:00+00:00",3,2,0],["2024-04-01T00:00:00+00:00",3,2,0],["2024-05-03T00:00:00+00:00",1,1,1],["2024-07-06T00:00:00+00:00",1,1,0],["2024-09-06T00:00:00+00:00",1,1,0],["2024-12-01T00:00:00+00:00",1,1,0],["2025-02-25T00:00:00+00:00",1,1,0],["2025-04-04T00:00:00+00:00",1,1,0],["2025-07-08T00:00:00+00:00",1,1,0],["2025-09-22T00:00:00+00:00",1,1,0]]},"geometry":{"type":"Point","coordinates":[34.423003,31.495883]}},{"type":"Feature","properties":{"site_id":26,"event_code":"CE20231007PSE","latest_date":"2025-09-22T00:00:00+00:00","latest_class":1,"pass_count":12,"h":[["2023-11-26T00:00:00+00:00",2,1,3],["2024-01-06T00:00:00+00:00",2,1,0],["2024-02-29T00:00:00+00:00",2,1,0],["2024-04-01T00:00:00+00:00",2,1,0],["2024-05-03T00:00:00+00:00",2,1,0],["2024-07-06T00:00:00+00:00",2,1,0],["2024-09-06T00:00:00+00:00",2,1,0],["2024-12-01T00:00:00+00:00",1,1,1],["2025-02-25T00:00:00+00:00",1,1,0],["2025-04-04T00:00:00+00:00",1,1,0],["2025-07-08T00:00:00+00:00",1,1,0],["2025-09-22T00:00:00+00:00",1,1,0]]},"geometry":{"type":"Point","coordinates":[34.423751,31.49558]}},{"type":"Feature","properties":{"site_id":26,"event_code":"CE20231007PSE","latest_date":"2025-09-22T00:00:00+00:00","latest_class":1,"pass_count":12,"h":[["2023-11-26T00:00:00+00:00",3,2,3],["2024-01-06T00:00:00+00:00",3,2,0],["2024-02-29T00:00:00+00:00",1,1,1],["2024-04-01T00:00:00+00:00",1,1,0],["2024-05-03T00:00:00+00:00",1,1,0],["2024-07-06T00:00:00+00:00",1,1,0],["2024-09-06T00:00:00+00:00",1,1,0],["2024-12-01T00:00:00+00:00",1,1,0],["2025-02-25T00:00:00+00:00",1,1,0],["2025-04-04T00:00:00+00:00",1,1,0],["2025-07-08T00:00:00+00:00",1,1,0],["2025-09-22T00:00:00+00:00",1,1,0]]},"geometry":{"type":"Point","coordinates":[34.42275,31.495028]}},{"type":"Feature","properties":{"site_id":26,"event_code":"CE20231007PSE","latest_date":"2025-09-22T00:00:00+00:00","latest_class":1,"pass_count":12,"h":[["2023-11-26T00:00:00+00:00",3,2,3],["2024-01-06T00:00:00+00:00",3,2,0],["2024-02-29T00:00:00+00:00",2,2,1],["2024-04-01T00:00:00+00:00",2,2,0],["2024-05-03T00:00:00+00:00",2,2,0],["2024-07-06T00:00:00+00:00",2,2,0],["2024-09-06T00:00:00+00:00",2,2,0],["2024-12-01T00:00:00+00:00",1,1,1],["2025-02-25T00:00:00+00:00",1,1,0],["2025-04-04T00:00:00+00:00",1,1,0],["2025-07-08T00:00:00+00:00",1,1,0],["2025-09-22T00:00:00+00:00",1,1,0]]},"geometry":{"type":"Point","coordinates":[34.422909,31.495075]}},{"type":"Feature","properties":{"site_id":26,"event_code":"CE20231007PSE","latest_date":"2025-09-22T00:00:00+00:00","latest_class":1,"pass_count":12,"h":[["2023-11-26T00:00:00+00:00",3,2,3],["2024-01-06T00:00:00+00:00",3,2,0],["2024-02-29T00:00:00+00:00",1,1,1],["2024-04-01T00:00:00+00:00",1,1,0],["2024-05-03T00:00:00+00:00",1,1,0],["2024-07-06T00:00:00+00:00",1,1,0],["2024-09-06T00:00:00+00:00",1,1,0],["2024-12-01T00:00:00+00:00",1,1,0],["2025-02-25T00:00:00+00:00",1,1,0],["2025-04-04T00:00:00+00:00",1,1,0],["2025-07-08T00:00:00+00:00",1,1,0],["2025-09-22T00:00:00+00:00",1,1,0]]},"geometry":{"type":"Point","coordinates":[34.422847,31.495361]}},{"type":"Feature","properties":{"site_id":26,"event_code":"CE20231007PSE","latest_date":"2025-09-22T00:00:00+00:00","latest_class":1,"pass_count":12,"h":[["2023-11-26T00:00:00+00:00",1,1,3],["2024-01-06T00:00:00+00:00",1,1,0],["2024-02-29T00:00:00+00:00",1,1,0],["2024-04-01T00:00:00+00:00",1,1,0],["2024-05-03T00:00:00+00:00",1,1,0],["2024-07-06T00:00:00+00:00",1,1,0],["2024-09-06T00:00:00+00:00",1,1,0],["2024-12-01T00:00:00+00:00",1,1,0],["2025-02-25T00:00:00+00:00",1,1,0],["2025-04-04T00:00:00+00:00",1,1,0],["2025-07-08T00:00:00+00:00",1,1,0],["2025-09-22T00:00:00+00:00",1,1,0]]},"geometry":{"type":"Point","coordinates":[34.422675,31.495608]}},{"type":"Feature","properties":{"site_id":26,"event_code":"CE20231007PSE","latest_date":"2025-09-22T00:00:00+00:00","latest_class":1,"pass_count":12,"h":[["2023-11-26T00:00:00+00:00",2,1,3],["2024-01-06T00:00:00+00:00",2,1,0],["2024-02-29T00:00:00+00:00",1,1,1],["2024-04-01T00:00:00+00:00",1,1,0],["2024-05-03T00:00:00+00:00",1,1,0],["2024-07-06T00:00:00+00:00",1,1,0],["2024-09-06T00:00:00+00:00",1,1,0],["2024-12-01T00:00:00+00:00",1,1,0],["2025-02-25T00:00:00+00:00",1,1,0],["2025-04-04T00:00:00+00:00",1,1,0],["2025-07-08T00:00:00+00:00",1,1,0],["2025-09-22T00:00:00+00:00",1,1,0]]},"geometry":{"type":"Point","coordinates":[34.422509,31.495569]}},{"type":"Feature","properties":{"site_id":26,"event_code":"CE20231007PSE","latest_date":"2025-09-22T00:00:00+00:00","latest_class":1,"pass_count":12,"h":[["2023-11-26T00:00:00+00:00",3,2,3],["2024-01-06T00:00:00+00:00",3,2,0],["2024-02-29T00:00:00+00:00",1,1,1],["2024-04-01T00:00:00+00:00",1,1,0],["2024-05-03T00:00:00+00:00",1,1,0],["2024-07-06T00:00:00+00:00",1,1,0],["2024-09-06T00:00:00+00:00",1,1,0],["2024-12-01T00:00:00+00:00",1,1,0],["2025-02-25T00:00:00+00:00",1,1,0],["2025-04-04T00:00:00+00:00",1,1,0],["2025-07-08T00:00:00+00:00",1,1,0],["2025-09-22T00:00:00+00:00",1,1,0]]},"geometry":{"type":"Point","coordinates":[34.422708,31.495718]}},{"type":"Feature","properties":{"site_id":26,"event_code":"CE20231007PSE","latest_date":"2025-09-22T00:00:00+00:00","latest_class":1,"pass_count":12,"h":[["2023-11-26T00:00:00+00:00",3,2,3],["2024-01-06T00:00:00+00:00",3,2,0],["2024-02-29T00:00:00+00:00",1,1,1],["2024-04-01T00:00:00+00:00",1,1,0],["2024-05-03T00:00:00+00:00",1,1,0],["2024-07-06T00:00:00+00:00",1,1,0],["2024-09-06T00:00:00+00:00",1,1,0],["2024-12-01T00:00:00+00:00",1,1,0],["2025-02-25T00:00:00+00:00",1,1,0],["2025-04-04T00:00:00+00:00",1,1,0],["2025-07-08T00:00:00+00:00",1,1,0],["2025-09-22T00:00:00+00:00",1,1,0]]},"geometry":{"type":"Point","coordinates":[34.422783,31.495631]}},{"type":"Feature","properties":{"site_id":26,"event_code":"CE20231007PSE","latest_date":"2025-09-22T00:00:00+00:00","latest_class":1,"pass_count":11,"h":[["2024-01-06T00:00:00+00:00",1,1,3],["2024-02-29T00:00:00+00:00",1,1,0],["2024-04-01T00:00:00+00:00",1,1,0],["2024-05-03T00:00:00+00:00",1,1,0],["2024-07-06T00:00:00+00:00",1,1,0],["2024-09-06T00:00:00+00:00",1,1,0],["2024-12-01T00:00:00+00:00",1,1,0],["2025-02-25T00:00:00+00:00",1,1,0],["2025-04-04T00:00:00+00:00",1,1,0],["2025-07-08T00:00:00+00:00",1,1,0],["2025-09-22T00:00:00+00:00",1,1,0]]},"geometry":{"type":"Point","coordinates":[34.423354,31.495162]}},{"type":"Feature","properties":{"site_id":26,"event_code":"CE20231007PSE","latest_date":"2025-09-22T00:00:00+00:00","latest_class":1,"pass_count":12,"h":[["2023-11-26T00:00:00+00:00",4,3,3],["2024-01-06T00:00:00+00:00",3,2,1],["2024-02-29T00:00:00+00:00",3,2,0],["2024-04-01T00:00:00+00:00",3,2,0],["2024-05-03T00:00:00+00:00",3,2,0],["2024-07-06T00:00:00+00:00",3,2,0],["2024-09-06T00:00:00+00:00",3,2,0],["2024-12-01T00:00:00+00:00",1,1,1],["2025-02-25T00:00:00+00:00",1,1,0],["2025-04-04T00:00:00+00:00",1,1,0],["2025-07-08T00:00:00+00:00",1,1,0],["2025-09-22T00:00:00+00:00",1,1,0]]},"geometry":{"type":"Point","coordinates":[34.42324,31.495281]}},{"type":"Feature","properties":{"site_id":26,"event_code":"CE20231007PSE","latest_date":"2025-09-22T00:00:00+00:00","latest_class":1,"pass_count":11,"h":[["2024-01-06T00:00:00+00:00",3,2,3],["2024-02-29T00:00:00+00:00",1,1,1],["2024-04-01T00:00:00+00:00",1,1,0],["2024-05-03T00:00:00+00:00",1,1,0],["2024-07-06T00:00:00+00:00",1,1,0],["2024-09-06T00:00:00+00:00",1,1,0],["2024-12-01T00:00:00+00:00",1,1,0],["2025-02-25T00:00:00+00:00",1,1,0],["2025-04-04T00:00:00+00:00",1,1,0],["2025-07-08T00:00:00+00:00",1,1,0],["2025-09-22T00:00:00+00:00",1,1,0]]},"geometry":{"type":"Point","coordinates":[34.422166,31.495572]}},{"type":"Feature","properties":{"site_id":26,"event_code":"CE20231007PSE","latest_date":"2025-09-22T00:00:00+00:00","latest_class":1,"pass_count":11,"h":[["2024-01-06T00:00:00+00:00",3,2,3],["2024-02-29T00:00:00+00:00",1,1,1],["2024-04-01T00:00:00+00:00",1,1,0],["2024-05-03T00:00:00+00:00",1,1,0],["2024-07-06T00:00:00+00:00",1,1,0],["2024-09-06T00:00:00+00:00",1,1,0],["2024-12-01T00:00:00+00:00",1,1,0],["2025-02-25T00:00:00+00:00",1,1,0],["2025-04-04T00:00:00+00:00",1,1,0],["2025-07-08T00:00:00+00:00",1,1,0],["2025-09-22T00:00:00+00:00",1,1,0]]},"geometry":{"type":"Point","coordinates":[34.422289,31.49546]}},{"type":"Feature","properties":{"site_id":26,"event_code":"CE20231007PSE","latest_date":"2025-09-22T00:00:00+00:00","latest_class":1,"pass_count":12,"h":[["2023-11-26T00:00:00+00:00",4,3,3],["2024-01-06T00:00:00+00:00",3,2,1],["2024-02-29T00:00:00+00:00",1,1,1],["2024-04-01T00:00:00+00:00",1,1,0],["2024-05-03T00:00:00+00:00",1,1,0],["2024-07-06T00:00:00+00:00",1,1,0],["2024-09-06T00:00:00+00:00",1,1,0],["2024-12-01T00:00:00+00:00",1,1,0],["2025-02-25T00:00:00+00:00",1,1,0],["2025-04-04T00:00:00+00:00",1,1,0],["2025-07-08T00:00:00+00:00",1,1,0],["2025-09-22T00:00:00+00:00",1,1,0]]},"geometry":{"type":"Point","coordinates":[34.423006,31.495444]}},{"type":"Feature","properties":{"site_id":26,"event_code":"CE20231007PSE","latest_date":"2025-09-22T00:00:00+00:00","latest_class":1,"pass_count":11,"h":[["2024-01-06T00:00:00+00:00",3,2,3],["2024-02-29T00:00:00+00:00",3,2,0],["2024-04-01T00:00:00+00:00",3,2,0],["2024-05-03T00:00:00+00:00",3,2,0],["2024-07-06T00:00:00+00:00",3,2,0],["2024-09-06T00:00:00+00:00",3,2,0],["2024-12-01T00:00:00+00:00",1,1,1],["2025-02-25T00:00:00+00:00",1,1,0],["2025-04-04T00:00:00+00:00",1,1,0],["2025-07-08T00:00:00+00:00",1,1,0],["2025-09-22T00:00:00+00:00",1,1,0]]},"geometry":{"type":"Point","coordinates":[34.424246,31.495495]}},{"type":"Feature","properties":{"site_id":26,"event_code":"CE20231007PSE","latest_date":"2025-09-22T00:00:00+00:00","latest_class":1,"pass_count":10,"h":[["2024-02-29T00:00:00+00:00",1,1,3],["2024-04-01T00:00:00+00:00",1,1,0],["2024-05-03T00:00:00+00:00",1,1,0],["2024-07-06T00:00:00+00:00",1,1,0],["2024-09-06T00:00:00+00:00",1,1,0],["2024-12-01T00:00:00+00:00",1,1,0],["2025-02-25T00:00:00+00:00",1,1,0],["2025-04-04T00:00:00+00:00",1,1,0],["2025-07-08T00:00:00+00:00",1,1,0],["2025-09-22T00:00:00+00:00",1,1,0]]},"geometry":{"type":"Point","coordinates":[34.422427,31.495923]}},{"type":"Feature","properties":{"site_id":26,"event_code":"CE20231007PSE","latest_date":"2025-09-22T00:00:00+00:00","latest_class":1,"pass_count":12,"h":[["2023-11-26T00:00:00+00:00",4,3,3],["2024-01-06T00:00:00+00:00",4,3,0],["2024-02-29T00:00:00+00:00",1,1,1],["2024-04-01T00:00:00+00:00",1,1,0],["2024-05-03T00:00:00+00:00",1,1,0],["2024-07-06T00:00:00+00:00",1,1,0],["2024-09-06T00:00:00+00:00",1,1,0],["2024-12-01T00:00:00+00:00",1,1,0],["2025-02-25T00:00:00+00:00",1,1,0],["2025-04-04T00:00:00+00:00",1,1,0],["2025-07-08T00:00:00+00:00",1,1,0],["2025-09-22T00:00:00+00:00",1,1,0]]},"geometry":{"type":"Point","coordinates":[34.423095,31.495181]}},{"type":"Feature","properties":{"site_id":26,"event_code":"CE20231007PSE","latest_date":"2025-09-22T00:00:00+00:00","latest_class":1,"pass_count":14,"h":[["2023-10-15T00:00:00+00:00",3,2,null],["2023-11-07T00:00:00+00:00",2,1,1],["2023-11-26T00:00:00+00:00",2,1,0],["2024-01-06T00:00:00+00:00",2,1,0],["2024-02-29T00:00:00+00:00",2,1,0],["2024-04-01T00:00:00+00:00",1,1,1],["2024-05-03T00:00:00+00:00",1,1,0],["2024-07-06T00:00:00+00:00",1,1,0],["2024-09-06T00:00:00+00:00",1,1,0],["2024-12-01T00:00:00+00:00",1,1,0],["2025-02-25T00:00:00+00:00",1,1,0],["2025-04-04T00:00:00+00:00",1,1,0],["2025-07-08T00:00:00+00:00",1,1,0],["2025-09-22T00:00:00+00:00",1,1,0]]},"geometry":{"type":"Point","coordinates":[34.418903,31.504348]}},{"type":"Feature","properties":{"site_id":26,"event_code":"CE20231007PSE","latest_date":"2025-09-22T00:00:00+00:00","latest_class":1,"pass_count":13,"h":[["2023-11-07T00:00:00+00:00",2,1,3],["2023-11-26T00:00:00+00:00",2,1,0],["2024-01-06T00:00:00+00:00",2,1,0],["2024-02-29T00:00:00+00:00",1,1,1],["2024-04-01T00:00:00+00:00",1,1,0],["2024-05-03T00:00:00+00:00",1,1,0],["2024-07-06T00:00:00+00:00",1,1,0],["2024-09-06T00:00:00+00:00",1,1,0],["2024-12-01T00:00:00+00:00",1,1,0],["2025-02-25T00:00:00+00:00",1,1,0],["2025-04-04T00:00:00+00:00",1,1,0],["2025-07-08T00:00:00+00:00",1,1,0],["2025-09-22T00:00:00+00:00",1,1,0]]},"geometry":{"type":"Point","coordinates":[34.41855,31.504524]}},{"type":"Feature","properties":{"site_id":26,"event_code":"CE20231007PSE","latest_date":"2025-09-22T00:00:00+00:00","latest_class":2,"pass_count":13,"h":[["2023-11-07T00:00:00+00:00",2,1,3],["2023-11-26T00:00:00+00:00",2,1,0],["2024-01-06T00:00:00+00:00",2,1,0],["2024-02-29T00:00:00+00:00",2,1,0],["2024-04-01T00:00:00+00:00",2,1,0],["2024-05-03T00:00:00+00:00",2,1,0],["2024-07-06T00:00:00+00:00",2,1,0],["2024-09-06T00:00:00+00:00",2,1,0],["2024-12-01T00:00:00+00:00",2,1,0],["2025-02-25T00:00:00+00:00",2,1,0],["2025-04-04T00:00:00+00:00",2,1,0],["2025-07-08T00:00:00+00:00",2,1,0],["2025-09-22T00:00:00+00:00",2,1,0]]},"geometry":{"type":"Point","coordinates":[34.417691,31.504544]}},{"type":"Feature","properties":{"site_id":26,"event_code":"CE20231007PSE","latest_date":"2025-09-22T00:00:00+00:00","latest_class":1,"pass_count":13,"h":[["2023-11-07T00:00:00+00:00",3,2,3],["2023-11-26T00:00:00+00:00",3,2,0],["2024-01-06T00:00:00+00:00",3,2,0],["2024-02-29T00:00:00+00:00",3,2,0],["2024-04-01T00:00:00+00:00",1,1,1],["2024-05-03T00:00:00+00:00",1,1,0],["2024-07-06T00:00:00+00:00",1,1,0],["2024-09-06T00:00:00+00:00",1,1,0],["2024-12-01T00:00:00+00:00",1,1,0],["2025-02-25T00:00:00+00:00",1,1,0],["2025-04-04T00:00:00+00:00",1,1,0],["2025-07-08T00:00:00+00:00",1,1,0],["2025-09-22T00:00:00+00:00",1,1,0]]},"geometry":{"type":"Point","coordinates":[34.417467,31.504445]}},{"type":"Feature","properties":{"site_id":26,"event_code":"CE20231007PSE","latest_date":"2025-09-22T00:00:00+00:00","latest_class":1,"pass_count":13,"h":[["2023-11-07T00:00:00+00:00",3,2,3],["2023-11-26T00:00:00+00:00",3,2,0],["2024-01-06T00:00:00+00:00",3,2,0],["2024-02-29T00:00:00+00:00",1,1,1],["2024-04-01T00:00:00+00:00",1,1,0],["2024-05-03T00:00:00+00:00",1,1,0],["2024-07-06T00:00:00+00:00",1,1,0],["2024-09-06T00:00:00+00:00",1,1,0],["2024-12-01T00:00:00+00:00",1,1,0],["2025-02-25T00:00:00+00:00",1,1,0],["2025-04-04T00:00:00+00:00",1,1,0],["2025-07-08T00:00:00+00:00",1,1,0],["2025-09-22T00:00:00+00:00",1,1,0]]},"geometry":{"type":"Point","coordinates":[34.417757,31.504375]}},{"type":"Feature","properties":{"site_id":26,"event_code":"CE20231007PSE","latest_date":"2025-09-22T00:00:00+00:00","latest_class":1,"pass_count":13,"h":[["2023-11-07T00:00:00+00:00",1,1,3],["2023-11-26T00:00:00+00:00",1,1,0],["2024-01-06T00:00:00+00:00",1,1,0],["2024-02-29T00:00:00+00:00",1,1,0],["2024-04-01T00:00:00+00:00",1,1,0],["2024-05-03T00:00:00+00:00",1,1,0],["2024-07-06T00:00:00+00:00",1,1,0],["2024-09-06T00:00:00+00:00",1,1,0],["2024-12-01T00:00:00+00:00",1,1,0],["2025-02-25T00:00:00+00:00",1,1,0],["2025-04-04T00:00:00+00:00",1,1,0],["2025-07-08T00:00:00+00:00",1,1,0],["2025-09-22T00:00:00+00:00",1,1,0]]},"geometry":{"type":"Point","coordinates":[34.417306,31.504304]}},{"type":"Feature","properties":{"site_id":26,"event_code":"CE20231007PSE","latest_date":"2025-09-22T00:00:00+00:00","latest_class":1,"pass_count":13,"h":[["2023-11-07T00:00:00+00:00",2,1,3],["2023-11-26T00:00:00+00:00",2,1,0],["2024-01-06T00:00:00+00:00",2,1,0],["2024-02-29T00:00:00+00:00",2,1,0],["2024-04-01T00:00:00+00:00",1,1,1],["2024-05-03T00:00:00+00:00",1,1,0],["2024-07-06T00:00:00+00:00",1,1,0],["2024-09-06T00:00:00+00:00",1,1,0],["2024-12-01T00:00:00+00:00",1,1,0],["2025-02-25T00:00:00+00:00",1,1,0],["2025-04-04T00:00:00+00:00",1,1,0],["2025-07-08T00:00:00+00:00",1,1,0],["2025-09-22T00:00:00+00:00",1,1,0]]},"geometry":{"type":"Point","coordinates":[34.417142,31.504468]}},{"type":"Feature","properties":{"site_id":26,"event_code":"CE20231007PSE","latest_date":"2025-09-22T00:00:00+00:00","latest_class":1,"pass_count":13,"h":[["2023-11-07T00:00:00+00:00",3,2,3],["2023-11-26T00:00:00+00:00",3,2,0],["2024-01-06T00:00:00+00:00",3,2,0],["2024-02-29T00:00:00+00:00",3,2,0],["2024-04-01T00:00:00+00:00",1,1,1],["2024-05-03T00:00:00+00:00",1,1,0],["2024-07-06T00:00:00+00:00",1,1,0],["2024-09-06T00:00:00+00:00",1,1,0],["2024-12-01T00:00:00+00:00",1,1,0],["2025-02-25T00:00:00+00:00",1,1,0],["2025-04-04T00:00:00+00:00",1,1,0],["2025-07-08T00:00:00+00:00",1,1,0],["2025-09-22T00:00:00+00:00",1,1,0]]},"geometry":{"type":"Point","coordinates":[34.416872,31.504531]}},{"type":"Feature","properties":{"site_id":26,"event_code":"CE20231007PSE","latest_date":"2025-09-22T00:00:00+00:00","latest_class":1,"pass_count":13,"h":[["2023-11-07T00:00:00+00:00",1,1,3],["2023-11-26T00:00:00+00:00",1,1,0],["2024-01-06T00:00:00+00:00",1,1,0],["2024-02-29T00:00:00+00:00",1,1,0],["2024-04-01T00:00:00+00:00",1,1,0],["2024-05-03T00:00:00+00:00",1,1,0],["2024-07-06T00:00:00+00:00",1,1,0],["2024-09-06T00:00:00+00:00",1,1,0],["2024-12-01T00:00:00+00:00",1,1,0],["2025-02-25T00:00:00+00:00",1,1,0],["2025-04-04T00:00:00+00:00",1,1,0],["2025-07-08T00:00:00+00:00",1,1,0],["2025-09-22T00:00:00+00:00",1,1,0]]},"geometry":{"type":"Point","coordinates":[34.41655,31.504233]}},{"type":"Feature","properties":{"site_id":26,"event_code":"CE20231007PSE","latest_date":"2025-09-22T00:00:00+00:00","latest_class":1,"pass_count":13,"h":[["2023-11-07T00:00:00+00:00",2,1,3],["2023-11-26T00:00:00+00:00",2,1,0],["2024-01-06T00:00:00+00:00",1,1,1],["2024-02-29T00:00:00+00:00",1,1,0],["2024-04-01T00:00:00+00:00",1,1,0],["2024-05-03T00:00:00+00:00",1,1,0],["2024-07-06T00:00:00+00:00",1,1,0],["2024-09-06T00:00:00+00:00",1,1,0],["2024-12-01T00:00:00+00:00",1,1,0],["2025-02-25T00:00:00+00:00",1,1,0],["2025-04-04T00:00:00+00:00",1,1,0],["2025-07-08T00:00:00+00:00",1,1,0],["2025-09-22T00:00:00+00:00",1,1,0]]},"geometry":{"type":"Point","coordinates":[34.416684,31.504352]}},{"type":"Feature","properties":{"site_id":26,"event_code":"CE20231007PSE","latest_date":"2025-09-22T00:00:00+00:00","latest_class":1,"pass_count":13,"h":[["2023-11-07T00:00:00+00:00",2,1,3],["2023-11-26T00:00:00+00:00",2,1,0],["2024-01-06T00:00:00+00:00",2,1,0],["2024-02-29T00:00:00+00:00",2,1,0],["2024-04-01T00:00:00+00:00",1,1,1],["2024-05-03T00:00:00+00:00",1,1,0],["2024-07-06T00:00:00+00:00",1,1,0],["2024-09-06T00:00:00+00:00",1,1,0],["2024-12-01T00:00:00+00:00",1,1,0],["2025-02-25T00:00:00+00:00",1,1,0],["2025-04-04T00:00:00+00:00",1,1,0],["2025-07-08T00:00:00+00:00",1,1,0],["2025-09-22T00:00:00+00:00",1,1,0]]},"geometry":{"type":"Point","coordinates":[34.416809,31.50419]}},{"type":"Feature","properties":{"site_id":26,"event_code":"CE20231007PSE","latest_date":"2025-09-22T00:00:00+00:00","latest_class":1,"pass_count":13,"h":[["2023-11-07T00:00:00+00:00",1,1,3],["2023-11-26T00:00:00+00:00",1,1,0],["2024-01-06T00:00:00+00:00",1,1,0],["2024-02-29T00:00:00+00:00",1,1,0],["2024-04-01T00:00:00+00:00",1,1,0],["2024-05-03T00:00:00+00:00",1,1,0],["2024-07-06T00:00:00+00:00",1,1,0],["2024-09-06T00:00:00+00:00",1,1,0],["2024-12-01T00:00:00+00:00",1,1,0],["2025-02-25T00:00:00+00:00",1,1,0],["2025-04-04T00:00:00+00:00",1,1,0],["2025-07-08T00:00:00+00:00",1,1,0],["2025-09-22T00:00:00+00:00",1,1,0]]},"geometry":{"type":"Point","coordinates":[34.41662,31.503916]}},{"type":"Feature","properties":{"site_id":26,"event_code":"CE20231007PSE","latest_date":"2025-09-22T00:00:00+00:00","latest_class":1,"pass_count":13,"h":[["2023-11-07T00:00:00+00:00",3,2,3],["2023-11-26T00:00:00+00:00",3,2,0],["2024-01-06T00:00:00+00:00",3,2,0],["2024-02-29T00:00:00+00:00",1,1,1],["2024-04-01T00:00:00+00:00",1,1,0],["2024-05-03T00:00:00+00:00",1,1,0],["2024-07-06T00:00:00+00:00",1,1,0],["2024-09-06T00:00:00+00:00",1,1,0],["2024-12-01T00:00:00+00:00",1,1,0],["2025-02-25T00:00:00+00:00",1,1,0],["2025-04-04T00:00:00+00:00",1,1,0],["2025-07-08T00:00:00+00:00",1,1,0],["2025-09-22T00:00:00+00:00",1,1,0]]},"geometry":{"type":"Point","coordinates":[34.416949,31.504112]}},{"type":"Feature","properties":{"site_id":26,"event_code":"CE20231007PSE","latest_date":"2025-09-22T00:00:00+00:00","latest_class":1,"pass_count":13,"h":[["2023-11-07T00:00:00+00:00",1,1,3],["2023-11-26T00:00:00+00:00",1,1,0],["2024-01-06T00:00:00+00:00",1,1,0],["2024-02-29T00:00:00+00:00",1,1,0],["2024-04-01T00:00:00+00:00",1,1,0],["2024-05-03T00:00:00+00:00",1,1,0],["2024-07-06T00:00:00+00:00",1,1,0],["2024-09-06T00:00:00+00:00",1,1,0],["2024-12-01T00:00:00+00:00",1,1,0],["2025-02-25T00:00:00+00:00",1,1,0],["2025-04-04T00:00:00+00:00",1,1,0],["2025-07-08T00:00:00+00:00",1,1,0],["2025-09-22T00:00:00+00:00",1,1,0]]},"geometry":{"type":"Point","coordinates":[34.415973,31.503732]}},{"type":"Feature","properties":{"site_id":26,"event_code":"CE20231007PSE","latest_date":"2025-09-22T00:00:00+00:00","latest_class":1,"pass_count":13,"h":[["2023-11-07T00:00:00+00:00",2,1,3],["2023-11-26T00:00:00+00:00",2,1,0],["2024-01-06T00:00:00+00:00",2,1,0],["2024-02-29T00:00:00+00:00",2,1,0],["2024-04-01T00:00:00+00:00",1,1,1],["2024-05-03T00:00:00+00:00",1,1,0],["2024-07-06T00:00:00+00:00",1,1,0],["2024-09-06T00:00:00+00:00",1,1,0],["2024-12-01T00:00:00+00:00",1,1,0],["2025-02-25T00:00:00+00:00",1,1,0],["2025-04-04T00:00:00+00:00",1,1,0],["2025-07-08T00:00:00+00:00",1,1,0],["2025-09-22T00:00:00+00:00",1,1,0]]},"geometry":{"type":"Point","coordinates":[34.415734,31.503485]}},{"type":"Feature","properties":{"site_id":26,"event_code":"CE20231007PSE","latest_date":"2025-09-22T00:00:00+00:00","latest_class":1,"pass_count":13,"h":[["2023-11-07T00:00:00+00:00",2,1,3],["2023-11-26T00:00:00+00:00",2,1,0],["2024-01-06T00:00:00+00:00",2,1,0],["2024-02-29T00:00:00+00:00",1,1,1],["2024-04-01T00:00:00+00:00",1,1,0],["2024-05-03T00:00:00+00:00",1,1,0],["2024-07-06T00:00:00+00:00",1,1,0],["2024-09-06T00:00:00+00:00",1,1,0],["2024-12-01T00:00:00+00:00",1,1,0],["2025-02-25T00:00:00+00:00",1,1,0],["2025-04-04T00:00:00+00:00",1,1,0],["2025-07-08T00:00:00+00:00",1,1,0],["2025-09-22T00:00:00+00:00",1,1,0]]},"geometry":{"type":"Point","coordinates":[34.415902,31.503381]}},{"type":"Feature","properties":{"site_id":26,"event_code":"CE20231007PSE","latest_date":"2025-09-22T00:00:00+00:00","latest_class":1,"pass_count":13,"h":[["2023-11-07T00:00:00+00:00",3,2,3],["2023-11-26T00:00:00+00:00",3,2,0],["2024-01-06T00:00:00+00:00",3,2,0],["2024-02-29T00:00:00+00:00",1,1,1],["2024-04-01T00:00:00+00:00",1,1,0],["2024-05-03T00:00:00+00:00",1,1,0],["2024-07-06T00:00:00+00:00",1,1,0],["2024-09-06T00:00:00+00:00",1,1,0],["2024-12-01T00:00:00+00:00",1,1,0],["2025-02-25T00:00:00+00:00",1,1,0],["2025-04-04T00:00:00+00:00",1,1,0],["2025-07-08T00:00:00+00:00",1,1,0],["2025-09-22T00:00:00+00:00",1,1,0]]},"geometry":{"type":"Point","coordinates":[34.416032,31.503277]}},{"type":"Feature","properties":{"site_id":26,"event_code":"CE20231007PSE","latest_date":"2025-09-22T00:00:00+00:00","latest_class":1,"pass_count":13,"h":[["2023-11-07T00:00:00+00:00",3,2,3],["2023-11-26T00:00:00+00:00",3,2,0],["2024-01-06T00:00:00+00:00",2,1,1],["2024-02-29T00:00:00+00:00",2,1,0],["2024-04-01T00:00:00+00:00",1,1,1],["2024-05-03T00:00:00+00:00",1,1,0],["2024-07-06T00:00:00+00:00",1,1,0],["2024-09-06T00:00:00+00:00",1,1,0],["2024-12-01T00:00:00+00:00",1,1,0],["2025-02-25T00:00:00+00:00",1,1,0],["2025-04-04T00:00:00+00:00",1,1,0],["2025-07-08T00:00:00+00:00",1,1,0],["2025-09-22T00:00:00+00:00",1,1,0]]},"geometry":{"type":"Point","coordinates":[34.415368,31.503276]}},{"type":"Feature","properties":{"site_id":26,"event_code":"CE20231007PSE","latest_date":"2025-09-22T00:00:00+00:00","latest_class":2,"pass_count":13,"h":[["2023-11-07T00:00:00+00:00",3,2,3],["2023-11-26T00:00:00+00:00",3,2,0],["2024-01-06T00:00:00+00:00",2,1,1],["2024-02-29T00:00:00+00:00",2,1,0],["2024-04-01T00:00:00+00:00",2,1,0],["2024-05-03T00:00:00+00:00",2,1,0],["2024-07-06T00:00:00+00:00",2,1,0],["2024-09-06T00:00:00+00:00",2,1,0],["2024-12-01T00:00:00+00:00",2,1,0],["2025-02-25T00:00:00+00:00",2,1,0],["2025-04-04T00:00:00+00:00",2,1,0],["2025-07-08T00:00:00+00:00",2,1,0],["2025-09-22T00:00:00+00:00",2,1,0]]},"geometry":{"type":"Point","coordinates":[34.415341,31.503011]}},{"type":"Feature","properties":{"site_id":26,"event_code":"CE20231007PSE","latest_date":"2025-09-22T00:00:00+00:00","latest_class":1,"pass_count":13,"h":[["2023-11-07T00:00:00+00:00",2,1,3],["2023-11-26T00:00:00+00:00",2,1,0],["2024-01-06T00:00:00+00:00",1,1,1],["2024-02-29T00:00:00+00:00",1,1,0],["2024-04-01T00:00:00+00:00",1,1,0],["2024-05-03T00:00:00+00:00",1,1,0],["2024-07-06T00:00:00+00:00",1,1,0],["2024-09-06T00:00:00+00:00",1,1,0],["2024-12-01T00:00:00+00:00",1,1,0],["2025-02-25T00:00:00+00:00",1,1,0],["2025-04-04T00:00:00+00:00",1,1,0],["2025-07-08T00:00:00+00:00",1,1,0],["2025-09-22T00:00:00+00:00",1,1,0]]},"geometry":{"type":"Point","coordinates":[34.415044,31.502763]}},{"type":"Feature","properties":{"site_id":26,"event_code":"CE20231007PSE","latest_date":"2025-09-22T00:00:00+00:00","latest_class":1,"pass_count":13,"h":[["2023-11-07T00:00:00+00:00",3,2,3],["2023-11-26T00:00:00+00:00",2,1,1],["2024-01-06T00:00:00+00:00",1,1,1],["2024-02-29T00:00:00+00:00",1,1,0],["2024-04-01T00:00:00+00:00",1,1,0],["2024-05-03T00:00:00+00:00",1,1,0],["2024-07-06T00:00:00+00:00",1,1,0],["2024-09-06T00:00:00+00:00",1,1,0],["2024-12-01T00:00:00+00:00",1,1,0],["2025-02-25T00:00:00+00:00",1,1,0],["2025-04-04T00:00:00+00:00",1,1,0],["2025-07-08T00:00:00+00:00",1,1,0],["2025-09-22T00:00:00+00:00",1,1,0]]},"geometry":{"type":"Point","coordinates":[34.41569,31.502289]}},{"type":"Feature","properties":{"site_id":26,"event_code":"CE20231007PSE","latest_date":"2025-09-22T00:00:00+00:00","latest_class":2,"pass_count":13,"h":[["2023-11-07T00:00:00+00:00",3,2,3],["2023-11-26T00:00:00+00:00",3,2,0],["2024-01-06T00:00:00+00:00",2,1,1],["2024-02-29T00:00:00+00:00",2,1,0],["2024-04-01T00:00:00+00:00",2,1,0],["2024-05-03T00:00:00+00:00",2,1,0],["2024-07-06T00:00:00+00:00",2,1,0],["2024-09-06T00:00:00+00:00",2,1,0],["2024-12-01T00:00:00+00:00",2,1,0],["2025-02-25T00:00:00+00:00",2,1,0],["2025-04-04T00:00:00+00:00",2,1,0],["2025-07-08T00:00:00+00:00",2,1,0],["2025-09-22T00:00:00+00:00",2,1,0]]},"geometry":{"type":"Point","coordinates":[34.415442,31.502456]}},{"type":"Feature","properties":{"site_id":26,"event_code":"CE20231007PSE","latest_date":"2025-09-22T00:00:00+00:00","latest_class":1,"pass_count":13,"h":[["2023-11-07T00:00:00+00:00",1,1,3],["2023-11-26T00:00:00+00:00",1,1,0],["2024-01-06T00:00:00+00:00",1,1,0],["2024-02-29T00:00:00+00:00",1,1,0],["2024-04-01T00:00:00+00:00",1,1,0],["2024-05-03T00:00:00+00:00",1,1,0],["2024-07-06T00:00:00+00:00",1,1,0],["2024-09-06T00:00:00+00:00",1,1,0],["2024-12-01T00:00:00+00:00",1,1,0],["2025-02-25T00:00:00+00:00",1,1,0],["2025-04-04T00:00:00+00:00",1,1,0],["2025-07-08T00:00:00+00:00",1,1,0],["2025-09-22T00:00:00+00:00",1,1,0]]},"geometry":{"type":"Point","coordinates":[34.415246,31.502565]}},{"type":"Feature","properties":{"site_id":26,"event_code":"CE20231007PSE","latest_date":"2025-09-22T00:00:00+00:00","latest_class":1,"pass_count":13,"h":[["2023-11-07T00:00:00+00:00",3,2,3],["2023-11-26T00:00:00+00:00",3,2,0],["2024-01-06T00:00:00+00:00",1,1,1],["2024-02-29T00:00:00+00:00",1,1,0],["2024-04-01T00:00:00+00:00",1,1,0],["2024-05-03T00:00:00+00:00",1,1,0],["2024-07-06T00:00:00+00:00",1,1,0],["2024-09-06T00:00:00+00:00",1,1,0],["2024-12-01T00:00:00+00:00",1,1,0],["2025-02-25T00:00:00+00:00",1,1,0],["2025-04-04T00:00:00+00:00",1,1,0],["2025-07-08T00:00:00+00:00",1,1,0],["2025-09-22T00:00:00+00:00",1,1,0]]},"geometry":{"type":"Point","coordinates":[34.41567,31.502643]}},{"type":"Feature","properties":{"site_id":26,"event_code":"CE20231007PSE","latest_date":"2025-09-22T00:00:00+00:00","latest_class":2,"pass_count":13,"h":[["2023-11-07T00:00:00+00:00",2,1,3],["2023-11-26T00:00:00+00:00",2,1,0],["2024-01-06T00:00:00+00:00",2,1,0],["2024-02-29T00:00:00+00:00",2,1,0],["2024-04-01T00:00:00+00:00",2,1,0],["2024-05-03T00:00:00+00:00",2,1,0],["2024-07-06T00:00:00+00:00",2,1,0],["2024-09-06T00:00:00+00:00",2,1,0],["2024-12-01T00:00:00+00:00",2,1,0],["2025-02-25T00:00:00+00:00",2,1,0],["2025-04-04T00:00:00+00:00",2,1,0],["2025-07-08T00:00:00+00:00",2,1,0],["2025-09-22T00:00:00+00:00",2,1,0]]},"geometry":{"type":"Point","coordinates":[34.416956,31.50368]}},{"type":"Feature","properties":{"site_id":26,"event_code":"CE20231007PSE","latest_date":"2025-09-22T00:00:00+00:00","latest_class":1,"pass_count":13,"h":[["2023-11-07T00:00:00+00:00",1,1,3],["2023-11-26T00:00:00+00:00",1,1,0],["2024-01-06T00:00:00+00:00",1,1,0],["2024-02-29T00:00:00+00:00",1,1,0],["2024-04-01T00:00:00+00:00",1,1,0],["2024-05-03T00:00:00+00:00",1,1,0],["2024-07-06T00:00:00+00:00",1,1,0],["2024-09-06T00:00:00+00:00",1,1,0],["2024-12-01T00:00:00+00:00",1,1,0],["2025-02-25T00:00:00+00:00",1,1,0],["2025-04-04T00:00:00+00:00",1,1,0],["2025-07-08T00:00:00+00:00",1,1,0],["2025-09-22T00:00:00+00:00",1,1,0]]},"geometry":{"type":"Point","coordinates":[34.417097,31.502421]}},{"type":"Feature","properties":{"site_id":26,"event_code":"CE20231007PSE","latest_date":"2025-09-22T00:00:00+00:00","latest_class":1,"pass_count":13,"h":[["2023-11-07T00:00:00+00:00",1,1,3],["2023-11-26T00:00:00+00:00",1,1,0],["2024-01-06T00:00:00+00:00",1,1,0],["2024-02-29T00:00:00+00:00",1,1,0],["2024-04-01T00:00:00+00:00",1,1,0],["2024-05-03T00:00:00+00:00",1,1,0],["2024-07-06T00:00:00+00:00",1,1,0],["2024-09-06T00:00:00+00:00",1,1,0],["2024-12-01T00:00:00+00:00",1,1,0],["2025-02-25T00:00:00+00:00",1,1,0],["2025-04-04T00:00:00+00:00",1,1,0],["2025-07-08T00:00:00+00:00",1,1,0],["2025-09-22T00:00:00+00:00",1,1,0]]},"geometry":{"type":"Point","coordinates":[34.416687,31.502336]}},{"type":"Feature","properties":{"site_id":26,"event_code":"CE20231007PSE","latest_date":"2025-09-22T00:00:00+00:00","latest_class":1,"pass_count":13,"h":[["2023-11-07T00:00:00+00:00",1,1,3],["2023-11-26T00:00:00+00:00",1,1,0],["2024-01-06T00:00:00+00:00",1,1,0],["2024-02-29T00:00:00+00:00",1,1,0],["2024-04-01T00:00:00+00:00",1,1,0],["2024-05-03T00:00:00+00:00",1,1,0],["2024-07-06T00:00:00+00:00",1,1,0],["2024-09-06T00:00:00+00:00",1,1,0],["2024-12-01T00:00:00+00:00",1,1,0],["2025-02-25T00:00:00+00:00",1,1,0],["2025-04-04T00:00:00+00:00",1,1,0],["2025-07-08T00:00:00+00:00",1,1,0],["2025-09-22T00:00:00+00:00",1,1,0]]},"geometry":{"type":"Point","coordinates":[34.416698,31.502523]}},{"type":"Feature","properties":{"site_id":26,"event_code":"CE20231007PSE","latest_date":"2025-09-22T00:00:00+00:00","latest_class":1,"pass_count":13,"h":[["2023-11-07T00:00:00+00:00",3,2,3],["2023-11-26T00:00:00+00:00",2,1,1],["2024-01-06T00:00:00+00:00",2,1,0],["2024-02-29T00:00:00+00:00",2,1,0],["2024-04-01T00:00:00+00:00",1,1,1],["2024-05-03T00:00:00+00:00",1,1,0],["2024-07-06T00:00:00+00:00",1,1,0],["2024-09-06T00:00:00+00:00",1,1,0],["2024-12-01T00:00:00+00:00",1,1,0],["2025-02-25T00:00:00+00:00",1,1,0],["2025-04-04T00:00:00+00:00",1,1,0],["2025-07-08T00:00:00+00:00",1,1,0],["2025-09-22T00:00:00+00:00",1,1,0]]},"geometry":{"type":"Point","coordinates":[34.416918,31.50254]}},{"type":"Feature","properties":{"site_id":26,"event_code":"CE20231007PSE","latest_date":"2025-09-22T00:00:00+00:00","latest_class":1,"pass_count":13,"h":[["2023-11-07T00:00:00+00:00",2,1,3],["2023-11-26T00:00:00+00:00",2,1,0],["2024-01-06T00:00:00+00:00",2,1,0],["2024-02-29T00:00:00+00:00",2,1,0],["2024-04-01T00:00:00+00:00",1,1,1],["2024-05-03T00:00:00+00:00",1,1,0],["2024-07-06T00:00:00+00:00",1,1,0],["2024-09-06T00:00:00+00:00",1,1,0],["2024-12-01T00:00:00+00:00",1,1,0],["2025-02-25T00:00:00+00:00",1,1,0],["2025-04-04T00:00:00+00:00",1,1,0],["2025-07-08T00:00:00+00:00",1,1,0],["2025-09-22T00:00:00+00:00",1,1,0]]},"geometry":{"type":"Point","coordinates":[34.416782,31.501757]}},{"type":"Feature","properties":{"site_id":26,"event_code":"CE20231007PSE","latest_date":"2025-09-22T00:00:00+00:00","latest_class":1,"pass_count":13,"h":[["2023-11-07T00:00:00+00:00",1,1,3],["2023-11-26T00:00:00+00:00",1,1,0],["2024-01-06T00:00:00+00:00",1,1,0],["2024-02-29T00:00:00+00:00",1,1,0],["2024-04-01T00:00:00+00:00",1,1,0],["2024-05-03T00:00:00+00:00",1,1,0],["2024-07-06T00:00:00+00:00",1,1,0],["2024-09-06T00:00:00+00:00",1,1,0],["2024-12-01T00:00:00+00:00",1,1,0],["2025-02-25T00:00:00+00:00",1,1,0],["2025-04-04T00:00:00+00:00",1,1,0],["2025-07-08T00:00:00+00:00",1,1,0],["2025-09-22T00:00:00+00:00",1,1,0]]},"geometry":{"type":"Point","coordinates":[34.417981,31.501382]}},{"type":"Feature","properties":{"site_id":26,"event_code":"CE20231007PSE","latest_date":"2025-09-22T00:00:00+00:00","latest_class":1,"pass_count":13,"h":[["2023-11-07T00:00:00+00:00",3,2,3],["2023-11-26T00:00:00+00:00",3,2,0],["2024-01-06T00:00:00+00:00",3,2,0],["2024-02-29T00:00:00+00:00",3,2,0],["2024-04-01T00:00:00+00:00",1,1,1],["2024-05-03T00:00:00+00:00",1,1,0],["2024-07-06T00:00:00+00:00",1,1,0],["2024-09-06T00:00:00+00:00",1,1,0],["2024-12-01T00:00:00+00:00",1,1,0],["2025-02-25T00:00:00+00:00",1,1,0],["2025-04-04T00:00:00+00:00",1,1,0],["2025-07-08T00:00:00+00:00",1,1,0],["2025-09-22T00:00:00+00:00",1,1,0]]},"geometry":{"type":"Point","coordinates":[34.417354,31.501362]}},{"type":"Feature","properties":{"site_id":26,"event_code":"CE20231007PSE","latest_date":"2025-09-22T00:00:00+00:00","latest_class":1,"pass_count":13,"h":[["2023-11-07T00:00:00+00:00",3,2,3],["2023-11-26T00:00:00+00:00",3,2,0],["2024-01-06T00:00:00+00:00",3,2,0],["2024-02-29T00:00:00+00:00",3,2,0],["2024-04-01T00:00:00+00:00",1,1,1],["2024-05-03T00:00:00+00:00",1,1,0],["2024-07-06T00:00:00+00:00",1,1,0],["2024-09-06T00:00:00+00:00",1,1,0],["2024-12-01T00:00:00+00:00",1,1,0],["2025-02-25T00:00:00+00:00",1,1,0],["2025-04-04T00:00:00+00:00",1,1,0],["2025-07-08T00:00:00+00:00",1,1,0],["2025-09-22T00:00:00+00:00",1,1,0]]},"geometry":{"type":"Point","coordinates":[34.417184,31.50149]}},{"type":"Feature","properties":{"site_id":26,"event_code":"CE20231007PSE","latest_date":"2025-09-22T00:00:00+00:00","latest_class":1,"pass_count":13,"h":[["2023-11-07T00:00:00+00:00",3,2,3],["2023-11-26T00:00:00+00:00",3,2,0],["2024-01-06T00:00:00+00:00",3,2,0],["2024-02-29T00:00:00+00:00",3,2,0],["2024-04-01T00:00:00+00:00",1,1,1],["2024-05-03T00:00:00+00:00",1,1,0],["2024-07-06T00:00:00+00:00",1,1,0],["2024-09-06T00:00:00+00:00",1,1,0],["2024-12-01T00:00:00+00:00",1,1,0],["2025-02-25T00:00:00+00:00",1,1,0],["2025-04-04T00:00:00+00:00",1,1,0],["2025-07-08T00:00:00+00:00",1,1,0],["2025-09-22T00:00:00+00:00",1,1,0]]},"geometry":{"type":"Point","coordinates":[34.41746,31.501468]}},{"type":"Feature","properties":{"site_id":26,"event_code":"CE20231007PSE","latest_date":"2025-09-22T00:00:00+00:00","latest_class":1,"pass_count":13,"h":[["2023-11-07T00:00:00+00:00",3,2,3],["2023-11-26T00:00:00+00:00",3,2,0],["2024-01-06T00:00:00+00:00",3,2,0],["2024-02-29T00:00:00+00:00",3,2,0],["2024-04-01T00:00:00+00:00",1,1,1],["2024-05-03T00:00:00+00:00",1,1,0],["2024-07-06T00:00:00+00:00",1,1,0],["2024-09-06T00:00:00+00:00",1,1,0],["2024-12-01T00:00:00+00:00",1,1,0],["2025-02-25T00:00:00+00:00",1,1,0],["2025-04-04T00:00:00+00:00",1,1,0],["2025-07-08T00:00:00+00:00",1,1,0],["2025-09-22T00:00:00+00:00",1,1,0]]},"geometry":{"type":"Point","coordinates":[34.417275,31.501622]}},{"type":"Feature","properties":{"site_id":26,"event_code":"CE20231007PSE","latest_date":"2025-09-22T00:00:00+00:00","latest_class":2,"pass_count":13,"h":[["2023-11-07T00:00:00+00:00",3,2,3],["2023-11-26T00:00:00+00:00",3,2,0],["2024-01-06T00:00:00+00:00",3,2,0],["2024-02-29T00:00:00+00:00",3,2,0],["2024-04-01T00:00:00+00:00",3,2,0],["2024-05-03T00:00:00+00:00",3,2,0],["2024-07-06T00:00:00+00:00",2,1,1],["2024-09-06T00:00:00+00:00",2,1,0],["2024-12-01T00:00:00+00:00",2,1,0],["2025-02-25T00:00:00+00:00",2,1,0],["2025-04-04T00:00:00+00:00",2,1,0],["2025-07-08T00:00:00+00:00",2,1,0],["2025-09-22T00:00:00+00:00",2,1,0]]},"geometry":{"type":"Point","coordinates":[34.417679,31.501059]}},{"type":"Feature","properties":{"site_id":26,"event_code":"CE20231007PSE","latest_date":"2025-09-22T00:00:00+00:00","latest_class":1,"pass_count":13,"h":[["2023-11-07T00:00:00+00:00",3,2,3],["2023-11-26T00:00:00+00:00",3,2,0],["2024-01-06T00:00:00+00:00",3,2,0],["2024-02-29T00:00:00+00:00",1,1,1],["2024-04-01T00:00:00+00:00",1,1,0],["2024-05-03T00:00:00+00:00",1,1,0],["2024-07-06T00:00:00+00:00",1,1,0],["2024-09-06T00:00:00+00:00",1,1,0],["2024-12-01T00:00:00+00:00",1,1,0],["2025-02-25T00:00:00+00:00",1,1,0],["2025-04-04T00:00:00+00:00",1,1,0],["2025-07-08T00:00:00+00:00",1,1,0],["2025-09-22T00:00:00+00:00",1,1,0]]},"geometry":{"type":"Point","coordinates":[34.42043,31.498758]}},{"type":"Feature","properties":{"site_id":26,"event_code":"CE20231007PSE","latest_date":"2025-09-22T00:00:00+00:00","latest_class":1,"pass_count":13,"h":[["2023-11-07T00:00:00+00:00",3,2,3],["2023-11-26T00:00:00+00:00",3,2,0],["2024-01-06T00:00:00+00:00",3,2,0],["2024-02-29T00:00:00+00:00",1,1,1],["2024-04-01T00:00:00+00:00",1,1,0],["2024-05-03T00:00:00+00:00",1,1,0],["2024-07-06T00:00:00+00:00",1,1,0],["2024-09-06T00:00:00+00:00",1,1,0],["2024-12-01T00:00:00+00:00",1,1,0],["2025-02-25T00:00:00+00:00",1,1,0],["2025-04-04T00:00:00+00:00",1,1,0],["2025-07-08T00:00:00+00:00",1,1,0],["2025-09-22T00:00:00+00:00",1,1,0]]},"geometry":{"type":"Point","coordinates":[34.420296,31.498667]}},{"type":"Feature","properties":{"site_id":26,"event_code":"CE20231007PSE","latest_date":"2025-09-22T00:00:00+00:00","latest_class":1,"pass_count":13,"h":[["2023-11-07T00:00:00+00:00",3,2,3],["2023-11-26T00:00:00+00:00",3,2,0],["2024-01-06T00:00:00+00:00",3,2,0],["2024-02-29T00:00:00+00:00",3,2,0],["2024-04-01T00:00:00+00:00",3,2,0],["2024-05-03T00:00:00+00:00",3,2,0],["2024-07-06T00:00:00+00:00",3,2,0],["2024-09-06T00:00:00+00:00",3,2,0],["2024-12-01T00:00:00+00:00",1,1,1],["2025-02-25T00:00:00+00:00",1,1,0],["2025-04-04T00:00:00+00:00",1,1,0],["2025-07-08T00:00:00+00:00",1,1,0],["2025-09-22T00:00:00+00:00",1,1,0]]},"geometry":{"type":"Point","coordinates":[34.42029,31.499126]}},{"type":"Feature","properties":{"site_id":26,"event_code":"CE20231007PSE","latest_date":"2025-09-22T00:00:00+00:00","latest_class":1,"pass_count":12,"h":[["2023-11-26T00:00:00+00:00",3,2,3],["2024-01-06T00:00:00+00:00",3,2,0],["2024-02-29T00:00:00+00:00",3,2,0],["2024-04-01T00:00:00+00:00",1,1,1],["2024-05-03T00:00:00+00:00",1,1,0],["2024-07-06T00:00:00+00:00",1,1,0],["2024-09-06T00:00:00+00:00",1,1,0],["2024-12-01T00:00:00+00:00",1,1,0],["2025-02-25T00:00:00+00:00",1,1,0],["2025-04-04T00:00:00+00:00",1,1,0],["2025-07-08T00:00:00+00:00",1,1,0],["2025-09-22T00:00:00+00:00",1,1,0]]},"geometry":{"type":"Point","coordinates":[34.417409,31.504504]}},{"type":"Feature","properties":{"site_id":26,"event_code":"CE20231007PSE","latest_date":"2025-09-22T00:00:00+00:00","latest_class":1,"pass_count":13,"h":[["2023-11-07T00:00:00+00:00",4,3,3],["2023-11-26T00:00:00+00:00",3,2,1],["2024-01-06T00:00:00+00:00",3,2,0],["2024-02-29T00:00:00+00:00",3,2,0],["2024-04-01T00:00:00+00:00",1,1,1],["2024-05-03T00:00:00+00:00",1,1,0],["2024-07-06T00:00:00+00:00",1,1,0],["2024-09-06T00:00:00+00:00",1,1,0],["2024-12-01T00:00:00+00:00",1,1,0],["2025-02-25T00:00:00+00:00",1,1,0],["2025-04-04T00:00:00+00:00",1,1,0],["2025-07-08T00:00:00+00:00",1,1,0],["2025-09-22T00:00:00+00:00",1,1,0]]},"geometry":{"type":"Point","coordinates":[34.418148,31.504413]}},{"type":"Feature","properties":{"site_id":26,"event_code":"CE20231007PSE","latest_date":"2025-09-22T00:00:00+00:00","latest_class":1,"pass_count":12,"h":[["2023-11-26T00:00:00+00:00",3,2,3],["2024-01-06T00:00:00+00:00",3,2,0],["2024-02-29T00:00:00+00:00",3,2,0],["2024-04-01T00:00:00+00:00",1,1,1],["2024-05-03T00:00:00+00:00",1,1,0],["2024-07-06T00:00:00+00:00",1,1,0],["2024-09-06T00:00:00+00:00",1,1,0],["2024-12-01T00:00:00+00:00",1,1,0],["2025-02-25T00:00:00+00:00",1,1,0],["2025-04-04T00:00:00+00:00",1,1,0],["2025-07-08T00:00:00+00:00",1,1,0],["2025-09-22T00:00:00+00:00",1,1,0]]},"geometry":{"type":"Point","coordinates":[34.416716,31.504618]}},{"type":"Feature","properties":{"site_id":26,"event_code":"CE20231007PSE","latest_date":"2025-09-22T00:00:00+00:00","latest_class":1,"pass_count":13,"h":[["2023-11-07T00:00:00+00:00",4,3,3],["2023-11-26T00:00:00+00:00",3,2,1],["2024-01-06T00:00:00+00:00",3,2,0],["2024-02-29T00:00:00+00:00",3,2,0],["2024-04-01T00:00:00+00:00",1,1,1],["2024-05-03T00:00:00+00:00",1,1,0],["2024-07-06T00:00:00+00:00",1,1,0],["2024-09-06T00:00:00+00:00",1,1,0],["2024-12-01T00:00:00+00:00",1,1,0],["2025-02-25T00:00:00+00:00",1,1,0],["2025-04-04T00:00:00+00:00",1,1,0],["2025-07-08T00:00:00+00:00",1,1,0],["2025-09-22T00:00:00+00:00",1,1,0]]},"geometry":{"type":"Point","coordinates":[34.41603,31.503902]}},{"type":"Feature","properties":{"site_id":26,"event_code":"CE20231007PSE","latest_date":"2025-09-22T00:00:00+00:00","latest_class":1,"pass_count":13,"h":[["2023-11-07T00:00:00+00:00",4,3,3],["2023-11-26T00:00:00+00:00",3,2,1],["2024-01-06T00:00:00+00:00",2,1,1],["2024-02-29T00:00:00+00:00",2,1,0],["2024-04-01T00:00:00+00:00",1,1,1],["2024-05-03T00:00:00+00:00",1,1,0],["2024-07-06T00:00:00+00:00",1,1,0],["2024-09-06T00:00:00+00:00",1,1,0],["2024-12-01T00:00:00+00:00",1,1,0],["2025-02-25T00:00:00+00:00",1,1,0],["2025-04-04T00:00:00+00:00",1,1,0],["2025-07-08T00:00:00+00:00",1,1,0],["2025-09-22T00:00:00+00:00",1,1,0]]},"geometry":{"type":"Point","coordinates":[34.416452,31.504065]}},{"type":"Feature","properties":{"site_id":26,"event_code":"CE20231007PSE","latest_date":"2025-09-22T00:00:00+00:00","latest_class":1,"pass_count":13,"h":[["2023-11-07T00:00:00+00:00",4,3,3],["2023-11-26T00:00:00+00:00",3,2,1],["2024-01-06T00:00:00+00:00",3,2,0],["2024-02-29T00:00:00+00:00",1,1,1],["2024-04-01T00:00:00+00:00",1,1,0],["2024-05-03T00:00:00+00:00",1,1,0],["2024-07-06T00:00:00+00:00",1,1,0],["2024-09-06T00:00:00+00:00",1,1,0],["2024-12-01T00:00:00+00:00",1,1,0],["2025-02-25T00:00:00+00:00",1,1,0],["2025-04-04T00:00:00+00:00",1,1,0],["2025-07-08T00:00:00+00:00",1,1,0],["2025-09-22T00:00:00+00:00",1,1,0]]},"geometry":{"type":"Point","coordinates":[34.416298,31.503896]}},{"type":"Feature","properties":{"site_id":26,"event_code":"CE20231007PSE","latest_date":"2025-09-22T00:00:00+00:00","latest_class":2,"pass_count":12,"h":[["2023-11-26T00:00:00+00:00",3,2,3],["2024-01-06T00:00:00+00:00",3,2,0],["2024-02-29T00:00:00+00:00",2,2,1],["2024-04-01T00:00:00+00:00",2,2,0],["2024-05-03T00:00:00+00:00",2,2,0],["2024-07-06T00:00:00+00:00",2,2,0],["2024-09-06T00:00:00+00:00",2,2,0],["2024-12-01T00:00:00+00:00",2,2,0],["2025-02-25T00:00:00+00:00",2,2,0],["2025-04-04T00:00:00+00:00",2,2,0],["2025-07-08T00:00:00+00:00",2,2,0],["2025-09-22T00:00:00+00:00",2,2,0]]},"geometry":{"type":"Point","coordinates":[34.41625,31.503619]}},{"type":"Feature","properties":{"site_id":26,"event_code":"CE20231007PSE","latest_date":"2025-09-22T00:00:00+00:00","latest_class":1,"pass_count":12,"h":[["2023-11-26T00:00:00+00:00",3,2,3],["2024-01-06T00:00:00+00:00",3,2,0],["2024-02-29T00:00:00+00:00",1,1,1],["2024-04-01T00:00:00+00:00",1,1,0],["2024-05-03T00:00:00+00:00",1,1,0],["2024-07-06T00:00:00+00:00",1,1,0],["2024-09-06T00:00:00+00:00",1,1,0],["2024-12-01T00:00:00+00:00",1,1,0],["2025-02-25T00:00:00+00:00",1,1,0],["2025-04-04T00:00:00+00:00",1,1,0],["2025-07-08T00:00:00+00:00",1,1,0],["2025-09-22T00:00:00+00:00",1,1,0]]},"geometry":{"type":"Point","coordinates":[34.416437,31.503717]}},{"type":"Feature","properties":{"site_id":26,"event_code":"CE20231007PSE","latest_date":"2025-09-22T00:00:00+00:00","latest_class":1,"pass_count":13,"h":[["2023-11-07T00:00:00+00:00",4,3,3],["2023-11-26T00:00:00+00:00",3,2,1],["2024-01-06T00:00:00+00:00",3,2,0],["2024-02-29T00:00:00+00:00",1,1,1],["2024-04-01T00:00:00+00:00",1,1,0],["2024-05-03T00:00:00+00:00",1,1,0],["2024-07-06T00:00:00+00:00",1,1,0],["2024-09-06T00:00:00+00:00",1,1,0],["2024-12-01T00:00:00+00:00",1,1,0],["2025-02-25T00:00:00+00:00",1,1,0],["2025-04-04T00:00:00+00:00",1,1,0],["2025-07-08T00:00:00+00:00",1,1,0],["2025-09-22T00:00:00+00:00",1,1,0]]},"geometry":{"type":"Point","coordinates":[34.416799,31.503792]}},{"type":"Feature","properties":{"site_id":26,"event_code":"CE20231007PSE","latest_date":"2025-09-22T00:00:00+00:00","latest_class":2,"pass_count":13,"h":[["2023-11-07T00:00:00+00:00",4,3,3],["2023-11-26T00:00:00+00:00",3,2,1],["2024-01-06T00:00:00+00:00",3,2,0],["2024-02-29T00:00:00+00:00",2,2,1],["2024-04-01T00:00:00+00:00",2,2,0],["2024-05-03T00:00:00+00:00",2,2,0],["2024-07-06T00:00:00+00:00",2,2,0],["2024-09-06T00:00:00+00:00",2,2,0],["2024-12-01T00:00:00+00:00",2,2,0],["2025-02-25T00:00:00+00:00",2,2,0],["2025-04-04T00:00:00+00:00",2,2,0],["2025-07-08T00:00:00+00:00",2,2,0],["2025-09-22T00:00:00+00:00",2,2,0]]},"geometry":{"type":"Point","coordinates":[34.416742,31.504031]}},{"type":"Feature","properties":{"site_id":26,"event_code":"CE20231007PSE","latest_date":"2025-09-22T00:00:00+00:00","latest_class":1,"pass_count":12,"h":[["2023-11-26T00:00:00+00:00",3,2,3],["2024-01-06T00:00:00+00:00",3,2,0],["2024-02-29T00:00:00+00:00",1,1,1],["2024-04-01T00:00:00+00:00",1,1,0],["2024-05-03T00:00:00+00:00",1,1,0],["2024-07-06T00:00:00+00:00",1,1,0],["2024-09-06T00:00:00+00:00",1,1,0],["2024-12-01T00:00:00+00:00",1,1,0],["2025-02-25T00:00:00+00:00",1,1,0],["2025-04-04T00:00:00+00:00",1,1,0],["2025-07-08T00:00:00+00:00",1,1,0],["2025-09-22T00:00:00+00:00",1,1,0]]},"geometry":{"type":"Point","coordinates":[34.417054,31.503649]}},{"type":"Feature","properties":{"site_id":26,"event_code":"CE20231007PSE","latest_date":"2025-09-22T00:00:00+00:00","latest_class":1,"pass_count":12,"h":[["2023-11-26T00:00:00+00:00",1,1,3],["2024-01-06T00:00:00+00:00",1,1,0],["2024-02-29T00:00:00+00:00",1,1,0],["2024-04-01T00:00:00+00:00",1,1,0],["2024-05-03T00:00:00+00:00",1,1,0],["2024-07-06T00:00:00+00:00",1,1,0],["2024-09-06T00:00:00+00:00",1,1,0],["2024-12-01T00:00:00+00:00",1,1,0],["2025-02-25T00:00:00+00:00",1,1,0],["2025-04-04T00:00:00+00:00",1,1,0],["2025-07-08T00:00:00+00:00",1,1,0],["2025-09-22T00:00:00+00:00",1,1,0]]},"geometry":{"type":"Point","coordinates":[34.417509,31.502095]}},{"type":"Feature","properties":{"site_id":26,"event_code":"CE20231007PSE","latest_date":"2025-09-22T00:00:00+00:00","latest_class":1,"pass_count":12,"h":[["2023-11-26T00:00:00+00:00",1,1,3],["2024-01-06T00:00:00+00:00",1,1,0],["2024-02-29T00:00:00+00:00",1,1,0],["2024-04-01T00:00:00+00:00",1,1,0],["2024-05-03T00:00:00+00:00",1,1,0],["2024-07-06T00:00:00+00:00",1,1,0],["2024-09-06T00:00:00+00:00",1,1,0],["2024-12-01T00:00:00+00:00",1,1,0],["2025-02-25T00:00:00+00:00",1,1,0],["2025-04-04T00:00:00+00:00",1,1,0],["2025-07-08T00:00:00+00:00",1,1,0],["2025-09-22T00:00:00+00:00",1,1,0]]},"geometry":{"type":"Point","coordinates":[34.417703,31.502214]}},{"type":"Feature","properties":{"site_id":26,"event_code":"CE20231007PSE","latest_date":"2025-09-22T00:00:00+00:00","latest_class":2,"pass_count":12,"h":[["2023-11-26T00:00:00+00:00",2,1,3],["2024-01-06T00:00:00+00:00",2,1,0],["2024-02-29T00:00:00+00:00",2,1,0],["2024-04-01T00:00:00+00:00",2,1,0],["2024-05-03T00:00:00+00:00",2,1,0],["2024-07-06T00:00:00+00:00",2,1,0],["2024-09-06T00:00:00+00:00",2,1,0],["2024-12-01T00:00:00+00:00",2,1,0],["2025-02-25T00:00:00+00:00",2,1,0],["2025-04-04T00:00:00+00:00",2,1,0],["2025-07-08T00:00:00+00:00",2,1,0],["2025-09-22T00:00:00+00:00",2,1,0]]},"geometry":{"type":"Point","coordinates":[34.417325,31.502207]}},{"type":"Feature","properties":{"site_id":26,"event_code":"CE20231007PSE","latest_date":"2025-09-22T00:00:00+00:00","latest_class":1,"pass_count":12,"h":[["2023-11-26T00:00:00+00:00",2,1,3],["2024-01-06T00:00:00+00:00",2,1,0],["2024-02-29T00:00:00+00:00",2,1,0],["2024-04-01T00:00:00+00:00",2,1,0],["2024-05-03T00:00:00+00:00",2,1,0],["2024-07-06T00:00:00+00:00",1,1,1],["2024-09-06T00:00:00+00:00",1,1,0],["2024-12-01T00:00:00+00:00",1,1,0],["2025-02-25T00:00:00+00:00",1,1,0],["2025-04-04T00:00:00+00:00",1,1,0],["2025-07-08T00:00:00+00:00",1,1,0],["2025-09-22T00:00:00+00:00",1,1,0]]},"geometry":{"type":"Point","coordinates":[34.417487,31.502364]}},{"type":"Feature","properties":{"site_id":26,"event_code":"CE20231007PSE","latest_date":"2025-09-22T00:00:00+00:00","latest_class":1,"pass_count":12,"h":[["2023-11-26T00:00:00+00:00",3,2,3],["2024-01-06T00:00:00+00:00",3,2,0],["2024-02-29T00:00:00+00:00",1,1,1],["2024-04-01T00:00:00+00:00",1,1,0],["2024-05-03T00:00:00+00:00",1,1,0],["2024-07-06T00:00:00+00:00",1,1,0],["2024-09-06T00:00:00+00:00",1,1,0],["2024-12-01T00:00:00+00:00",1,1,0],["2025-02-25T00:00:00+00:00",1,1,0],["2025-04-04T00:00:00+00:00",1,1,0],["2025-07-08T00:00:00+00:00",1,1,0],["2025-09-22T00:00:00+00:00",1,1,0]]},"geometry":{"type":"Point","coordinates":[34.417711,31.502425]}},{"type":"Feature","properties":{"site_id":26,"event_code":"CE20231007PSE","latest_date":"2025-09-22T00:00:00+00:00","latest_class":1,"pass_count":12,"h":[["2023-11-26T00:00:00+00:00",3,2,3],["2024-01-06T00:00:00+00:00",3,2,0],["2024-02-29T00:00:00+00:00",3,2,0],["2024-04-01T00:00:00+00:00",1,1,1],["2024-05-03T00:00:00+00:00",1,1,0],["2024-07-06T00:00:00+00:00",1,1,0],["2024-09-06T00:00:00+00:00",1,1,0],["2024-12-01T00:00:00+00:00",1,1,0],["2025-02-25T00:00:00+00:00",1,1,0],["2025-04-04T00:00:00+00:00",1,1,0],["2025-07-08T00:00:00+00:00",1,1,0],["2025-09-22T00:00:00+00:00",1,1,0]]},"geometry":{"type":"Point","coordinates":[34.417296,31.502004]}},{"type":"Feature","properties":{"site_id":26,"event_code":"CE20231007PSE","latest_date":"2025-09-22T00:00:00+00:00","latest_class":2,"pass_count":12,"h":[["2023-11-26T00:00:00+00:00",3,2,3],["2024-01-06T00:00:00+00:00",3,2,0],["2024-02-29T00:00:00+00:00",3,2,0],["2024-04-01T00:00:00+00:00",2,1,1],["2024-05-03T00:00:00+00:00",2,1,0],["2024-07-06T00:00:00+00:00",2,1,0],["2024-09-06T00:00:00+00:00",2,1,0],["2024-12-01T00:00:00+00:00",2,1,0],["2025-02-25T00:00:00+00:00",2,1,0],["2025-04-04T00:00:00+00:00",2,1,0],["2025-07-08T00:00:00+00:00",2,1,0],["2025-09-22T00:00:00+00:00",2,1,0]]},"geometry":{"type":"Point","coordinates":[34.417109,31.502113]}},{"type":"Feature","properties":{"site_id":26,"event_code":"CE20231007PSE","latest_date":"2025-09-22T00:00:00+00:00","latest_class":1,"pass_count":13,"h":[["2023-11-07T00:00:00+00:00",4,3,3],["2023-11-26T00:00:00+00:00",3,2,1],["2024-01-06T00:00:00+00:00",3,2,0],["2024-02-29T00:00:00+00:00",3,2,0],["2024-04-01T00:00:00+00:00",1,1,1],["2024-05-03T00:00:00+00:00",1,1,0],["2024-07-06T00:00:00+00:00",1,1,0],["2024-09-06T00:00:00+00:00",1,1,0],["2024-12-01T00:00:00+00:00",1,1,0],["2025-02-25T00:00:00+00:00",1,1,0],["2025-04-04T00:00:00+00:00",1,1,0],["2025-07-08T00:00:00+00:00",1,1,0],["2025-09-22T00:00:00+00:00",1,1,0]]},"geometry":{"type":"Point","coordinates":[34.416895,31.502276]}},{"type":"Feature","properties":{"site_id":26,"event_code":"CE20231007PSE","latest_date":"2025-09-22T00:00:00+00:00","latest_class":2,"pass_count":13,"h":[["2023-11-07T00:00:00+00:00",4,3,3],["2023-11-26T00:00:00+00:00",3,2,1],["2024-01-06T00:00:00+00:00",3,2,0],["2024-02-29T00:00:00+00:00",3,2,0],["2024-04-01T00:00:00+00:00",2,1,1],["2024-05-03T00:00:00+00:00",2,1,0],["2024-07-06T00:00:00+00:00",2,1,0],["2024-09-06T00:00:00+00:00",2,1,0],["2024-12-01T00:00:00+00:00",2,1,0],["2025-02-25T00:00:00+00:00",2,1,0],["2025-04-04T00:00:00+00:00",2,1,0],["2025-07-08T00:00:00+00:00",2,1,0],["2025-09-22T00:00:00+00:00",2,1,0]]},"geometry":{"type":"Point","coordinates":[34.416802,31.502451]}},{"type":"Feature","properties":{"site_id":26,"event_code":"CE20231007PSE","latest_date":"2025-09-22T00:00:00+00:00","latest_class":2,"pass_count":12,"h":[["2023-11-26T00:00:00+00:00",2,1,3],["2024-01-06T00:00:00+00:00",2,1,0],["2024-02-29T00:00:00+00:00",2,1,0],["2024-04-01T00:00:00+00:00",2,1,0],["2024-05-03T00:00:00+00:00",2,1,0],["2024-07-06T00:00:00+00:00",2,1,0],["2024-09-06T00:00:00+00:00",2,1,0],["2024-12-01T00:00:00+00:00",2,1,0],["2025-02-25T00:00:00+00:00",2,1,0],["2025-04-04T00:00:00+00:00",2,1,0],["2025-07-08T00:00:00+00:00",2,1,0],["2025-09-22T00:00:00+00:00",2,1,0]]},"geometry":{"type":"Point","coordinates":[34.416408,31.502606]}},{"type":"Feature","properties":{"site_id":26,"event_code":"CE20231007PSE","latest_date":"2025-09-22T00:00:00+00:00","latest_class":2,"pass_count":12,"h":[["2023-11-26T00:00:00+00:00",2,1,3],["2024-01-06T00:00:00+00:00",2,1,0],["2024-02-29T00:00:00+00:00",2,1,0],["2024-04-01T00:00:00+00:00",2,1,0],["2024-05-03T00:00:00+00:00",2,1,0],["2024-07-06T00:00:00+00:00",2,1,0],["2024-09-06T00:00:00+00:00",2,1,0],["2024-12-01T00:00:00+00:00",2,1,0],["2025-02-25T00:00:00+00:00",2,1,0],["2025-04-04T00:00:00+00:00",2,1,0],["2025-07-08T00:00:00+00:00",2,1,0],["2025-09-22T00:00:00+00:00",2,1,0]]},"geometry":{"type":"Point","coordinates":[34.416466,31.502675]}},{"type":"Feature","properties":{"site_id":26,"event_code":"CE20231007PSE","latest_date":"2025-09-22T00:00:00+00:00","latest_class":1,"pass_count":12,"h":[["2023-11-26T00:00:00+00:00",3,2,3],["2024-01-06T00:00:00+00:00",3,2,0],["2024-02-29T00:00:00+00:00",3,2,0],["2024-04-01T00:00:00+00:00",1,1,1],["2024-05-03T00:00:00+00:00",1,1,0],["2024-07-06T00:00:00+00:00",1,1,0],["2024-09-06T00:00:00+00:00",1,1,0],["2024-12-01T00:00:00+00:00",1,1,0],["2025-02-25T00:00:00+00:00",1,1,0],["2025-04-04T00:00:00+00:00",1,1,0],["2025-07-08T00:00:00+00:00",1,1,0],["2025-09-22T00:00:00+00:00",1,1,0]]},"geometry":{"type":"Point","coordinates":[34.416554,31.502766]}},{"type":"Feature","properties":{"site_id":26,"event_code":"CE20231007PSE","latest_date":"2025-09-22T00:00:00+00:00","latest_class":1,"pass_count":12,"h":[["2023-11-26T00:00:00+00:00",3,2,3],["2024-01-06T00:00:00+00:00",3,2,0],["2024-02-29T00:00:00+00:00",3,2,0],["2024-04-01T00:00:00+00:00",1,1,1],["2024-05-03T00:00:00+00:00",1,1,0],["2024-07-06T00:00:00+00:00",1,1,0],["2024-09-06T00:00:00+00:00",1,1,0],["2024-12-01T00:00:00+00:00",1,1,0],["2025-02-25T00:00:00+00:00",1,1,0],["2025-04-04T00:00:00+00:00",1,1,0],["2025-07-08T00:00:00+00:00",1,1,0],["2025-09-22T00:00:00+00:00",1,1,0]]},"geometry":{"type":"Point","coordinates":[34.416451,31.501876]}},{"type":"Feature","properties":{"site_id":26,"event_code":"CE20231007PSE","latest_date":"2025-09-22T00:00:00+00:00","latest_class":1,"pass_count":12,"h":[["2023-11-26T00:00:00+00:00",3,2,3],["2024-01-06T00:00:00+00:00",3,2,0],["2024-02-29T00:00:00+00:00",3,2,0],["2024-04-01T00:00:00+00:00",1,1,1],["2024-05-03T00:00:00+00:00",1,1,0],["2024-07-06T00:00:00+00:00",1,1,0],["2024-09-06T00:00:00+00:00",1,1,0],["2024-12-01T00:00:00+00:00",1,1,0],["2025-02-25T00:00:00+00:00",1,1,0],["2025-04-04T00:00:00+00:00",1,1,0],["2025-07-08T00:00:00+00:00",1,1,0],["2025-09-22T00:00:00+00:00",1,1,0]]},"geometry":{"type":"Point","coordinates":[34.416359,31.501943]}},{"type":"Feature","properties":{"site_id":26,"event_code":"CE20231007PSE","latest_date":"2025-09-22T00:00:00+00:00","latest_class":1,"pass_count":12,"h":[["2023-11-26T00:00:00+00:00",3,2,3],["2024-01-06T00:00:00+00:00",3,2,0],["2024-02-29T00:00:00+00:00",1,1,1],["2024-04-01T00:00:00+00:00",1,1,0],["2024-05-03T00:00:00+00:00",1,1,0],["2024-07-06T00:00:00+00:00",1,1,0],["2024-09-06T00:00:00+00:00",1,1,0],["2024-12-01T00:00:00+00:00",1,1,0],["2025-02-25T00:00:00+00:00",1,1,0],["2025-04-04T00:00:00+00:00",1,1,0],["2025-07-08T00:00:00+00:00",1,1,0],["2025-09-22T00:00:00+00:00",1,1,0]]},"geometry":{"type":"Point","coordinates":[34.416166,31.502025]}},{"type":"Feature","properties":{"site_id":26,"event_code":"CE20231007PSE","latest_date":"2025-09-22T00:00:00+00:00","latest_class":2,"pass_count":12,"h":[["2023-11-26T00:00:00+00:00",3,2,3],["2024-01-06T00:00:00+00:00",3,2,0],["2024-02-29T00:00:00+00:00",3,2,0],["2024-04-01T00:00:00+00:00",2,1,1],["2024-05-03T00:00:00+00:00",2,1,0],["2024-07-06T00:00:00+00:00",2,1,0],["2024-09-06T00:00:00+00:00",2,1,0],["2024-12-01T00:00:00+00:00",2,1,0],["2025-02-25T00:00:00+00:00",2,1,0],["2025-04-04T00:00:00+00:00",2,1,0],["2025-07-08T00:00:00+00:00",2,1,0],["2025-09-22T00:00:00+00:00",2,1,0]]},"geometry":{"type":"Point","coordinates":[34.416581,31.501976]}},{"type":"Feature","properties":{"site_id":26,"event_code":"CE20231007PSE","latest_date":"2025-09-22T00:00:00+00:00","latest_class":1,"pass_count":12,"h":[["2023-11-26T00:00:00+00:00",3,2,3],["2024-01-06T00:00:00+00:00",3,2,0],["2024-02-29T00:00:00+00:00",3,2,0],["2024-04-01T00:00:00+00:00",2,1,1],["2024-05-03T00:00:00+00:00",2,1,0],["2024-07-06T00:00:00+00:00",2,1,0],["2024-09-06T00:00:00+00:00",1,1,1],["2024-12-01T00:00:00+00:00",1,1,0],["2025-02-25T00:00:00+00:00",1,1,0],["2025-04-04T00:00:00+00:00",1,1,0],["2025-07-08T00:00:00+00:00",1,1,0],["2025-09-22T00:00:00+00:00",1,1,0]]},"geometry":{"type":"Point","coordinates":[34.416393,31.502094]}},{"type":"Feature","properties":{"site_id":26,"event_code":"CE20231007PSE","latest_date":"2025-09-22T00:00:00+00:00","latest_class":1,"pass_count":12,"h":[["2023-11-26T00:00:00+00:00",3,2,3],["2024-01-06T00:00:00+00:00",3,2,0],["2024-02-29T00:00:00+00:00",3,2,0],["2024-04-01T00:00:00+00:00",1,1,1],["2024-05-03T00:00:00+00:00",1,1,0],["2024-07-06T00:00:00+00:00",1,1,0],["2024-09-06T00:00:00+00:00",1,1,0],["2024-12-01T00:00:00+00:00",1,1,0],["2025-02-25T00:00:00+00:00",1,1,0],["2025-04-04T00:00:00+00:00",1,1,0],["2025-07-08T00:00:00+00:00",1,1,0],["2025-09-22T00:00:00+00:00",1,1,0]]},"geometry":{"type":"Point","coordinates":[34.416525,31.502194]}},{"type":"Feature","properties":{"site_id":26,"event_code":"CE20231007PSE","latest_date":"2025-09-22T00:00:00+00:00","latest_class":2,"pass_count":13,"h":[["2023-11-07T00:00:00+00:00",4,3,3],["2023-11-26T00:00:00+00:00",3,2,1],["2024-01-06T00:00:00+00:00",3,2,0],["2024-02-29T00:00:00+00:00",3,2,0],["2024-04-01T00:00:00+00:00",2,1,1],["2024-05-03T00:00:00+00:00",2,1,0],["2024-07-06T00:00:00+00:00",2,1,0],["2024-09-06T00:00:00+00:00",2,1,0],["2024-12-01T00:00:00+00:00",2,1,0],["2025-02-25T00:00:00+00:00",2,1,0],["2025-04-04T00:00:00+00:00",2,1,0],["2025-07-08T00:00:00+00:00",2,1,0],["2025-09-22T00:00:00+00:00",2,1,0]]},"geometry":{"type":"Point","coordinates":[34.41675,31.502121]}},{"type":"Feature","properties":{"site_id":26,"event_code":"CE20231007PSE","latest_date":"2025-09-22T00:00:00+00:00","latest_class":1,"pass_count":12,"h":[["2023-11-26T00:00:00+00:00",3,2,3],["2024-01-06T00:00:00+00:00",1,1,1],["2024-02-29T00:00:00+00:00",1,1,0],["2024-04-01T00:00:00+00:00",1,1,0],["2024-05-03T00:00:00+00:00",1,1,0],["2024-07-06T00:00:00+00:00",1,1,0],["2024-09-06T00:00:00+00:00",1,1,0],["2024-12-01T00:00:00+00:00",1,1,0],["2025-02-25T00:00:00+00:00",1,1,0],["2025-04-04T00:00:00+00:00",1,1,0],["2025-07-08T00:00:00+00:00",1,1,0],["2025-09-22T00:00:00+00:00",1,1,0]]},"geometry":{"type":"Point","coordinates":[34.415931,31.5025]}},{"type":"Feature","properties":{"site_id":26,"event_code":"CE20231007PSE","latest_date":"2025-09-22T00:00:00+00:00","latest_class":1,"pass_count":12,"h":[["2023-11-26T00:00:00+00:00",3,2,3],["2024-01-06T00:00:00+00:00",3,2,0],["2024-02-29T00:00:00+00:00",1,1,1],["2024-04-01T00:00:00+00:00",1,1,0],["2024-05-03T00:00:00+00:00",1,1,0],["2024-07-06T00:00:00+00:00",1,1,0],["2024-09-06T00:00:00+00:00",1,1,0],["2024-12-01T00:00:00+00:00",1,1,0],["2025-02-25T00:00:00+00:00",1,1,0],["2025-04-04T00:00:00+00:00",1,1,0],["2025-07-08T00:00:00+00:00",1,1,0],["2025-09-22T00:00:00+00:00",1,1,0]]},"geometry":{"type":"Point","coordinates":[34.41611,31.502648]}},{"type":"Feature","properties":{"site_id":26,"event_code":"CE20231007PSE","latest_date":"2025-09-22T00:00:00+00:00","latest_class":1,"pass_count":12,"h":[["2023-11-26T00:00:00+00:00",3,2,3],["2024-01-06T00:00:00+00:00",1,1,1],["2024-02-29T00:00:00+00:00",1,1,0],["2024-04-01T00:00:00+00:00",1,1,0],["2024-05-03T00:00:00+00:00",1,1,0],["2024-07-06T00:00:00+00:00",1,1,0],["2024-09-06T00:00:00+00:00",1,1,0],["2024-12-01T00:00:00+00:00",1,1,0],["2025-02-25T00:00:00+00:00",1,1,0],["2025-04-04T00:00:00+00:00",1,1,0],["2025-07-08T00:00:00+00:00",1,1,0],["2025-09-22T00:00:00+00:00",1,1,0]]},"geometry":{"type":"Point","coordinates":[34.416219,31.502853]}},{"type":"Feature","properties":{"site_id":26,"event_code":"CE20231007PSE","latest_date":"2025-09-22T00:00:00+00:00","latest_class":1,"pass_count":12,"h":[["2023-11-26T00:00:00+00:00",3,2,3],["2024-01-06T00:00:00+00:00",1,1,1],["2024-02-29T00:00:00+00:00",1,1,0],["2024-04-01T00:00:00+00:00",1,1,0],["2024-05-03T00:00:00+00:00",1,1,0],["2024-07-06T00:00:00+00:00",1,1,0],["2024-09-06T00:00:00+00:00",1,1,0],["2024-12-01T00:00:00+00:00",1,1,0],["2025-02-25T00:00:00+00:00",1,1,0],["2025-04-04T00:00:00+00:00",1,1,0],["2025-07-08T00:00:00+00:00",1,1,0],["2025-09-22T00:00:00+00:00",1,1,0]]},"geometry":{"type":"Point","coordinates":[34.415455,31.502706]}},{"type":"Feature","properties":{"site_id":26,"event_code":"CE20231007PSE","latest_date":"2025-09-22T00:00:00+00:00","latest_class":1,"pass_count":13,"h":[["2023-11-07T00:00:00+00:00",4,3,3],["2023-11-26T00:00:00+00:00",3,2,1],["2024-01-06T00:00:00+00:00",1,1,1],["2024-02-29T00:00:00+00:00",1,1,0],["2024-04-01T00:00:00+00:00",1,1,0],["2024-05-03T00:00:00+00:00",1,1,0],["2024-07-06T00:00:00+00:00",1,1,0],["2024-09-06T00:00:00+00:00",1,1,0],["2024-12-01T00:00:00+00:00",1,1,0],["2025-02-25T00:00:00+00:00",1,1,0],["2025-04-04T00:00:00+00:00",1,1,0],["2025-07-08T00:00:00+00:00",1,1,0],["2025-09-22T00:00:00+00:00",1,1,0]]},"geometry":{"type":"Point","coordinates":[34.415495,31.503183]}},{"type":"Feature","properties":{"site_id":26,"event_code":"CE20231007PSE","latest_date":"2025-09-22T00:00:00+00:00","latest_class":2,"pass_count":13,"h":[["2023-11-07T00:00:00+00:00",4,3,3],["2023-11-26T00:00:00+00:00",2,1,1],["2024-01-06T00:00:00+00:00",2,1,0],["2024-02-29T00:00:00+00:00",2,1,0],["2024-04-01T00:00:00+00:00",2,1,0],["2024-05-03T00:00:00+00:00",2,1,0],["2024-07-06T00:00:00+00:00",2,1,0],["2024-09-06T00:00:00+00:00",2,1,0],["2024-12-01T00:00:00+00:00",2,1,0],["2025-02-25T00:00:00+00:00",2,1,0],["2025-04-04T00:00:00+00:00",2,1,0],["2025-07-08T00:00:00+00:00",2,1,0],["2025-09-22T00:00:00+00:00",2,1,0]]},"geometry":{"type":"Point","coordinates":[34.416659,31.501641]}},{"type":"Feature","properties":{"site_id":26,"event_code":"CE20231007PSE","latest_date":"2025-09-22T00:00:00+00:00","latest_class":1,"pass_count":12,"h":[["2023-11-26T00:00:00+00:00",3,2,3],["2024-01-06T00:00:00+00:00",3,2,0],["2024-02-29T00:00:00+00:00",3,2,0],["2024-04-01T00:00:00+00:00",1,1,1],["2024-05-03T00:00:00+00:00",1,1,0],["2024-07-06T00:00:00+00:00",1,1,0],["2024-09-06T00:00:00+00:00",1,1,0],["2024-12-01T00:00:00+00:00",1,1,0],["2025-02-25T00:00:00+00:00",1,1,0],["2025-04-04T00:00:00+00:00",1,1,0],["2025-07-08T00:00:00+00:00",1,1,0],["2025-09-22T00:00:00+00:00",1,1,0]]},"geometry":{"type":"Point","coordinates":[34.416873,31.501537]}},{"type":"Feature","properties":{"site_id":26,"event_code":"CE20231007PSE","latest_date":"2025-09-22T00:00:00+00:00","latest_class":1,"pass_count":12,"h":[["2023-11-26T00:00:00+00:00",2,1,3],["2024-01-06T00:00:00+00:00",2,1,0],["2024-02-29T00:00:00+00:00",2,1,0],["2024-04-01T00:00:00+00:00",2,1,0],["2024-05-03T00:00:00+00:00",2,1,0],["2024-07-06T00:00:00+00:00",2,1,0],["2024-09-06T00:00:00+00:00",2,1,0],["2024-12-01T00:00:00+00:00",1,1,1],["2025-02-25T00:00:00+00:00",1,1,0],["2025-04-04T00:00:00+00:00",1,1,0],["2025-07-08T00:00:00+00:00",1,1,0],["2025-09-22T00:00:00+00:00",1,1,0]]},"geometry":{"type":"Point","coordinates":[34.419984,31.498808]}},{"type":"Feature","properties":{"site_id":26,"event_code":"CE20231007PSE","latest_date":"2025-09-22T00:00:00+00:00","latest_class":1,"pass_count":12,"h":[["2023-11-26T00:00:00+00:00",2,1,3],["2024-01-06T00:00:00+00:00",2,1,0],["2024-02-29T00:00:00+00:00",1,1,1],["2024-04-01T00:00:00+00:00",1,1,0],["2024-05-03T00:00:00+00:00",1,1,0],["2024-07-06T00:00:00+00:00",1,1,0],["2024-09-06T00:00:00+00:00",1,1,0],["2024-12-01T00:00:00+00:00",1,1,0],["2025-02-25T00:00:00+00:00",1,1,0],["2025-04-04T00:00:00+00:00",1,1,0],["2025-07-08T00:00:00+00:00",1,1,0],["2025-09-22T00:00:00+00:00",1,1,0]]},"geometry":{"type":"Point","coordinates":[34.42004,31.498512]}},{"type":"Feature","properties":{"site_id":26,"event_code":"CE20231007PSE","latest_date":"2025-09-22T00:00:00+00:00","latest_class":1,"pass_count":13,"h":[["2023-11-07T00:00:00+00:00",4,3,3],["2023-11-26T00:00:00+00:00",3,2,1],["2024-01-06T00:00:00+00:00",3,2,0],["2024-02-29T00:00:00+00:00",3,2,0],["2024-04-01T00:00:00+00:00",3,2,0],["2024-05-03T00:00:00+00:00",3,2,0],["2024-07-06T00:00:00+00:00",1,1,1],["2024-09-06T00:00:00+00:00",1,1,0],["2024-12-01T00:00:00+00:00",1,1,0],["2025-02-25T00:00:00+00:00",1,1,0],["2025-04-04T00:00:00+00:00",1,1,0],["2025-07-08T00:00:00+00:00",1,1,0],["2025-09-22T00:00:00+00:00",1,1,0]]},"geometry":{"type":"Point","coordinates":[34.420168,31.498601]}},{"type":"Feature","properties":{"site_id":26,"event_code":"CE20231007PSE","latest_date":"2025-09-22T00:00:00+00:00","latest_class":1,"pass_count":13,"h":[["2023-11-07T00:00:00+00:00",4,3,3],["2023-11-26T00:00:00+00:00",3,2,1],["2024-01-06T00:00:00+00:00",3,2,0],["2024-02-29T00:00:00+00:00",3,2,0],["2024-04-01T00:00:00+00:00",3,2,0],["2024-05-03T00:00:00+00:00",3,2,0],["2024-07-06T00:00:00+00:00",3,2,0],["2024-09-06T00:00:00+00:00",3,2,0],["2024-12-01T00:00:00+00:00",1,1,1],["2025-02-25T00:00:00+00:00",1,1,0],["2025-04-04T00:00:00+00:00",1,1,0],["2025-07-08T00:00:00+00:00",1,1,0],["2025-09-22T00:00:00+00:00",1,1,0]]},"geometry":{"type":"Point","coordinates":[34.420369,31.498952]}},{"type":"Feature","properties":{"site_id":26,"event_code":"CE20231007PSE","latest_date":"2025-09-22T00:00:00+00:00","latest_class":1,"pass_count":13,"h":[["2023-11-07T00:00:00+00:00",4,3,3],["2023-11-26T00:00:00+00:00",3,2,1],["2024-01-06T00:00:00+00:00",3,2,0],["2024-02-29T00:00:00+00:00",3,2,0],["2024-04-01T00:00:00+00:00",3,2,0],["2024-05-03T00:00:00+00:00",3,2,0],["2024-07-06T00:00:00+00:00",3,2,0],["2024-09-06T00:00:00+00:00",3,2,0],["2024-12-01T00:00:00+00:00",1,1,1],["2025-02-25T00:00:00+00:00",1,1,0],["2025-04-04T00:00:00+00:00",1,1,0],["2025-07-08T00:00:00+00:00",1,1,0],["2025-09-22T00:00:00+00:00",1,1,0]]},"geometry":{"type":"Point","coordinates":[34.420209,31.498963]}},{"type":"Feature","properties":{"site_id":26,"event_code":"CE20231007PSE","latest_date":"2025-09-22T00:00:00+00:00","latest_class":1,"pass_count":12,"h":[["2023-11-26T00:00:00+00:00",3,2,3],["2024-01-06T00:00:00+00:00",2,1,1],["2024-02-29T00:00:00+00:00",2,1,0],["2024-04-01T00:00:00+00:00",2,1,0],["2024-05-03T00:00:00+00:00",2,1,0],["2024-07-06T00:00:00+00:00",2,1,0],["2024-09-06T00:00:00+00:00",2,1,0],["2024-12-01T00:00:00+00:00",1,1,1],["2025-02-25T00:00:00+00:00",1,1,0],["2025-04-04T00:00:00+00:00",1,1,0],["2025-07-08T00:00:00+00:00",1,1,0],["2025-09-22T00:00:00+00:00",1,1,0]]},"geometry":{"type":"Point","coordinates":[34.420078,31.498069]}},{"type":"Feature","properties":{"site_id":26,"event_code":"CE20231007PSE","latest_date":"2025-09-22T00:00:00+00:00","latest_class":1,"pass_count":12,"h":[["2023-11-26T00:00:00+00:00",1,1,3],["2024-01-06T00:00:00+00:00",1,1,0],["2024-02-29T00:00:00+00:00",1,1,0],["2024-04-01T00:00:00+00:00",1,1,0],["2024-05-03T00:00:00+00:00",1,1,0],["2024-07-06T00:00:00+00:00",1,1,0],["2024-09-06T00:00:00+00:00",1,1,0],["2024-12-01T00:00:00+00:00",1,1,0],["2025-02-25T00:00:00+00:00",1,1,0],["2025-04-04T00:00:00+00:00",1,1,0],["2025-07-08T00:00:00+00:00",1,1,0],["2025-09-22T00:00:00+00:00",1,1,0]]},"geometry":{"type":"Point","coordinates":[34.421123,31.497275]}},{"type":"Feature","properties":{"site_id":26,"event_code":"CE20231007PSE","latest_date":"2025-09-22T00:00:00+00:00","latest_class":1,"pass_count":12,"h":[["2023-11-26T00:00:00+00:00",4,3,3],["2024-01-06T00:00:00+00:00",1,1,1],["2024-02-29T00:00:00+00:00",1,1,0],["2024-04-01T00:00:00+00:00",1,1,0],["2024-05-03T00:00:00+00:00",1,1,0],["2024-07-06T00:00:00+00:00",1,1,0],["2024-09-06T00:00:00+00:00",1,1,0],["2024-12-01T00:00:00+00:00",1,1,0],["2025-02-25T00:00:00+00:00",1,1,0],["2025-04-04T00:00:00+00:00",1,1,0],["2025-07-08T00:00:00+00:00",1,1,0],["2025-09-22T00:00:00+00:00",1,1,0]]},"geometry":{"type":"Point","coordinates":[34.415809,31.503031]}},{"type":"Feature","properties":{"site_id":26,"event_code":"CE20231007PSE","latest_date":"2025-09-22T00:00:00+00:00","latest_class":1,"pass_count":12,"h":[["2023-11-26T00:00:00+00:00",4,3,3],["2024-01-06T00:00:00+00:00",3,2,1],["2024-02-29T00:00:00+00:00",1,1,1],["2024-04-01T00:00:00+00:00",1,1,0],["2024-05-03T00:00:00+00:00",1,1,0],["2024-07-06T00:00:00+00:00",1,1,0],["2024-09-06T00:00:00+00:00",1,1,0],["2024-12-01T00:00:00+00:00",1,1,0],["2025-02-25T00:00:00+00:00",1,1,0],["2025-04-04T00:00:00+00:00",1,1,0],["2025-07-08T00:00:00+00:00",1,1,0],["2025-09-22T00:00:00+00:00",1,1,0]]},"geometry":{"type":"Point","coordinates":[34.416038,31.502959]}},{"type":"Feature","properties":{"site_id":26,"event_code":"CE20231007PSE","latest_date":"2025-09-22T00:00:00+00:00","latest_class":1,"pass_count":11,"h":[["2024-01-06T00:00:00+00:00",2,1,3],["2024-02-29T00:00:00+00:00",2,1,0],["2024-04-01T00:00:00+00:00",2,1,0],["2024-05-03T00:00:00+00:00",2,1,0],["2024-07-06T00:00:00+00:00",2,1,0],["2024-09-06T00:00:00+00:00",2,1,0],["2024-12-01T00:00:00+00:00",1,1,1],["2025-02-25T00:00:00+00:00",1,1,0],["2025-04-04T00:00:00+00:00",1,1,0],["2025-07-08T00:00:00+00:00",1,1,0],["2025-09-22T00:00:00+00:00",1,1,0]]},"geometry":{"type":"Point","coordinates":[34.417346,31.504051]}},{"type":"Feature","properties":{"site_id":26,"event_code":"CE20231007PSE","latest_date":"2025-09-22T00:00:00+00:00","latest_class":1,"pass_count":11,"h":[["2024-01-06T00:00:00+00:00",1,1,3],["2024-02-29T00:00:00+00:00",1,1,0],["2024-04-01T00:00:00+00:00",1,1,0],["2024-05-03T00:00:00+00:00",1,1,0],["2024-07-06T00:00:00+00:00",1,1,0],["2024-09-06T00:00:00+00:00",1,1,0],["2024-12-01T00:00:00+00:00",1,1,0],["2025-02-25T00:00:00+00:00",1,1,0],["2025-04-04T00:00:00+00:00",1,1,0],["2025-07-08T00:00:00+00:00",1,1,0],["2025-09-22T00:00:00+00:00",1,1,0]]},"geometry":{"type":"Point","coordinates":[34.417236,31.503925]}},{"type":"Feature","properties":{"site_id":26,"event_code":"CE20231007PSE","latest_date":"2025-09-22T00:00:00+00:00","latest_class":1,"pass_count":11,"h":[["2024-01-06T00:00:00+00:00",3,2,3],["2024-02-29T00:00:00+00:00",3,2,0],["2024-04-01T00:00:00+00:00",3,2,0],["2024-05-03T00:00:00+00:00",3,2,0],["2024-07-06T00:00:00+00:00",3,2,0],["2024-09-06T00:00:00+00:00",3,2,0],["2024-12-01T00:00:00+00:00",1,1,1],["2025-02-25T00:00:00+00:00",1,1,0],["2025-04-04T00:00:00+00:00",1,1,0],["2025-07-08T00:00:00+00:00",1,1,0],["2025-09-22T00:00:00+00:00",1,1,0]]},"geometry":{"type":"Point","coordinates":[34.41752,31.503922]}},{"type":"Feature","properties":{"site_id":26,"event_code":"CE20231007PSE","latest_date":"2025-09-22T00:00:00+00:00","latest_class":1,"pass_count":11,"h":[["2024-01-06T00:00:00+00:00",3,2,3],["2024-02-29T00:00:00+00:00",1,1,1],["2024-04-01T00:00:00+00:00",1,1,0],["2024-05-03T00:00:00+00:00",1,1,0],["2024-07-06T00:00:00+00:00",1,1,0],["2024-09-06T00:00:00+00:00",1,1,0],["2024-12-01T00:00:00+00:00",1,1,0],["2025-02-25T00:00:00+00:00",1,1,0],["2025-04-04T00:00:00+00:00",1,1,0],["2025-07-08T00:00:00+00:00",1,1,0],["2025-09-22T00:00:00+00:00",1,1,0]]},"geometry":{"type":"Point","coordinates":[34.417403,31.503813]}},{"type":"Feature","properties":{"site_id":26,"event_code":"CE20231007PSE","latest_date":"2025-09-22T00:00:00+00:00","latest_class":1,"pass_count":12,"h":[["2023-11-26T00:00:00+00:00",4,3,3],["2024-01-06T00:00:00+00:00",3,2,1],["2024-02-29T00:00:00+00:00",1,1,1],["2024-04-01T00:00:00+00:00",1,1,0],["2024-05-03T00:00:00+00:00",1,1,0],["2024-07-06T00:00:00+00:00",1,1,0],["2024-09-06T00:00:00+00:00",1,1,0],["2024-12-01T00:00:00+00:00",1,1,0],["2025-02-25T00:00:00+00:00",1,1,0],["2025-04-04T00:00:00+00:00",1,1,0],["2025-07-08T00:00:00+00:00",1,1,0],["2025-09-22T00:00:00+00:00",1,1,0]]},"geometry":{"type":"Point","coordinates":[34.416575,31.503631]}},{"type":"Feature","properties":{"site_id":26,"event_code":"CE20231007PSE","latest_date":"2025-09-22T00:00:00+00:00","latest_class":1,"pass_count":11,"h":[["2024-01-06T00:00:00+00:00",3,2,3],["2024-02-29T00:00:00+00:00",1,1,1],["2024-04-01T00:00:00+00:00",1,1,0],["2024-05-03T00:00:00+00:00",1,1,0],["2024-07-06T00:00:00+00:00",1,1,0],["2024-09-06T00:00:00+00:00",1,1,0],["2024-12-01T00:00:00+00:00",1,1,0],["2025-02-25T00:00:00+00:00",1,1,0],["2025-04-04T00:00:00+00:00",1,1,0],["2025-07-08T00:00:00+00:00",1,1,0],["2025-09-22T00:00:00+00:00",1,1,0]]},"geometry":{"type":"Point","coordinates":[34.416749,31.503496]}},{"type":"Feature","properties":{"site_id":26,"event_code":"CE20231007PSE","latest_date":"2025-09-22T00:00:00+00:00","latest_class":2,"pass_count":13,"h":[["2023-11-07T00:00:00+00:00",4,3,3],["2023-11-26T00:00:00+00:00",4,3,0],["2024-01-06T00:00:00+00:00",3,2,1],["2024-02-29T00:00:00+00:00",3,2,0],["2024-04-01T00:00:00+00:00",3,2,0],["2024-05-03T00:00:00+00:00",3,2,0],["2024-07-06T00:00:00+00:00",3,2,0],["2024-09-06T00:00:00+00:00",2,2,1],["2024-12-01T00:00:00+00:00",2,2,0],["2025-02-25T00:00:00+00:00",2,2,0],["2025-04-04T00:00:00+00:00",2,2,0],["2025-07-08T00:00:00+00:00",2,2,0],["2025-09-22T00:00:00+00:00",2,2,0]]},"geometry":{"type":"Point","coordinates":[34.417077,31.502786]}},{"type":"Feature","properties":{"site_id":26,"event_code":"CE20231007PSE","latest_date":"2025-09-22T00:00:00+00:00","latest_class":2,"pass_count":11,"h":[["2024-01-06T00:00:00+00:00",3,2,3],["2024-02-29T00:00:00+00:00",3,2,0],["2024-04-01T00:00:00+00:00",3,2,0],["2024-05-03T00:00:00+00:00",3,2,0],["2024-07-06T00:00:00+00:00",3,2,0],["2024-09-06T00:00:00+00:00",2,2,1],["2024-12-01T00:00:00+00:00",2,2,0],["2025-02-25T00:00:00+00:00",2,2,0],["2025-04-04T00:00:00+00:00",2,2,0],["2025-07-08T00:00:00+00:00",2,2,0],["2025-09-22T00:00:00+00:00",2,2,0]]},"geometry":{"type":"Point","coordinates":[34.416889,31.502886]}},{"type":"Feature","properties":{"site_id":26,"event_code":"CE20231007PSE","latest_date":"2025-09-22T00:00:00+00:00","latest_class":1,"pass_count":11,"h":[["2024-01-06T00:00:00+00:00",3,2,3],["2024-02-29T00:00:00+00:00",1,1,1],["2024-04-01T00:00:00+00:00",1,1,0],["2024-05-03T00:00:00+00:00",1,1,0],["2024-07-06T00:00:00+00:00",1,1,0],["2024-09-06T00:00:00+00:00",1,1,0],["2024-12-01T00:00:00+00:00",1,1,0],["2025-02-25T00:00:00+00:00",1,1,0],["2025-04-04T00:00:00+00:00",1,1,0],["2025-07-08T00:00:00+00:00",1,1,0],["2025-09-22T00:00:00+00:00",1,1,0]]},"geometry":{"type":"Point","coordinates":[34.416687,31.502952]}},{"type":"Feature","properties":{"site_id":26,"event_code":"CE20231007PSE","latest_date":"2025-09-22T00:00:00+00:00","latest_class":1,"pass_count":11,"h":[["2024-01-06T00:00:00+00:00",3,2,3],["2024-02-29T00:00:00+00:00",1,1,1],["2024-04-01T00:00:00+00:00",1,1,0],["2024-05-03T00:00:00+00:00",1,1,0],["2024-07-06T00:00:00+00:00",1,1,0],["2024-09-06T00:00:00+00:00",1,1,0],["2024-12-01T00:00:00+00:00",1,1,0],["2025-02-25T00:00:00+00:00",1,1,0],["2025-04-04T00:00:00+00:00",1,1,0],["2025-07-08T00:00:00+00:00",1,1,0],["2025-09-22T00:00:00+00:00",1,1,0]]},"geometry":{"type":"Point","coordinates":[34.416535,31.503168]}},{"type":"Feature","properties":{"site_id":26,"event_code":"CE20231007PSE","latest_date":"2025-09-22T00:00:00+00:00","latest_class":1,"pass_count":11,"h":[["2024-01-06T00:00:00+00:00",3,2,3],["2024-02-29T00:00:00+00:00",1,1,1],["2024-04-01T00:00:00+00:00",1,1,0],["2024-05-03T00:00:00+00:00",1,1,0],["2024-07-06T00:00:00+00:00",1,1,0],["2024-09-06T00:00:00+00:00",1,1,0],["2024-12-01T00:00:00+00:00",1,1,0],["2025-02-25T00:00:00+00:00",1,1,0],["2025-04-04T00:00:00+00:00",1,1,0],["2025-07-08T00:00:00+00:00",1,1,0],["2025-09-22T00:00:00+00:00",1,1,0]]},"geometry":{"type":"Point","coordinates":[34.416184,31.502303]}},{"type":"Feature","properties":{"site_id":26,"event_code":"CE20231007PSE","latest_date":"2025-09-22T00:00:00+00:00","latest_class":2,"pass_count":11,"h":[["2024-01-06T00:00:00+00:00",3,2,3],["2024-02-29T00:00:00+00:00",3,2,0],["2024-04-01T00:00:00+00:00",2,1,1],["2024-05-03T00:00:00+00:00",2,1,0],["2024-07-06T00:00:00+00:00",2,1,0],["2024-09-06T00:00:00+00:00",2,1,0],["2024-12-01T00:00:00+00:00",2,1,0],["2025-02-25T00:00:00+00:00",2,1,0],["2025-04-04T00:00:00+00:00",2,1,0],["2025-07-08T00:00:00+00:00",2,1,0],["2025-09-22T00:00:00+00:00",2,1,0]]},"geometry":{"type":"Point","coordinates":[34.415945,31.502155]}},{"type":"Feature","properties":{"site_id":26,"event_code":"CE20231007PSE","latest_date":"2025-09-22T00:00:00+00:00","latest_class":2,"pass_count":13,"h":[["2023-11-07T00:00:00+00:00",4,3,3],["2023-11-26T00:00:00+00:00",4,3,0],["2024-01-06T00:00:00+00:00",3,2,1],["2024-02-29T00:00:00+00:00",3,2,0],["2024-04-01T00:00:00+00:00",2,1,1],["2024-05-03T00:00:00+00:00",2,1,0],["2024-07-06T00:00:00+00:00",2,1,0],["2024-09-06T00:00:00+00:00",2,1,0],["2024-12-01T00:00:00+00:00",2,1,0],["2025-02-25T00:00:00+00:00",2,1,0],["2025-04-04T00:00:00+00:00",2,1,0],["2025-07-08T00:00:00+00:00",2,1,0],["2025-09-22T00:00:00+00:00",2,1,0]]},"geometry":{"type":"Point","coordinates":[34.416894,31.501867]}},{"type":"Feature","properties":{"site_id":26,"event_code":"CE20231007PSE","latest_date":"2025-09-22T00:00:00+00:00","latest_class":1,"pass_count":13,"h":[["2023-11-07T00:00:00+00:00",4,3,3],["2023-11-26T00:00:00+00:00",4,3,0],["2024-01-06T00:00:00+00:00",3,2,1],["2024-02-29T00:00:00+00:00",3,2,0],["2024-04-01T00:00:00+00:00",1,1,1],["2024-05-03T00:00:00+00:00",1,1,0],["2024-07-06T00:00:00+00:00",1,1,0],["2024-09-06T00:00:00+00:00",1,1,0],["2024-12-01T00:00:00+00:00",1,1,0],["2025-02-25T00:00:00+00:00",1,1,0],["2025-04-04T00:00:00+00:00",1,1,0],["2025-07-08T00:00:00+00:00",1,1,0],["2025-09-22T00:00:00+00:00",1,1,0]]},"geometry":{"type":"Point","coordinates":[34.417075,31.501772]}},{"type":"Feature","properties":{"site_id":26,"event_code":"CE20231007PSE","latest_date":"2025-09-22T00:00:00+00:00","latest_class":2,"pass_count":13,"h":[["2023-11-07T00:00:00+00:00",4,3,3],["2023-11-26T00:00:00+00:00",4,3,0],["2024-01-06T00:00:00+00:00",3,2,1],["2024-02-29T00:00:00+00:00",3,2,0],["2024-04-01T00:00:00+00:00",2,1,1],["2024-05-03T00:00:00+00:00",2,1,0],["2024-07-06T00:00:00+00:00",2,1,0],["2024-09-06T00:00:00+00:00",2,1,0],["2024-12-01T00:00:00+00:00",2,1,0],["2025-02-25T00:00:00+00:00",2,1,0],["2025-04-04T00:00:00+00:00",2,1,0],["2025-07-08T00:00:00+00:00",2,1,0],["2025-09-22T00:00:00+00:00",2,1,0]]},"geometry":{"type":"Point","coordinates":[34.417031,31.501987]}},{"type":"Feature","properties":{"site_id":26,"event_code":"CE20231007PSE","latest_date":"2025-09-22T00:00:00+00:00","latest_class":1,"pass_count":13,"h":[["2023-11-07T00:00:00+00:00",4,3,3],["2023-11-26T00:00:00+00:00",4,3,0],["2024-01-06T00:00:00+00:00",3,2,1],["2024-02-29T00:00:00+00:00",3,2,0],["2024-04-01T00:00:00+00:00",1,1,1],["2024-05-03T00:00:00+00:00",1,1,0],["2024-07-06T00:00:00+00:00",1,1,0],["2024-09-06T00:00:00+00:00",1,1,0],["2024-12-01T00:00:00+00:00",1,1,0],["2025-02-25T00:00:00+00:00",1,1,0],["2025-04-04T00:00:00+00:00",1,1,0],["2025-07-08T00:00:00+00:00",1,1,0],["2025-09-22T00:00:00+00:00",1,1,0]]},"geometry":{"type":"Point","coordinates":[34.418741,31.504644]}},{"type":"Feature","properties":{"site_id":26,"event_code":"CE20231007PSE","latest_date":"2025-09-22T00:00:00+00:00","latest_class":1,"pass_count":11,"h":[["2024-01-06T00:00:00+00:00",1,1,3],["2024-02-29T00:00:00+00:00",1,1,0],["2024-04-01T00:00:00+00:00",1,1,0],["2024-05-03T00:00:00+00:00",1,1,0],["2024-07-06T00:00:00+00:00",1,1,0],["2024-09-06T00:00:00+00:00",1,1,0],["2024-12-01T00:00:00+00:00",1,1,0],["2025-02-25T00:00:00+00:00",1,1,0],["2025-04-04T00:00:00+00:00",1,1,0],["2025-07-08T00:00:00+00:00",1,1,0],["2025-09-22T00:00:00+00:00",1,1,0]]},"geometry":{"type":"Point","coordinates":[34.420341,31.498237]}},{"type":"Feature","properties":{"site_id":26,"event_code":"CE20231007PSE","latest_date":"2025-09-22T00:00:00+00:00","latest_class":1,"pass_count":12,"h":[["2023-11-26T00:00:00+00:00",4,3,3],["2024-01-06T00:00:00+00:00",2,2,1],["2024-02-29T00:00:00+00:00",2,2,0],["2024-04-01T00:00:00+00:00",2,2,0],["2024-05-03T00:00:00+00:00",2,2,0],["2024-07-06T00:00:00+00:00",2,1,0],["2024-09-06T00:00:00+00:00",2,1,0],["2024-12-01T00:00:00+00:00",1,1,1],["2025-02-25T00:00:00+00:00",1,1,0],["2025-04-04T00:00:00+00:00",1,1,0],["2025-07-08T00:00:00+00:00",1,1,0],["2025-09-22T00:00:00+00:00",1,1,0]]},"geometry":{"type":"Point","coordinates":[34.419964,31.497911]}},{"type":"Feature","properties":{"site_id":26,"event_code":"CE20231007PSE","latest_date":"2025-09-22T00:00:00+00:00","latest_class":1,"pass_count":12,"h":[["2023-11-26T00:00:00+00:00",4,3,3],["2024-01-06T00:00:00+00:00",4,3,0],["2024-02-29T00:00:00+00:00",1,1,1],["2024-04-01T00:00:00+00:00",1,1,0],["2024-05-03T00:00:00+00:00",1,1,0],["2024-07-06T00:00:00+00:00",1,1,0],["2024-09-06T00:00:00+00:00",1,1,0],["2024-12-01T00:00:00+00:00",1,1,0],["2025-02-25T00:00:00+00:00",1,1,0],["2025-04-04T00:00:00+00:00",1,1,0],["2025-07-08T00:00:00+00:00",1,1,0],["2025-09-22T00:00:00+00:00",1,1,0]]},"geometry":{"type":"Point","coordinates":[34.417166,31.503676]}},{"type":"Feature","properties":{"site_id":26,"event_code":"CE20231007PSE","latest_date":"2025-09-22T00:00:00+00:00","latest_class":1,"pass_count":10,"h":[["2024-02-29T00:00:00+00:00",3,2,3],["2024-04-01T00:00:00+00:00",1,1,1],["2024-05-03T00:00:00+00:00",1,1,0],["2024-07-06T00:00:00+00:00",1,1,0],["2024-09-06T00:00:00+00:00",1,1,0],["2024-12-01T00:00:00+00:00",1,1,0],["2025-02-25T00:00:00+00:00",1,1,0],["2025-04-04T00:00:00+00:00",1,1,0],["2025-07-08T00:00:00+00:00",1,1,0],["2025-09-22T00:00:00+00:00",1,1,0]]},"geometry":{"type":"Point","coordinates":[34.417261,31.503424]}},{"type":"Feature","properties":{"site_id":26,"event_code":"CE20231007PSE","latest_date":"2025-09-22T00:00:00+00:00","latest_class":1,"pass_count":10,"h":[["2024-02-29T00:00:00+00:00",1,1,3],["2024-04-01T00:00:00+00:00",1,1,0],["2024-05-03T00:00:00+00:00",1,1,0],["2024-07-06T00:00:00+00:00",1,1,0],["2024-09-06T00:00:00+00:00",1,1,0],["2024-12-01T00:00:00+00:00",1,1,0],["2025-02-25T00:00:00+00:00",1,1,0],["2025-04-04T00:00:00+00:00",1,1,0],["2025-07-08T00:00:00+00:00",1,1,0],["2025-09-22T00:00:00+00:00",1,1,0]]},"geometry":{"type":"Point","coordinates":[34.416231,31.503116]}},{"type":"Feature","properties":{"site_id":26,"event_code":"CE20231007PSE","latest_date":"2025-09-22T00:00:00+00:00","latest_class":1,"pass_count":12,"h":[["2023-11-26T00:00:00+00:00",4,3,3],["2024-01-06T00:00:00+00:00",4,3,0],["2024-02-29T00:00:00+00:00",1,1,1],["2024-04-01T00:00:00+00:00",1,1,0],["2024-05-03T00:00:00+00:00",1,1,0],["2024-07-06T00:00:00+00:00",1,1,0],["2024-09-06T00:00:00+00:00",1,1,0],["2024-12-01T00:00:00+00:00",1,1,0],["2025-02-25T00:00:00+00:00",1,1,0],["2025-04-04T00:00:00+00:00",1,1,0],["2025-07-08T00:00:00+00:00",1,1,0],["2025-09-22T00:00:00+00:00",1,1,0]]},"geometry":{"type":"Point","coordinates":[34.415981,31.502722]}},{"type":"Feature","properties":{"site_id":26,"event_code":"CE20231007PSE","latest_date":"2025-09-22T00:00:00+00:00","latest_class":1,"pass_count":12,"h":[["2023-11-26T00:00:00+00:00",4,3,3],["2024-01-06T00:00:00+00:00",1,1,1],["2024-02-29T00:00:00+00:00",1,1,0],["2024-04-01T00:00:00+00:00",1,1,0],["2024-05-03T00:00:00+00:00",1,1,0],["2024-07-06T00:00:00+00:00",1,1,0],["2024-09-06T00:00:00+00:00",1,1,0],["2024-12-01T00:00:00+00:00",1,1,0],["2025-02-25T00:00:00+00:00",1,1,0],["2025-04-04T00:00:00+00:00",1,1,0],["2025-07-08T00:00:00+00:00",1,1,0],["2025-09-22T00:00:00+00:00",1,1,0]]},"geometry":{"type":"Point","coordinates":[34.416404,31.501779]}},{"type":"Feature","properties":{"site_id":26,"event_code":"CE20231007PSE","latest_date":"2025-09-22T00:00:00+00:00","latest_class":1,"pass_count":11,"h":[["2024-01-06T00:00:00+00:00",3,2,3],["2024-02-29T00:00:00+00:00",3,2,0],["2024-04-01T00:00:00+00:00",1,1,1],["2024-05-03T00:00:00+00:00",1,1,0],["2024-07-06T00:00:00+00:00",1,1,0],["2024-09-06T00:00:00+00:00",1,1,0],["2024-12-01T00:00:00+00:00",1,1,0],["2025-02-25T00:00:00+00:00",1,1,0],["2025-04-04T00:00:00+00:00",1,1,0],["2025-07-08T00:00:00+00:00",1,1,0],["2025-09-22T00:00:00+00:00",1,1,0]]},"geometry":{"type":"Point","coordinates":[34.416299,31.501863]}},{"type":"Feature","properties":{"site_id":26,"event_code":"CE20231007PSE","latest_date":"2025-09-22T00:00:00+00:00","latest_class":1,"pass_count":10,"h":[["2024-02-29T00:00:00+00:00",2,1,3],["2024-04-01T00:00:00+00:00",1,1,1],["2024-05-03T00:00:00+00:00",1,1,0],["2024-07-06T00:00:00+00:00",1,1,0],["2024-09-06T00:00:00+00:00",1,1,0],["2024-12-01T00:00:00+00:00",1,1,0],["2025-02-25T00:00:00+00:00",1,1,0],["2025-04-04T00:00:00+00:00",1,1,0],["2025-07-08T00:00:00+00:00",1,1,0],["2025-09-22T00:00:00+00:00",1,1,0]]},"geometry":{"type":"Point","coordinates":[34.417193,31.503137]}},{"type":"Feature","properties":{"site_id":26,"event_code":"CE20231007PSE","latest_date":"2025-09-22T00:00:00+00:00","latest_class":1,"pass_count":13,"h":[["2023-11-07T00:00:00+00:00",4,3,3],["2023-11-26T00:00:00+00:00",4,3,0],["2024-01-06T00:00:00+00:00",4,3,0],["2024-02-29T00:00:00+00:00",1,1,1],["2024-04-01T00:00:00+00:00",1,1,0],["2024-05-03T00:00:00+00:00",1,1,0],["2024-07-06T00:00:00+00:00",1,1,0],["2024-09-06T00:00:00+00:00",1,1,0],["2024-12-01T00:00:00+00:00",1,1,0],["2025-02-25T00:00:00+00:00",1,1,0],["2025-04-04T00:00:00+00:00",1,1,0],["2025-07-08T00:00:00+00:00",1,1,0],["2025-09-22T00:00:00+00:00",1,1,0]]},"geometry":{"type":"Point","coordinates":[34.418459,31.504439]}},{"type":"Feature","properties":{"site_id":26,"event_code":"CE20231007PSE","latest_date":"2025-09-22T00:00:00+00:00","latest_class":1,"pass_count":10,"h":[["2024-02-29T00:00:00+00:00",3,2,3],["2024-04-01T00:00:00+00:00",3,2,0],["2024-05-03T00:00:00+00:00",3,2,0],["2024-07-06T00:00:00+00:00",3,2,0],["2024-09-06T00:00:00+00:00",3,2,0],["2024-12-01T00:00:00+00:00",3,2,0],["2025-02-25T00:00:00+00:00",1,1,1],["2025-04-04T00:00:00+00:00",1,1,0],["2025-07-08T00:00:00+00:00",1,1,0],["2025-09-22T00:00:00+00:00",1,1,0]]},"geometry":{"type":"Point","coordinates":[34.418378,31.504621]}},{"type":"Feature","properties":{"site_id":26,"event_code":"CE20231007PSE","latest_date":"2025-09-22T00:00:00+00:00","latest_class":1,"pass_count":13,"h":[["2023-11-07T00:00:00+00:00",4,3,3],["2023-11-26T00:00:00+00:00",4,3,0],["2024-01-06T00:00:00+00:00",4,3,0],["2024-02-29T00:00:00+00:00",4,3,0],["2024-04-01T00:00:00+00:00",1,1,1],["2024-05-03T00:00:00+00:00",1,1,0],["2024-07-06T00:00:00+00:00",1,1,0],["2024-09-06T00:00:00+00:00",1,1,0],["2024-12-01T00:00:00+00:00",1,1,0],["2025-02-25T00:00:00+00:00",1,1,0],["2025-04-04T00:00:00+00:00",1,1,0],["2025-07-08T00:00:00+00:00",1,1,0],["2025-09-22T00:00:00+00:00",1,1,0]]},"geometry":{"type":"Point","coordinates":[34.417274,31.501249]}},{"type":"Feature","properties":{"site_id":26,"event_code":"CE20231007PSE","latest_date":"2025-09-22T00:00:00+00:00","latest_class":1,"pass_count":13,"h":[["2023-11-07T00:00:00+00:00",4,3,3],["2023-11-26T00:00:00+00:00",4,3,0],["2024-01-06T00:00:00+00:00",4,3,0],["2024-02-29T00:00:00+00:00",4,3,0],["2024-04-01T00:00:00+00:00",1,1,1],["2024-05-03T00:00:00+00:00",1,1,0],["2024-07-06T00:00:00+00:00",1,1,0],["2024-09-06T00:00:00+00:00",1,1,0],["2024-12-01T00:00:00+00:00",1,1,0],["2025-02-25T00:00:00+00:00",1,1,0],["2025-04-04T00:00:00+00:00",1,1,0],["2025-07-08T00:00:00+00:00",1,1,0],["2025-09-22T00:00:00+00:00",1,1,0]]},"geometry":{"type":"Point","coordinates":[34.417326,31.501751]}},{"type":"Feature","properties":{"site_id":26,"event_code":"CE20231007PSE","latest_date":"2025-09-22T00:00:00+00:00","latest_class":1,"pass_count":13,"h":[["2023-11-07T00:00:00+00:00",4,3,3],["2023-11-26T00:00:00+00:00",4,3,0],["2024-01-06T00:00:00+00:00",4,3,0],["2024-02-29T00:00:00+00:00",4,3,0],["2024-04-01T00:00:00+00:00",1,1,1],["2024-05-03T00:00:00+00:00",1,1,0],["2024-07-06T00:00:00+00:00",1,1,0],["2024-09-06T00:00:00+00:00",1,1,0],["2024-12-01T00:00:00+00:00",1,1,0],["2025-02-25T00:00:00+00:00",1,1,0],["2025-04-04T00:00:00+00:00",1,1,0],["2025-07-08T00:00:00+00:00",1,1,0],["2025-09-22T00:00:00+00:00",1,1,0]]},"geometry":{"type":"Point","coordinates":[34.417552,31.501714]}},{"type":"Feature","properties":{"site_id":26,"event_code":"CE20231007PSE","latest_date":"2025-09-22T00:00:00+00:00","latest_class":1,"pass_count":9,"h":[["2024-04-01T00:00:00+00:00",1,1,3],["2024-05-03T00:00:00+00:00",1,1,0],["2024-07-06T00:00:00+00:00",1,1,0],["2024-09-06T00:00:00+00:00",1,1,0],["2024-12-01T00:00:00+00:00",1,1,0],["2025-02-25T00:00:00+00:00",1,1,0],["2025-04-04T00:00:00+00:00",1,1,0],["2025-07-08T00:00:00+00:00",1,1,0],["2025-09-22T00:00:00+00:00",1,1,0]]},"geometry":{"type":"Point","coordinates":[34.417704,31.501594]}},{"type":"Feature","properties":{"site_id":26,"event_code":"CE20231007PSE","latest_date":"2025-09-22T00:00:00+00:00","latest_class":1,"pass_count":10,"h":[["2024-02-29T00:00:00+00:00",4,3,3],["2024-04-01T00:00:00+00:00",1,1,1],["2024-05-03T00:00:00+00:00",1,1,0],["2024-07-06T00:00:00+00:00",1,1,0],["2024-09-06T00:00:00+00:00",1,1,0],["2024-12-01T00:00:00+00:00",1,1,0],["2025-02-25T00:00:00+00:00",1,1,0],["2025-04-04T00:00:00+00:00",1,1,0],["2025-07-08T00:00:00+00:00",1,1,0],["2025-09-22T00:00:00+00:00",1,1,0]]},"geometry":{"type":"Point","coordinates":[34.41726,31.503003]}},{"type":"Feature","properties":{"site_id":26,"event_code":"CE20231007PSE","latest_date":"2025-09-22T00:00:00+00:00","latest_class":1,"pass_count":13,"h":[["2023-11-07T00:00:00+00:00",4,3,3],["2023-11-26T00:00:00+00:00",4,3,0],["2024-01-06T00:00:00+00:00",4,3,0],["2024-02-29T00:00:00+00:00",4,3,0],["2024-04-01T00:00:00+00:00",2,1,1],["2024-05-03T00:00:00+00:00",2,1,0],["2024-07-06T00:00:00+00:00",2,1,0],["2024-09-06T00:00:00+00:00",2,1,0],["2024-12-01T00:00:00+00:00",2,1,0],["2025-02-25T00:00:00+00:00",1,1,1],["2025-04-04T00:00:00+00:00",1,1,0],["2025-07-08T00:00:00+00:00",1,1,0],["2025-09-22T00:00:00+00:00",1,1,0]]},"geometry":{"type":"Point","coordinates":[34.417988,31.504535]}},{"type":"Feature","properties":{"site_id":26,"event_code":"CE20231007PSE","latest_date":"2025-09-22T00:00:00+00:00","latest_class":1,"pass_count":14,"h":[["2023-10-15T00:00:00+00:00",2,1,null],["2023-11-07T00:00:00+00:00",2,1,0],["2023-11-26T00:00:00+00:00",1,1,1],["2024-01-06T00:00:00+00:00",1,1,0],["2024-02-29T00:00:00+00:00",1,1,0],["2024-04-01T00:00:00+00:00",1,1,0],["2024-05-03T00:00:00+00:00",1,1,0],["2024-07-06T00:00:00+00:00",1,1,0],["2024-09-06T00:00:00+00:00",1,1,0],["2024-12-01T00:00:00+00:00",1,1,0],["2025-02-25T00:00:00+00:00",1,1,0],["2025-04-04T00:00:00+00:00",1,1,0],["2025-07-08T00:00:00+00:00",1,1,0],["2025-09-22T00:00:00+00:00",1,1,0]]},"geometry":{"type":"Point","coordinates":[34.421411,31.497247]}},{"type":"Feature","properties":{"site_id":26,"event_code":"CE20231007PSE","latest_date":"2025-09-22T00:00:00+00:00","latest_class":1,"pass_count":13,"h":[["2023-11-07T00:00:00+00:00",3,2,3],["2023-11-26T00:00:00+00:00",3,2,0],["2024-01-06T00:00:00+00:00",3,2,0],["2024-02-29T00:00:00+00:00",3,2,0],["2024-04-01T00:00:00+00:00",3,2,0],["2024-05-03T00:00:00+00:00",3,2,0],["2024-07-06T00:00:00+00:00",3,2,0],["2024-09-06T00:00:00+00:00",3,2,0],["2024-12-01T00:00:00+00:00",1,1,1],["2025-02-25T00:00:00+00:00",1,1,0],["2025-04-04T00:00:00+00:00",1,1,0],["2025-07-08T00:00:00+00:00",1,1,0],["2025-09-22T00:00:00+00:00",1,1,0]]},"geometry":{"type":"Point","coordinates":[34.421421,31.499167]}},{"type":"Feature","properties":{"site_id":26,"event_code":"CE20231007PSE","latest_date":"2025-09-22T00:00:00+00:00","latest_class":1,"pass_count":14,"h":[["2023-10-15T00:00:00+00:00",1,1,null],["2023-11-07T00:00:00+00:00",1,1,0],["2023-11-26T00:00:00+00:00",1,1,0],["2024-01-06T00:00:00+00:00",1,1,0],["2024-02-29T00:00:00+00:00",1,1,0],["2024-04-01T00:00:00+00:00",1,1,0],["2024-05-03T00:00:00+00:00",1,1,0],["2024-07-06T00:00:00+00:00",1,1,0],["2024-09-06T00:00:00+00:00",1,1,0],["2024-12-01T00:00:00+00:00",1,1,0],["2025-02-25T00:00:00+00:00",1,1,0],["2025-04-04T00:00:00+00:00",1,1,0],["2025-07-08T00:00:00+00:00",1,1,0],["2025-09-22T00:00:00+00:00",1,1,0]]},"geometry":{"type":"Point","coordinates":[34.421689,31.497457]}},{"type":"Feature","properties":{"site_id":26,"event_code":"CE20231007PSE","latest_date":"2025-09-22T00:00:00+00:00","latest_class":1,"pass_count":13,"h":[["2023-11-07T00:00:00+00:00",3,2,3],["2023-11-26T00:00:00+00:00",3,2,0],["2024-01-06T00:00:00+00:00",3,2,0],["2024-02-29T00:00:00+00:00",2,2,1],["2024-04-01T00:00:00+00:00",1,1,1],["2024-05-03T00:00:00+00:00",1,1,0],["2024-07-06T00:00:00+00:00",1,1,0],["2024-09-06T00:00:00+00:00",1,1,0],["2024-12-01T00:00:00+00:00",1,1,0],["2025-02-25T00:00:00+00:00",1,1,0],["2025-04-04T00:00:00+00:00",1,1,0],["2025-07-08T00:00:00+00:00",1,1,0],["2025-09-22T00:00:00+00:00",1,1,0]]},"geometry":{"type":"Point","coordinates":[34.421796,31.50294]}},{"type":"Feature","properties":{"site_id":26,"event_code":"CE20231007PSE","latest_date":"2025-09-22T00:00:00+00:00","latest_class":1,"pass_count":14,"h":[["2023-10-15T00:00:00+00:00",1,1,null],["2023-11-07T00:00:00+00:00",1,1,0],["2023-11-26T00:00:00+00:00",1,1,0],["2024-01-06T00:00:00+00:00",1,1,0],["2024-02-29T00:00:00+00:00",1,1,0],["2024-04-01T00:00:00+00:00",1,1,0],["2024-05-03T00:00:00+00:00",1,1,0],["2024-07-06T00:00:00+00:00",1,1,0],["2024-09-06T00:00:00+00:00",1,1,0],["2024-12-01T00:00:00+00:00",1,1,0],["2025-02-25T00:00:00+00:00",1,1,0],["2025-04-04T00:00:00+00:00",1,1,0],["2025-07-08T00:00:00+00:00",1,1,0],["2025-09-22T00:00:00+00:00",1,1,0]]},"geometry":{"type":"Point","coordinates":[34.422869,31.500907]}},{"type":"Feature","properties":{"site_id":26,"event_code":"CE20231007PSE","latest_date":"2025-09-22T00:00:00+00:00","latest_class":1,"pass_count":14,"h":[["2023-10-15T00:00:00+00:00",3,2,null],["2023-11-07T00:00:00+00:00",3,2,0],["2023-11-26T00:00:00+00:00",3,2,0],["2024-01-06T00:00:00+00:00",3,2,0],["2024-02-29T00:00:00+00:00",3,2,0],["2024-04-01T00:00:00+00:00",3,2,0],["2024-05-03T00:00:00+00:00",3,2,0],["2024-07-06T00:00:00+00:00",3,2,0],["2024-09-06T00:00:00+00:00",3,2,0],["2024-12-01T00:00:00+00:00",1,1,1],["2025-02-25T00:00:00+00:00",1,1,0],["2025-04-04T00:00:00+00:00",1,1,0],["2025-07-08T00:00:00+00:00",1,1,0],["2025-09-22T00:00:00+00:00",1,1,0]]},"geometry":{"type":"Point","coordinates":[34.423017,31.501024]}},{"type":"Feature","properties":{"site_id":26,"event_code":"CE20231007PSE","latest_date":"2025-09-22T00:00:00+00:00","latest_class":1,"pass_count":14,"h":[["2023-10-15T00:00:00+00:00",3,2,null],["2023-11-07T00:00:00+00:00",3,2,0],["2023-11-26T00:00:00+00:00",3,2,0],["2024-01-06T00:00:00+00:00",3,2,0],["2024-02-29T00:00:00+00:00",3,2,0],["2024-04-01T00:00:00+00:00",3,2,0],["2024-05-03T00:00:00+00:00",3,2,0],["2024-07-06T00:00:00+00:00",3,2,0],["2024-09-06T00:00:00+00:00",3,2,0],["2024-12-01T00:00:00+00:00",1,1,1],["2025-02-25T00:00:00+00:00",1,1,0],["2025-04-04T00:00:00+00:00",1,1,0],["2025-07-08T00:00:00+00:00",1,1,0],["2025-09-22T00:00:00+00:00",1,1,0]]},"geometry":{"type":"Point","coordinates":[34.423032,31.500829]}},{"type":"Feature","properties":{"site_id":26,"event_code":"CE20231007PSE","latest_date":"2025-09-22T00:00:00+00:00","latest_class":1,"pass_count":14,"h":[["2023-10-15T00:00:00+00:00",3,2,null],["2023-11-07T00:00:00+00:00",3,2,0],["2023-11-26T00:00:00+00:00",3,2,0],["2024-01-06T00:00:00+00:00",3,2,0],["2024-02-29T00:00:00+00:00",3,2,0],["2024-04-01T00:00:00+00:00",3,2,0],["2024-05-03T00:00:00+00:00",3,2,0],["2024-07-06T00:00:00+00:00",3,2,0],["2024-09-06T00:00:00+00:00",3,2,0],["2024-12-01T00:00:00+00:00",3,2,0],["2025-02-25T00:00:00+00:00",1,1,1],["2025-04-04T00:00:00+00:00",1,1,0],["2025-07-08T00:00:00+00:00",1,1,0],["2025-09-22T00:00:00+00:00",1,1,0]]},"geometry":{"type":"Point","coordinates":[34.422841,31.500727]}},{"type":"Feature","properties":{"site_id":26,"event_code":"CE20231007PSE","latest_date":"2025-09-22T00:00:00+00:00","latest_class":1,"pass_count":14,"h":[["2023-10-15T00:00:00+00:00",3,2,null],["2023-11-07T00:00:00+00:00",3,2,0],["2023-11-26T00:00:00+00:00",3,2,0],["2024-01-06T00:00:00+00:00",3,2,0],["2024-02-29T00:00:00+00:00",3,2,0],["2024-04-01T00:00:00+00:00",3,2,0],["2024-05-03T00:00:00+00:00",3,2,0],["2024-07-06T00:00:00+00:00",3,2,0],["2024-09-06T00:00:00+00:00",3,2,0],["2024-12-01T00:00:00+00:00",1,1,1],["2025-02-25T00:00:00+00:00",1,1,0],["2025-04-04T00:00:00+00:00",1,1,0],["2025-07-08T00:00:00+00:00",1,1,0],["2025-09-22T00:00:00+00:00",1,1,0]]},"geometry":{"type":"Point","coordinates":[34.422645,31.500949]}},{"type":"Feature","properties":{"site_id":26,"event_code":"CE20231007PSE","latest_date":"2025-09-22T00:00:00+00:00","latest_class":1,"pass_count":14,"h":[["2023-10-15T00:00:00+00:00",3,2,null],["2023-11-07T00:00:00+00:00",3,2,0],["2023-11-26T00:00:00+00:00",3,2,0],["2024-01-06T00:00:00+00:00",3,2,0],["2024-02-29T00:00:00+00:00",3,2,0],["2024-04-01T00:00:00+00:00",3,2,0],["2024-05-03T00:00:00+00:00",3,2,0],["2024-07-06T00:00:00+00:00",2,1,1],["2024-09-06T00:00:00+00:00",2,1,0],["2024-12-01T00:00:00+00:00",1,1,1],["2025-02-25T00:00:00+00:00",1,1,0],["2025-04-04T00:00:00+00:00",1,1,0],["2025-07-08T00:00:00+00:00",1,1,0],["2025-09-22T00:00:00+00:00",1,1,0]]},"geometry":{"type":"Point","coordinates":[34.422524,31.501167]}},{"type":"Feature","properties":{"site_id":26,"event_code":"CE20231007PSE","latest_date":"2025-09-22T00:00:00+00:00","latest_class":2,"pass_count":14,"h":[["2023-10-15T00:00:00+00:00",3,2,null],["2023-11-07T00:00:00+00:00",2,1,1],["2023-11-26T00:00:00+00:00",2,1,0],["2024-01-06T00:00:00+00:00",2,1,0],["2024-02-29T00:00:00+00:00",2,1,0],["2024-04-01T00:00:00+00:00",2,1,0],["2024-05-03T00:00:00+00:00",2,1,0],["2024-07-06T00:00:00+00:00",2,1,0],["2024-09-06T00:00:00+00:00",2,1,0],["2024-12-01T00:00:00+00:00",2,1,0],["2025-02-25T00:00:00+00:00",2,1,0],["2025-04-04T00:00:00+00:00",2,1,0],["2025-07-08T00:00:00+00:00",2,1,0],["2025-09-22T00:00:00+00:00",2,1,0]]},"geometry":{"type":"Point","coordinates":[34.422095,31.497899]}},{"type":"Feature","properties":{"site_id":26,"event_code":"CE20231007PSE","latest_date":"2025-09-22T00:00:00+00:00","latest_class":1,"pass_count":13,"h":[["2023-11-07T00:00:00+00:00",1,1,3],["2023-11-26T00:00:00+00:00",1,1,0],["2024-01-06T00:00:00+00:00",1,1,0],["2024-02-29T00:00:00+00:00",1,1,0],["2024-04-01T00:00:00+00:00",1,1,0],["2024-05-03T00:00:00+00:00",1,1,0],["2024-07-06T00:00:00+00:00",1,1,0],["2024-09-06T00:00:00+00:00",1,1,0],["2024-12-01T00:00:00+00:00",1,1,0],["2025-02-25T00:00:00+00:00",1,1,0],["2025-04-04T00:00:00+00:00",1,1,0],["2025-07-08T00:00:00+00:00",1,1,0],["2025-09-22T00:00:00+00:00",1,1,0]]},"geometry":{"type":"Point","coordinates":[34.422752,31.501884]}},{"type":"Feature","properties":{"site_id":26,"event_code":"CE20231007PSE","latest_date":"2025-09-22T00:00:00+00:00","latest_class":1,"pass_count":13,"h":[["2023-11-07T00:00:00+00:00",1,1,3],["2023-11-26T00:00:00+00:00",1,1,0],["2024-01-06T00:00:00+00:00",1,1,0],["2024-02-29T00:00:00+00:00",1,1,0],["2024-04-01T00:00:00+00:00",1,1,0],["2024-05-03T00:00:00+00:00",1,1,0],["2024-07-06T00:00:00+00:00",1,1,0],["2024-09-06T00:00:00+00:00",1,1,0],["2024-12-01T00:00:00+00:00",1,1,0],["2025-02-25T00:00:00+00:00",1,1,0],["2025-04-04T00:00:00+00:00",1,1,0],["2025-07-08T00:00:00+00:00",1,1,0],["2025-09-22T00:00:00+00:00",1,1,0]]},"geometry":{"type":"Point","coordinates":[34.422584,31.501585]}},{"type":"Feature","properties":{"site_id":26,"event_code":"CE20231007PSE","latest_date":"2025-09-22T00:00:00+00:00","latest_class":1,"pass_count":13,"h":[["2023-11-07T00:00:00+00:00",3,2,3],["2023-11-26T00:00:00+00:00",3,2,0],["2024-01-06T00:00:00+00:00",3,2,0],["2024-02-29T00:00:00+00:00",3,2,0],["2024-04-01T00:00:00+00:00",3,2,0],["2024-05-03T00:00:00+00:00",3,2,0],["2024-07-06T00:00:00+00:00",3,2,0],["2024-09-06T00:00:00+00:00",3,2,0],["2024-12-01T00:00:00+00:00",2,1,1],["2025-02-25T00:00:00+00:00",1,1,1],["2025-04-04T00:00:00+00:00",1,1,0],["2025-07-08T00:00:00+00:00",1,1,0],["2025-09-22T00:00:00+00:00",1,1,0]]},"geometry":{"type":"Point","coordinates":[34.424078,31.503133]}},{"type":"Feature","properties":{"site_id":26,"event_code":"CE20231007PSE","latest_date":"2025-09-22T00:00:00+00:00","latest_class":1,"pass_count":13,"h":[["2023-11-07T00:00:00+00:00",2,1,3],["2023-11-26T00:00:00+00:00",2,1,0],["2024-01-06T00:00:00+00:00",2,1,0],["2024-02-29T00:00:00+00:00",2,1,0],["2024-04-01T00:00:00+00:00",2,1,0],["2024-05-03T00:00:00+00:00",2,1,0],["2024-07-06T00:00:00+00:00",2,1,0],["2024-09-06T00:00:00+00:00",2,1,0],["2024-12-01T00:00:00+00:00",1,1,1],["2025-02-25T00:00:00+00:00",1,1,0],["2025-04-04T00:00:00+00:00",1,1,0],["2025-07-08T00:00:00+00:00",1,1,0],["2025-09-22T00:00:00+00:00",1,1,0]]},"geometry":{"type":"Point","coordinates":[34.423336,31.502994]}},{"type":"Feature","properties":{"site_id":26,"event_code":"CE20231007PSE","latest_date":"2025-09-22T00:00:00+00:00","latest_class":1,"pass_count":13,"h":[["2023-11-07T00:00:00+00:00",3,2,3],["2023-11-26T00:00:00+00:00",3,2,0],["2024-01-06T00:00:00+00:00",3,2,0],["2024-02-29T00:00:00+00:00",3,2,0],["2024-04-01T00:00:00+00:00",3,2,0],["2024-05-03T00:00:00+00:00",3,2,0],["2024-07-06T00:00:00+00:00",3,2,0],["2024-09-06T00:00:00+00:00",3,2,0],["2024-12-01T00:00:00+00:00",1,1,1],["2025-02-25T00:00:00+00:00",1,1,0],["2025-04-04T00:00:00+00:00",1,1,0],["2025-07-08T00:00:00+00:00",1,1,0],["2025-09-22T00:00:00+00:00",1,1,0]]},"geometry":{"type":"Point","coordinates":[34.423437,31.502772]}},{"type":"Feature","properties":{"site_id":26,"event_code":"CE20231007PSE","latest_date":"2025-09-22T00:00:00+00:00","latest_class":1,"pass_count":13,"h":[["2023-11-07T00:00:00+00:00",1,1,3],["2023-11-26T00:00:00+00:00",1,1,0],["2024-01-06T00:00:00+00:00",1,1,0],["2024-02-29T00:00:00+00:00",1,1,0],["2024-04-01T00:00:00+00:00",1,1,0],["2024-05-03T00:00:00+00:00",1,1,0],["2024-07-06T00:00:00+00:00",1,1,0],["2024-09-06T00:00:00+00:00",1,1,0],["2024-12-01T00:00:00+00:00",1,1,0],["2025-02-25T00:00:00+00:00",1,1,0],["2025-04-04T00:00:00+00:00",1,1,0],["2025-07-08T00:00:00+00:00",1,1,0],["2025-09-22T00:00:00+00:00",1,1,0]]},"geometry":{"type":"Point","coordinates":[34.424872,31.501458]}},{"type":"Feature","properties":{"site_id":26,"event_code":"CE20231007PSE","latest_date":"2025-09-22T00:00:00+00:00","latest_class":1,"pass_count":13,"h":[["2023-11-07T00:00:00+00:00",3,2,3],["2023-11-26T00:00:00+00:00",3,2,0],["2024-01-06T00:00:00+00:00",3,2,0],["2024-02-29T00:00:00+00:00",3,2,0],["2024-04-01T00:00:00+00:00",3,2,0],["2024-05-03T00:00:00+00:00",3,2,0],["2024-07-06T00:00:00+00:00",3,2,0],["2024-09-06T00:00:00+00:00",3,2,0],["2024-12-01T00:00:00+00:00",1,1,1],["2025-02-25T00:00:00+00:00",1,1,0],["2025-04-04T00:00:00+00:00",1,1,0],["2025-07-08T00:00:00+00:00",1,1,0],["2025-09-22T00:00:00+00:00",1,1,0]]},"geometry":{"type":"Point","coordinates":[34.423662,31.500335]}},{"type":"Feature","properties":{"site_id":26,"event_code":"CE20231007PSE","latest_date":"2025-09-22T00:00:00+00:00","latest_class":1,"pass_count":13,"h":[["2023-11-07T00:00:00+00:00",2,1,3],["2023-11-26T00:00:00+00:00",2,1,0],["2024-01-06T00:00:00+00:00",2,1,0],["2024-02-29T00:00:00+00:00",2,1,0],["2024-04-01T00:00:00+00:00",2,1,0],["2024-05-03T00:00:00+00:00",2,1,0],["2024-07-06T00:00:00+00:00",2,1,0],["2024-09-06T00:00:00+00:00",2,1,0],["2024-12-01T00:00:00+00:00",1,1,1],["2025-02-25T00:00:00+00:00",1,1,0],["2025-04-04T00:00:00+00:00",1,1,0],["2025-07-08T00:00:00+00:00",1,1,0],["2025-09-22T00:00:00+00:00",1,1,0]]},"geometry":{"type":"Point","coordinates":[34.423469,31.500226]}},{"type":"Feature","properties":{"site_id":26,"event_code":"CE20231007PSE","latest_date":"2025-09-22T00:00:00+00:00","latest_class":1,"pass_count":13,"h":[["2023-11-07T00:00:00+00:00",1,1,3],["2023-11-26T00:00:00+00:00",1,1,0],["2024-01-06T00:00:00+00:00",1,1,0],["2024-02-29T00:00:00+00:00",1,1,0],["2024-04-01T00:00:00+00:00",1,1,0],["2024-05-03T00:00:00+00:00",1,1,0],["2024-07-06T00:00:00+00:00",1,1,0],["2024-09-06T00:00:00+00:00",1,1,0],["2024-12-01T00:00:00+00:00",1,1,0],["2025-02-25T00:00:00+00:00",1,1,0],["2025-04-04T00:00:00+00:00",1,1,0],["2025-07-08T00:00:00+00:00",1,1,0],["2025-09-22T00:00:00+00:00",1,1,0]]},"geometry":{"type":"Point","coordinates":[34.424665,31.498334]}},{"type":"Feature","properties":{"site_id":1,"event_code":"CE20231007PSE","latest_date":"2025-09-22T00:00:00+00:00","latest_class":1,"pass_count":13,"h":[["2023-11-07T00:00:00+00:00",2,1,3],["2023-11-26T00:00:00+00:00",2,1,0],["2024-01-06T00:00:00+00:00",2,1,0],["2024-02-29T00:00:00+00:00",2,1,0],["2024-04-01T00:00:00+00:00",2,1,0],["2024-05-03T00:00:00+00:00",2,1,0],["2024-07-06T00:00:00+00:00",1,1,1],["2024-09-06T00:00:00+00:00",1,1,0],["2024-12-01T00:00:00+00:00",1,1,0],["2025-02-25T00:00:00+00:00",1,1,0],["2025-04-04T00:00:00+00:00",1,1,0],["2025-07-08T00:00:00+00:00",1,1,0],["2025-09-22T00:00:00+00:00",1,1,0]]},"geometry":{"type":"Point","coordinates":[34.42678,31.498564]}},{"type":"Feature","properties":{"site_id":26,"event_code":"CE20231007PSE","latest_date":"2025-09-22T00:00:00+00:00","latest_class":1,"pass_count":13,"h":[["2023-11-07T00:00:00+00:00",3,2,3],["2023-11-26T00:00:00+00:00",3,2,0],["2024-01-06T00:00:00+00:00",3,2,0],["2024-02-29T00:00:00+00:00",3,2,0],["2024-04-01T00:00:00+00:00",3,2,0],["2024-05-03T00:00:00+00:00",1,1,1],["2024-07-06T00:00:00+00:00",1,1,0],["2024-09-06T00:00:00+00:00",1,1,0],["2024-12-01T00:00:00+00:00",1,1,0],["2025-02-25T00:00:00+00:00",1,1,0],["2025-04-04T00:00:00+00:00",1,1,0],["2025-07-08T00:00:00+00:00",1,1,0],["2025-09-22T00:00:00+00:00",1,1,0]]},"geometry":{"type":"Point","coordinates":[34.426674,31.497975]}},{"type":"Feature","properties":{"site_id":26,"event_code":"CE20231007PSE","latest_date":"2025-09-22T00:00:00+00:00","latest_class":1,"pass_count":13,"h":[["2023-11-07T00:00:00+00:00",3,2,3],["2023-11-26T00:00:00+00:00",3,2,0],["2024-01-06T00:00:00+00:00",3,2,0],["2024-02-29T00:00:00+00:00",3,2,0],["2024-04-01T00:00:00+00:00",3,2,0],["2024-05-03T00:00:00+00:00",3,2,0],["2024-07-06T00:00:00+00:00",1,1,1],["2024-09-06T00:00:00+00:00",1,1,0],["2024-12-01T00:00:00+00:00",1,1,0],["2025-02-25T00:00:00+00:00",1,1,0],["2025-04-04T00:00:00+00:00",1,1,0],["2025-07-08T00:00:00+00:00",1,1,0],["2025-09-22T00:00:00+00:00",1,1,0]]},"geometry":{"type":"Point","coordinates":[34.426439,31.49783]}},{"type":"Feature","properties":{"site_id":26,"event_code":"CE20231007PSE","latest_date":"2025-09-22T00:00:00+00:00","latest_class":1,"pass_count":13,"h":[["2023-11-07T00:00:00+00:00",2,1,3],["2023-11-26T00:00:00+00:00",2,1,0],["2024-01-06T00:00:00+00:00",2,1,0],["2024-02-29T00:00:00+00:00",2,1,0],["2024-04-01T00:00:00+00:00",2,1,0],["2024-05-03T00:00:00+00:00",2,1,0],["2024-07-06T00:00:00+00:00",2,1,0],["2024-09-06T00:00:00+00:00",2,1,0],["2024-12-01T00:00:00+00:00",1,1,1],["2025-02-25T00:00:00+00:00",1,1,0],["2025-04-04T00:00:00+00:00",1,1,0],["2025-07-08T00:00:00+00:00",1,1,0],["2025-09-22T00:00:00+00:00",1,1,0]]},"geometry":{"type":"Point","coordinates":[34.426181,31.497392]}},{"type":"Feature","properties":{"site_id":26,"event_code":"CE20231007PSE","latest_date":"2025-09-22T00:00:00+00:00","latest_class":1,"pass_count":13,"h":[["2023-11-07T00:00:00+00:00",2,1,3],["2023-11-26T00:00:00+00:00",2,1,0],["2024-01-06T00:00:00+00:00",2,1,0],["2024-02-29T00:00:00+00:00",2,1,0],["2024-04-01T00:00:00+00:00",2,1,0],["2024-05-03T00:00:00+00:00",2,1,0],["2024-07-06T00:00:00+00:00",2,1,0],["2024-09-06T00:00:00+00:00",2,1,0],["2024-12-01T00:00:00+00:00",1,1,1],["2025-02-25T00:00:00+00:00",1,1,0],["2025-04-04T00:00:00+00:00",1,1,0],["2025-07-08T00:00:00+00:00",1,1,0],["2025-09-22T00:00:00+00:00",1,1,0]]},"geometry":{"type":"Point","coordinates":[34.42623,31.497607]}},{"type":"Feature","properties":{"site_id":26,"event_code":"CE20231007PSE","latest_date":"2025-09-22T00:00:00+00:00","latest_class":1,"pass_count":13,"h":[["2023-11-07T00:00:00+00:00",4,3,3],["2023-11-26T00:00:00+00:00",3,2,1],["2024-01-06T00:00:00+00:00",3,2,0],["2024-02-29T00:00:00+00:00",3,2,0],["2024-04-01T00:00:00+00:00",3,2,0],["2024-05-03T00:00:00+00:00",3,2,0],["2024-07-06T00:00:00+00:00",3,2,0],["2024-09-06T00:00:00+00:00",3,2,0],["2024-12-01T00:00:00+00:00",2,1,1],["2025-02-25T00:00:00+00:00",1,1,1],["2025-04-04T00:00:00+00:00",1,1,0],["2025-07-08T00:00:00+00:00",1,1,0],["2025-09-22T00:00:00+00:00",1,1,0]]},"geometry":{"type":"Point","coordinates":[34.424208,31.503259]}},{"type":"Feature","properties":{"site_id":26,"event_code":"CE20231007PSE","latest_date":"2025-09-22T00:00:00+00:00","latest_class":1,"pass_count":12,"h":[["2023-11-26T00:00:00+00:00",3,2,3],["2024-01-06T00:00:00+00:00",3,2,0],["2024-02-29T00:00:00+00:00",3,2,0],["2024-04-01T00:00:00+00:00",3,2,0],["2024-05-03T00:00:00+00:00",3,2,0],["2024-07-06T00:00:00+00:00",3,2,0],["2024-09-06T00:00:00+00:00",3,2,0],["2024-12-01T00:00:00+00:00",1,1,1],["2025-02-25T00:00:00+00:00",1,1,0],["2025-04-04T00:00:00+00:00",1,1,0],["2025-07-08T00:00:00+00:00",1,1,0],["2025-09-22T00:00:00+00:00",1,1,0]]},"geometry":{"type":"Point","coordinates":[34.424023,31.502913]}},{"type":"Feature","properties":{"site_id":26,"event_code":"CE20231007PSE","latest_date":"2025-09-22T00:00:00+00:00","latest_class":1,"pass_count":12,"h":[["2023-11-26T00:00:00+00:00",3,2,3],["2024-01-06T00:00:00+00:00",3,2,0],["2024-02-29T00:00:00+00:00",3,2,0],["2024-04-01T00:00:00+00:00",3,2,0],["2024-05-03T00:00:00+00:00",3,2,0],["2024-07-06T00:00:00+00:00",3,2,0],["2024-09-06T00:00:00+00:00",3,2,0],["2024-12-01T00:00:00+00:00",1,1,1],["2025-02-25T00:00:00+00:00",1,1,0],["2025-04-04T00:00:00+00:00",1,1,0],["2025-07-08T00:00:00+00:00",1,1,0],["2025-09-22T00:00:00+00:00",1,1,0]]},"geometry":{"type":"Point","coordinates":[34.423022,31.503061]}},{"type":"Feature","properties":{"site_id":26,"event_code":"CE20231007PSE","latest_date":"2025-09-22T00:00:00+00:00","latest_class":1,"pass_count":12,"h":[["2023-11-26T00:00:00+00:00",3,2,3],["2024-01-06T00:00:00+00:00",3,2,0],["2024-02-29T00:00:00+00:00",3,2,0],["2024-04-01T00:00:00+00:00",3,2,0],["2024-05-03T00:00:00+00:00",3,2,0],["2024-07-06T00:00:00+00:00",3,2,0],["2024-09-06T00:00:00+00:00",3,2,0],["2024-12-01T00:00:00+00:00",2,1,1],["2025-02-25T00:00:00+00:00",1,1,1],["2025-04-04T00:00:00+00:00",1,1,0],["2025-07-08T00:00:00+00:00",1,1,0],["2025-09-22T00:00:00+00:00",1,1,0]]},"geometry":{"type":"Point","coordinates":[34.423484,31.503173]}},{"type":"Feature","properties":{"site_id":26,"event_code":"CE20231007PSE","latest_date":"2025-09-22T00:00:00+00:00","latest_class":1,"pass_count":12,"h":[["2023-11-26T00:00:00+00:00",3,2,3],["2024-01-06T00:00:00+00:00",3,2,0],["2024-02-29T00:00:00+00:00",3,2,0],["2024-04-01T00:00:00+00:00",3,2,0],["2024-05-03T00:00:00+00:00",3,2,0],["2024-07-06T00:00:00+00:00",3,2,0],["2024-09-06T00:00:00+00:00",3,2,0],["2024-12-01T00:00:00+00:00",1,1,1],["2025-02-25T00:00:00+00:00",1,1,0],["2025-04-04T00:00:00+00:00",1,1,0],["2025-07-08T00:00:00+00:00",1,1,0],["2025-09-22T00:00:00+00:00",1,1,0]]},"geometry":{"type":"Point","coordinates":[34.423612,31.503029]}},{"type":"Feature","properties":{"site_id":26,"event_code":"CE20231007PSE","latest_date":"2025-09-22T00:00:00+00:00","latest_class":1,"pass_count":12,"h":[["2023-11-26T00:00:00+00:00",1,1,3],["2024-01-06T00:00:00+00:00",1,1,0],["2024-02-29T00:00:00+00:00",1,1,0],["2024-04-01T00:00:00+00:00",1,1,0],["2024-05-03T00:00:00+00:00",1,1,0],["2024-07-06T00:00:00+00:00",1,1,0],["2024-09-06T00:00:00+00:00",1,1,0],["2024-12-01T00:00:00+00:00",1,1,0],["2025-02-25T00:00:00+00:00",1,1,0],["2025-04-04T00:00:00+00:00",1,1,0],["2025-07-08T00:00:00+00:00",1,1,0],["2025-09-22T00:00:00+00:00",1,1,0]]},"geometry":{"type":"Point","coordinates":[34.422029,31.501125]}},{"type":"Feature","properties":{"site_id":26,"event_code":"CE20231007PSE","latest_date":"2025-09-22T00:00:00+00:00","latest_class":1,"pass_count":12,"h":[["2023-11-26T00:00:00+00:00",3,2,3],["2024-01-06T00:00:00+00:00",3,2,0],["2024-02-29T00:00:00+00:00",3,2,0],["2024-04-01T00:00:00+00:00",3,2,0],["2024-05-03T00:00:00+00:00",3,2,0],["2024-07-06T00:00:00+00:00",3,2,0],["2024-09-06T00:00:00+00:00",3,2,0],["2024-12-01T00:00:00+00:00",1,1,1],["2025-02-25T00:00:00+00:00",1,1,0],["2025-04-04T00:00:00+00:00",1,1,0],["2025-07-08T00:00:00+00:00",1,1,0],["2025-09-22T00:00:00+00:00",1,1,0]]},"geometry":{"type":"Point","coordinates":[34.422055,31.500812]}},{"type":"Feature","properties":{"site_id":26,"event_code":"CE20231007PSE","latest_date":"2025-09-22T00:00:00+00:00","latest_class":1,"pass_count":12,"h":[["2023-11-26T00:00:00+00:00",3,2,3],["2024-01-06T00:00:00+00:00",3,2,0],["2024-02-29T00:00:00+00:00",3,2,0],["2024-04-01T00:00:00+00:00",3,2,0],["2024-05-03T00:00:00+00:00",3,2,0],["2024-07-06T00:00:00+00:00",3,2,0],["2024-09-06T00:00:00+00:00",3,2,0],["2024-12-01T00:00:00+00:00",1,1,1],["2025-02-25T00:00:00+00:00",1,1,0],["2025-04-04T00:00:00+00:00",1,1,0],["2025-07-08T00:00:00+00:00",1,1,0],["2025-09-22T00:00:00+00:00",1,1,0]]},"geometry":{"type":"Point","coordinates":[34.422171,31.50091]}},{"type":"Feature","properties":{"site_id":26,"event_code":"CE20231007PSE","latest_date":"2025-09-22T00:00:00+00:00","latest_class":1,"pass_count":14,"h":[["2023-10-15T00:00:00+00:00",4,3,null],["2023-11-07T00:00:00+00:00",4,3,0],["2023-11-26T00:00:00+00:00",3,2,1],["2024-01-06T00:00:00+00:00",3,2,0],["2024-02-29T00:00:00+00:00",3,2,0],["2024-04-01T00:00:00+00:00",3,2,0],["2024-05-03T00:00:00+00:00",3,2,0],["2024-07-06T00:00:00+00:00",3,2,0],["2024-09-06T00:00:00+00:00",3,2,0],["2024-12-01T00:00:00+00:00",1,1,1],["2025-02-25T00:00:00+00:00",1,1,0],["2025-04-04T00:00:00+00:00",1,1,0],["2025-07-08T00:00:00+00:00",1,1,0],["2025-09-22T00:00:00+00:00",1,1,0]]},"geometry":{"type":"Point","coordinates":[34.422778,31.500613]}},{"type":"Feature","properties":{"site_id":26,"event_code":"CE20231007PSE","latest_date":"2025-09-22T00:00:00+00:00","latest_class":1,"pass_count":14,"h":[["2023-10-15T00:00:00+00:00",4,3,null],["2023-11-07T00:00:00+00:00",4,3,0],["2023-11-26T00:00:00+00:00",3,2,1],["2024-01-06T00:00:00+00:00",3,2,0],["2024-02-29T00:00:00+00:00",3,2,0],["2024-04-01T00:00:00+00:00",3,2,0],["2024-05-03T00:00:00+00:00",3,2,0],["2024-07-06T00:00:00+00:00",3,2,0],["2024-09-06T00:00:00+00:00",3,2,0],["2024-12-01T00:00:00+00:00",1,1,1],["2025-02-25T00:00:00+00:00",1,1,0],["2025-04-04T00:00:00+00:00",1,1,0],["2025-07-08T00:00:00+00:00",1,1,0],["2025-09-22T00:00:00+00:00",1,1,0]]},"geometry":{"type":"Point","coordinates":[34.422673,31.50054]}},{"type":"Feature","properties":{"site_id":26,"event_code":"CE20231007PSE","latest_date":"2025-09-22T00:00:00+00:00","latest_class":2,"pass_count":14,"h":[["2023-10-15T00:00:00+00:00",4,3,null],["2023-11-07T00:00:00+00:00",4,3,0],["2023-11-26T00:00:00+00:00",3,2,1],["2024-01-06T00:00:00+00:00",3,2,0],["2024-02-29T00:00:00+00:00",3,2,0],["2024-04-01T00:00:00+00:00",3,2,0],["2024-05-03T00:00:00+00:00",3,2,0],["2024-07-06T00:00:00+00:00",3,2,0],["2024-09-06T00:00:00+00:00",3,2,0],["2024-12-01T00:00:00+00:00",2,1,1],["2025-02-25T00:00:00+00:00",2,1,0],["2025-04-04T00:00:00+00:00",2,1,0],["2025-07-08T00:00:00+00:00",2,1,0],["2025-09-22T00:00:00+00:00",2,1,0]]},"geometry":{"type":"Point","coordinates":[34.422524,31.500613]}},{"type":"Feature","properties":{"site_id":26,"event_code":"CE20231007PSE","latest_date":"2025-09-22T00:00:00+00:00","latest_class":3,"pass_count":14,"h":[["2023-10-15T00:00:00+00:00",4,3,null],["2023-11-07T00:00:00+00:00",4,3,0],["2023-11-26T00:00:00+00:00",3,2,1],["2024-01-06T00:00:00+00:00",3,2,0],["2024-02-29T00:00:00+00:00",3,2,0],["2024-04-01T00:00:00+00:00",3,2,0],["2024-05-03T00:00:00+00:00",3,2,0],["2024-07-06T00:00:00+00:00",3,2,0],["2024-09-06T00:00:00+00:00",3,2,0],["2024-12-01T00:00:00+00:00",3,2,0],["2025-02-25T00:00:00+00:00",3,2,0],["2025-04-04T00:00:00+00:00",3,2,0],["2025-07-08T00:00:00+00:00",3,2,0],["2025-09-22T00:00:00+00:00",3,2,0]]},"geometry":{"type":"Point","coordinates":[34.422639,31.500702]}},{"type":"Feature","properties":{"site_id":26,"event_code":"CE20231007PSE","latest_date":"2025-09-22T00:00:00+00:00","latest_class":1,"pass_count":12,"h":[["2023-11-26T00:00:00+00:00",1,1,3],["2024-01-06T00:00:00+00:00",1,1,0],["2024-02-29T00:00:00+00:00",1,1,0],["2024-04-01T00:00:00+00:00",1,1,0],["2024-05-03T00:00:00+00:00",1,1,0],["2024-07-06T00:00:00+00:00",1,1,0],["2024-09-06T00:00:00+00:00",1,1,0],["2024-12-01T00:00:00+00:00",1,1,0],["2025-02-25T00:00:00+00:00",1,1,0],["2025-04-04T00:00:00+00:00",1,1,0],["2025-07-08T00:00:00+00:00",1,1,0],["2025-09-22T00:00:00+00:00",1,1,0]]},"geometry":{"type":"Point","coordinates":[34.422876,31.500248]}},{"type":"Feature","properties":{"site_id":26,"event_code":"CE20231007PSE","latest_date":"2025-09-22T00:00:00+00:00","latest_class":1,"pass_count":12,"h":[["2023-11-26T00:00:00+00:00",3,2,3],["2024-01-06T00:00:00+00:00",3,2,0],["2024-02-29T00:00:00+00:00",3,2,0],["2024-04-01T00:00:00+00:00",3,2,0],["2024-05-03T00:00:00+00:00",3,2,0],["2024-07-06T00:00:00+00:00",1,1,1],["2024-09-06T00:00:00+00:00",1,1,0],["2024-12-01T00:00:00+00:00",1,1,0],["2025-02-25T00:00:00+00:00",1,1,0],["2025-04-04T00:00:00+00:00",1,1,0],["2025-07-08T00:00:00+00:00",1,1,0],["2025-09-22T00:00:00+00:00",1,1,0]]},"geometry":{"type":"Point","coordinates":[34.422697,31.500338]}},{"type":"Feature","properties":{"site_id":26,"event_code":"CE20231007PSE","latest_date":"2025-09-22T00:00:00+00:00","latest_class":1,"pass_count":12,"h":[["2023-11-26T00:00:00+00:00",3,2,3],["2024-01-06T00:00:00+00:00",3,2,0],["2024-02-29T00:00:00+00:00",3,2,0],["2024-04-01T00:00:00+00:00",2,1,1],["2024-05-03T00:00:00+00:00",2,1,0],["2024-07-06T00:00:00+00:00",2,1,0],["2024-09-06T00:00:00+00:00",2,1,0],["2024-12-01T00:00:00+00:00",1,1,1],["2025-02-25T00:00:00+00:00",1,1,0],["2025-04-04T00:00:00+00:00",1,1,0],["2025-07-08T00:00:00+00:00",1,1,0],["2025-09-22T00:00:00+00:00",1,1,0]]},"geometry":{"type":"Point","coordinates":[34.42329,31.500662]}},{"type":"Feature","properties":{"site_id":26,"event_code":"CE20231007PSE","latest_date":"2025-09-22T00:00:00+00:00","latest_class":1,"pass_count":12,"h":[["2023-11-26T00:00:00+00:00",2,1,3],["2024-01-06T00:00:00+00:00",2,1,0],["2024-02-29T00:00:00+00:00",2,1,0],["2024-04-01T00:00:00+00:00",2,1,0],["2024-05-03T00:00:00+00:00",2,1,0],["2024-07-06T00:00:00+00:00",2,1,0],["2024-09-06T00:00:00+00:00",2,1,0],["2024-12-01T00:00:00+00:00",1,1,1],["2025-02-25T00:00:00+00:00",1,1,0],["2025-04-04T00:00:00+00:00",1,1,0],["2025-07-08T00:00:00+00:00",1,1,0],["2025-09-22T00:00:00+00:00",1,1,0]]},"geometry":{"type":"Point","coordinates":[34.426194,31.498395]}},{"type":"Feature","properties":{"site_id":26,"event_code":"CE20231007PSE","latest_date":"2025-09-22T00:00:00+00:00","latest_class":1,"pass_count":13,"h":[["2023-11-07T00:00:00+00:00",4,3,3],["2023-11-26T00:00:00+00:00",2,1,1],["2024-01-06T00:00:00+00:00",2,1,0],["2024-02-29T00:00:00+00:00",2,1,0],["2024-04-01T00:00:00+00:00",2,1,0],["2024-05-03T00:00:00+00:00",2,1,0],["2024-07-06T00:00:00+00:00",2,1,0],["2024-09-06T00:00:00+00:00",2,1,0],["2024-12-01T00:00:00+00:00",1,1,1],["2025-02-25T00:00:00+00:00",1,1,0],["2025-04-04T00:00:00+00:00",1,1,0],["2025-07-08T00:00:00+00:00",1,1,0],["2025-09-22T00:00:00+00:00",1,1,0]]},"geometry":{"type":"Point","coordinates":[34.426702,31.498144]}},{"type":"Feature","properties":{"site_id":26,"event_code":"CE20231007PSE","latest_date":"2025-09-22T00:00:00+00:00","latest_class":1,"pass_count":12,"h":[["2023-11-26T00:00:00+00:00",3,2,3],["2024-01-06T00:00:00+00:00",3,2,0],["2024-02-29T00:00:00+00:00",3,2,0],["2024-04-01T00:00:00+00:00",3,2,0],["2024-05-03T00:00:00+00:00",3,2,0],["2024-07-06T00:00:00+00:00",3,2,0],["2024-09-06T00:00:00+00:00",3,2,0],["2024-12-01T00:00:00+00:00",1,1,1],["2025-02-25T00:00:00+00:00",1,1,0],["2025-04-04T00:00:00+00:00",1,1,0],["2025-07-08T00:00:00+00:00",1,1,0],["2025-09-22T00:00:00+00:00",1,1,0]]},"geometry":{"type":"Point","coordinates":[34.423033,31.49906]}},{"type":"Feature","properties":{"site_id":26,"event_code":"CE20231007PSE","latest_date":"2025-09-22T00:00:00+00:00","latest_class":1,"pass_count":12,"h":[["2023-11-26T00:00:00+00:00",2,1,3],["2024-01-06T00:00:00+00:00",2,1,0],["2024-02-29T00:00:00+00:00",2,1,0],["2024-04-01T00:00:00+00:00",2,1,0],["2024-05-03T00:00:00+00:00",2,1,0],["2024-07-06T00:00:00+00:00",2,1,0],["2024-09-06T00:00:00+00:00",2,1,0],["2024-12-01T00:00:00+00:00",1,1,1],["2025-02-25T00:00:00+00:00",1,1,0],["2025-04-04T00:00:00+00:00",1,1,0],["2025-07-08T00:00:00+00:00",1,1,0],["2025-09-22T00:00:00+00:00",1,1,0]]},"geometry":{"type":"Point","coordinates":[34.422915,31.49749]}},{"type":"Feature","properties":{"site_id":26,"event_code":"CE20231007PSE","latest_date":"2025-09-22T00:00:00+00:00","latest_class":1,"pass_count":14,"h":[["2023-10-15T00:00:00+00:00",4,3,null],["2023-11-07T00:00:00+00:00",4,3,0],["2023-11-26T00:00:00+00:00",3,2,1],["2024-01-06T00:00:00+00:00",3,2,0],["2024-02-29T00:00:00+00:00",3,2,0],["2024-04-01T00:00:00+00:00",3,2,0],["2024-05-03T00:00:00+00:00",3,2,0],["2024-07-06T00:00:00+00:00",1,1,1],["2024-09-06T00:00:00+00:00",1,1,0],["2024-12-01T00:00:00+00:00",1,1,0],["2025-02-25T00:00:00+00:00",1,1,0],["2025-04-04T00:00:00+00:00",1,1,0],["2025-07-08T00:00:00+00:00",1,1,0],["2025-09-22T00:00:00+00:00",1,1,0]]},"geometry":{"type":"Point","coordinates":[34.422247,31.498037]}},{"type":"Feature","properties":{"site_id":26,"event_code":"CE20231007PSE","latest_date":"2025-09-22T00:00:00+00:00","latest_class":1,"pass_count":12,"h":[["2023-11-26T00:00:00+00:00",3,2,3],["2024-01-06T00:00:00+00:00",3,2,0],["2024-02-29T00:00:00+00:00",3,2,0],["2024-04-01T00:00:00+00:00",3,2,0],["2024-05-03T00:00:00+00:00",3,2,0],["2024-07-06T00:00:00+00:00",3,2,0],["2024-09-06T00:00:00+00:00",3,2,0],["2024-12-01T00:00:00+00:00",1,1,1],["2025-02-25T00:00:00+00:00",1,1,0],["2025-04-04T00:00:00+00:00",1,1,0],["2025-07-08T00:00:00+00:00",1,1,0],["2025-09-22T00:00:00+00:00",1,1,0]]},"geometry":{"type":"Point","coordinates":[34.422382,31.497589]}},{"type":"Feature","properties":{"site_id":26,"event_code":"CE20231007PSE","latest_date":"2025-09-22T00:00:00+00:00","latest_class":1,"pass_count":12,"h":[["2023-11-26T00:00:00+00:00",3,2,3],["2024-01-06T00:00:00+00:00",3,2,0],["2024-02-29T00:00:00+00:00",3,2,0],["2024-04-01T00:00:00+00:00",3,2,0],["2024-05-03T00:00:00+00:00",3,2,0],["2024-07-06T00:00:00+00:00",3,2,0],["2024-09-06T00:00:00+00:00",3,2,0],["2024-12-01T00:00:00+00:00",1,1,1],["2025-02-25T00:00:00+00:00",1,1,0],["2025-04-04T00:00:00+00:00",1,1,0],["2025-07-08T00:00:00+00:00",1,1,0],["2025-09-22T00:00:00+00:00",1,1,0]]},"geometry":{"type":"Point","coordinates":[34.422428,31.497624]}},{"type":"Feature","properties":{"site_id":26,"event_code":"CE20231007PSE","latest_date":"2025-09-22T00:00:00+00:00","latest_class":1,"pass_count":12,"h":[["2023-11-26T00:00:00+00:00",3,2,3],["2024-01-06T00:00:00+00:00",3,2,0],["2024-02-29T00:00:00+00:00",3,2,0],["2024-04-01T00:00:00+00:00",3,2,0],["2024-05-03T00:00:00+00:00",3,2,0],["2024-07-06T00:00:00+00:00",3,2,0],["2024-09-06T00:00:00+00:00",3,2,0],["2024-12-01T00:00:00+00:00",1,1,1],["2025-02-25T00:00:00+00:00",1,1,0],["2025-04-04T00:00:00+00:00",1,1,0],["2025-07-08T00:00:00+00:00",1,1,0],["2025-09-22T00:00:00+00:00",1,1,0]]},"geometry":{"type":"Point","coordinates":[34.422273,31.497664]}},{"type":"Feature","properties":{"site_id":26,"event_code":"CE20231007PSE","latest_date":"2025-09-22T00:00:00+00:00","latest_class":1,"pass_count":12,"h":[["2023-11-26T00:00:00+00:00",3,2,3],["2024-01-06T00:00:00+00:00",3,2,0],["2024-02-29T00:00:00+00:00",3,2,0],["2024-04-01T00:00:00+00:00",3,2,0],["2024-05-03T00:00:00+00:00",3,2,0],["2024-07-06T00:00:00+00:00",2,1,1],["2024-09-06T00:00:00+00:00",2,1,0],["2024-12-01T00:00:00+00:00",1,1,1],["2025-02-25T00:00:00+00:00",1,1,0],["2025-04-04T00:00:00+00:00",1,1,0],["2025-07-08T00:00:00+00:00",1,1,0],["2025-09-22T00:00:00+00:00",1,1,0]]},"geometry":{"type":"Point","coordinates":[34.422674,31.497649]}},{"type":"Feature","properties":{"site_id":26,"event_code":"CE20231007PSE","latest_date":"2025-09-22T00:00:00+00:00","latest_class":1,"pass_count":12,"h":[["2023-11-26T00:00:00+00:00",2,1,3],["2024-01-06T00:00:00+00:00",2,1,0],["2024-02-29T00:00:00+00:00",2,1,0],["2024-04-01T00:00:00+00:00",2,1,0],["2024-05-03T00:00:00+00:00",2,1,0],["2024-07-06T00:00:00+00:00",2,1,0],["2024-09-06T00:00:00+00:00",2,1,0],["2024-12-01T00:00:00+00:00",1,1,1],["2025-02-25T00:00:00+00:00",1,1,0],["2025-04-04T00:00:00+00:00",1,1,0],["2025-07-08T00:00:00+00:00",1,1,0],["2025-09-22T00:00:00+00:00",1,1,0]]},"geometry":{"type":"Point","coordinates":[34.423034,31.49753]}},{"type":"Feature","properties":{"site_id":26,"event_code":"CE20231007PSE","latest_date":"2025-09-22T00:00:00+00:00","latest_class":1,"pass_count":12,"h":[["2023-11-26T00:00:00+00:00",3,2,3],["2024-01-06T00:00:00+00:00",3,2,0],["2024-02-29T00:00:00+00:00",1,1,1],["2024-04-01T00:00:00+00:00",1,1,0],["2024-05-03T00:00:00+00:00",1,1,0],["2024-07-06T00:00:00+00:00",1,1,0],["2024-09-06T00:00:00+00:00",1,1,0],["2024-12-01T00:00:00+00:00",1,1,0],["2025-02-25T00:00:00+00:00",1,1,0],["2025-04-04T00:00:00+00:00",1,1,0],["2025-07-08T00:00:00+00:00",1,1,0],["2025-09-22T00:00:00+00:00",1,1,0]]},"geometry":{"type":"Point","coordinates":[34.425987,31.497634]}},{"type":"Feature","properties":{"site_id":26,"event_code":"CE20231007PSE","latest_date":"2025-09-22T00:00:00+00:00","latest_class":1,"pass_count":12,"h":[["2023-11-26T00:00:00+00:00",3,2,3],["2024-01-06T00:00:00+00:00",3,2,0],["2024-02-29T00:00:00+00:00",3,2,0],["2024-04-01T00:00:00+00:00",3,2,0],["2024-05-03T00:00:00+00:00",3,2,0],["2024-07-06T00:00:00+00:00",3,2,0],["2024-09-06T00:00:00+00:00",3,2,0],["2024-12-01T00:00:00+00:00",1,1,1],["2025-02-25T00:00:00+00:00",1,1,0],["2025-04-04T00:00:00+00:00",1,1,0],["2025-07-08T00:00:00+00:00",1,1,0],["2025-09-22T00:00:00+00:00",1,1,0]]},"geometry":{"type":"Point","coordinates":[34.426984,31.497713]}},{"type":"Feature","properties":{"site_id":26,"event_code":"CE20231007PSE","latest_date":"2025-09-22T00:00:00+00:00","latest_class":1,"pass_count":11,"h":[["2024-01-06T00:00:00+00:00",3,2,3],["2024-02-29T00:00:00+00:00",3,2,0],["2024-04-01T00:00:00+00:00",3,2,0],["2024-05-03T00:00:00+00:00",3,2,0],["2024-07-06T00:00:00+00:00",3,2,0],["2024-09-06T00:00:00+00:00",3,2,0],["2024-12-01T00:00:00+00:00",3,2,0],["2025-02-25T00:00:00+00:00",1,1,1],["2025-04-04T00:00:00+00:00",1,1,0],["2025-07-08T00:00:00+00:00",1,1,0],["2025-09-22T00:00:00+00:00",1,1,0]]},"geometry":{"type":"Point","coordinates":[34.423295,31.500418]}},{"type":"Feature","properties":{"site_id":26,"event_code":"CE20231007PSE","latest_date":"2025-09-22T00:00:00+00:00","latest_class":1,"pass_count":11,"h":[["2024-01-06T00:00:00+00:00",3,2,3],["2024-02-29T00:00:00+00:00",2,1,1],["2024-04-01T00:00:00+00:00",2,1,0],["2024-05-03T00:00:00+00:00",2,1,0],["2024-07-06T00:00:00+00:00",2,1,0],["2024-09-06T00:00:00+00:00",2,1,0],["2024-12-01T00:00:00+00:00",1,1,1],["2025-02-25T00:00:00+00:00",1,1,0],["2025-04-04T00:00:00+00:00",1,1,0],["2025-07-08T00:00:00+00:00",1,1,0],["2025-09-22T00:00:00+00:00",1,1,0]]},"geometry":{"type":"Point","coordinates":[34.422178,31.500597]}},{"type":"Feature","properties":{"site_id":26,"event_code":"CE20231007PSE","latest_date":"2025-09-22T00:00:00+00:00","latest_class":1,"pass_count":13,"h":[["2023-11-07T00:00:00+00:00",4,3,3],["2023-11-26T00:00:00+00:00",4,3,0],["2024-01-06T00:00:00+00:00",4,3,0],["2024-02-29T00:00:00+00:00",2,2,1],["2024-04-01T00:00:00+00:00",2,2,0],["2024-05-03T00:00:00+00:00",2,2,0],["2024-07-06T00:00:00+00:00",2,2,0],["2024-09-06T00:00:00+00:00",2,2,0],["2024-12-01T00:00:00+00:00",1,1,1],["2025-02-25T00:00:00+00:00",1,1,0],["2025-04-04T00:00:00+00:00",1,1,0],["2025-07-08T00:00:00+00:00",1,1,0],["2025-09-22T00:00:00+00:00",1,1,0]]},"geometry":{"type":"Point","coordinates":[34.426593,31.497584]}},{"type":"Feature","properties":{"site_id":26,"event_code":"CE20231007PSE","latest_date":"2025-09-22T00:00:00+00:00","latest_class":1,"pass_count":13,"h":[["2023-11-07T00:00:00+00:00",4,3,3],["2023-11-26T00:00:00+00:00",4,3,0],["2024-01-06T00:00:00+00:00",4,3,0],["2024-02-29T00:00:00+00:00",1,1,1],["2024-04-01T00:00:00+00:00",1,1,0],["2024-05-03T00:00:00+00:00",1,1,0],["2024-07-06T00:00:00+00:00",1,1,0],["2024-09-06T00:00:00+00:00",1,1,0],["2024-12-01T00:00:00+00:00",1,1,0],["2025-02-25T00:00:00+00:00",1,1,0],["2025-04-04T00:00:00+00:00",1,1,0],["2025-07-08T00:00:00+00:00",1,1,0],["2025-09-22T00:00:00+00:00",1,1,0]]},"geometry":{"type":"Point","coordinates":[34.426436,31.497556]}},{"type":"Feature","properties":{"site_id":26,"event_code":"CE20231007PSE","latest_date":"2025-09-22T00:00:00+00:00","latest_class":1,"pass_count":10,"h":[["2024-02-29T00:00:00+00:00",1,1,3],["2024-04-01T00:00:00+00:00",1,1,0],["2024-05-03T00:00:00+00:00",1,1,0],["2024-07-06T00:00:00+00:00",1,1,0],["2024-09-06T00:00:00+00:00",1,1,0],["2024-12-01T00:00:00+00:00",1,1,0],["2025-02-25T00:00:00+00:00",1,1,0],["2025-04-04T00:00:00+00:00",1,1,0],["2025-07-08T00:00:00+00:00",1,1,0],["2025-09-22T00:00:00+00:00",1,1,0]]},"geometry":{"type":"Point","coordinates":[34.425874,31.497962]}},{"type":"Feature","properties":{"site_id":26,"event_code":"CE20231007PSE","latest_date":"2025-09-22T00:00:00+00:00","latest_class":1,"pass_count":10,"h":[["2024-02-29T00:00:00+00:00",1,1,3],["2024-04-01T00:00:00+00:00",1,1,0],["2024-05-03T00:00:00+00:00",1,1,0],["2024-07-06T00:00:00+00:00",1,1,0],["2024-09-06T00:00:00+00:00",1,1,0],["2024-12-01T00:00:00+00:00",1,1,0],["2025-02-25T00:00:00+00:00",1,1,0],["2025-04-04T00:00:00+00:00",1,1,0],["2025-07-08T00:00:00+00:00",1,1,0],["2025-09-22T00:00:00+00:00",1,1,0]]},"geometry":{"type":"Point","coordinates":[34.426166,31.497837]}},{"type":"Feature","properties":{"site_id":26,"event_code":"CE20231007PSE","latest_date":"2025-09-22T00:00:00+00:00","latest_class":1,"pass_count":11,"h":[["2024-01-06T00:00:00+00:00",1,1,3],["2024-02-29T00:00:00+00:00",1,1,0],["2024-04-01T00:00:00+00:00",1,1,0],["2024-05-03T00:00:00+00:00",1,1,0],["2024-07-06T00:00:00+00:00",1,1,0],["2024-09-06T00:00:00+00:00",1,1,0],["2024-12-01T00:00:00+00:00",1,1,0],["2025-02-25T00:00:00+00:00",1,1,0],["2025-04-04T00:00:00+00:00",1,1,0],["2025-07-08T00:00:00+00:00",1,1,0],["2025-09-22T00:00:00+00:00",1,1,0]]},"geometry":{"type":"Point","coordinates":[34.422002,31.502899]}},{"type":"Feature","properties":{"site_id":26,"event_code":"CE20231007PSE","latest_date":"2025-09-22T00:00:00+00:00","latest_class":1,"pass_count":10,"h":[["2024-02-29T00:00:00+00:00",1,1,3],["2024-04-01T00:00:00+00:00",1,1,0],["2024-05-03T00:00:00+00:00",1,1,0],["2024-07-06T00:00:00+00:00",1,1,0],["2024-09-06T00:00:00+00:00",1,1,0],["2024-12-01T00:00:00+00:00",1,1,0],["2025-02-25T00:00:00+00:00",1,1,0],["2025-04-04T00:00:00+00:00",1,1,0],["2025-07-08T00:00:00+00:00",1,1,0],["2025-09-22T00:00:00+00:00",1,1,0]]},"geometry":{"type":"Point","coordinates":[34.423581,31.499942]}},{"type":"Feature","properties":{"site_id":26,"event_code":"CE20231007PSE","latest_date":"2025-09-22T00:00:00+00:00","latest_class":1,"pass_count":13,"h":[["2023-11-07T00:00:00+00:00",2,1,3],["2023-11-26T00:00:00+00:00",1,1,1],["2024-01-06T00:00:00+00:00",1,1,0],["2024-02-29T00:00:00+00:00",1,1,0],["2024-04-01T00:00:00+00:00",1,1,0],["2024-05-03T00:00:00+00:00",1,1,0],["2024-07-06T00:00:00+00:00",1,1,0],["2024-09-06T00:00:00+00:00",1,1,0],["2024-12-01T00:00:00+00:00",1,1,0],["2025-02-25T00:00:00+00:00",1,1,0],["2025-04-04T00:00:00+00:00",1,1,0],["2025-07-08T00:00:00+00:00",1,1,0],["2025-09-22T00:00:00+00:00",1,1,0]]},"geometry":{"type":"Point","coordinates":[34.418078,31.506828]}},{"type":"Feature","properties":{"site_id":26,"event_code":"CE20231007PSE","latest_date":"2025-09-22T00:00:00+00:00","latest_class":1,"pass_count":13,"h":[["2023-11-07T00:00:00+00:00",1,1,3],["2023-11-26T00:00:00+00:00",1,1,0],["2024-01-06T00:00:00+00:00",1,1,0],["2024-02-29T00:00:00+00:00",1,1,0],["2024-04-01T00:00:00+00:00",1,1,0],["2024-05-03T00:00:00+00:00",1,1,0],["2024-07-06T00:00:00+00:00",1,1,0],["2024-09-06T00:00:00+00:00",1,1,0],["2024-12-01T00:00:00+00:00",1,1,0],["2025-02-25T00:00:00+00:00",1,1,0],["2025-04-04T00:00:00+00:00",1,1,0],["2025-07-08T00:00:00+00:00",1,1,0],["2025-09-22T00:00:00+00:00",1,1,0]]},"geometry":{"type":"Point","coordinates":[34.418497,31.505802]}},{"type":"Feature","properties":{"site_id":26,"event_code":"CE20231007PSE","latest_date":"2025-09-22T00:00:00+00:00","latest_class":1,"pass_count":13,"h":[["2023-11-07T00:00:00+00:00",2,1,3],["2023-11-26T00:00:00+00:00",2,1,0],["2024-01-06T00:00:00+00:00",2,1,0],["2024-02-29T00:00:00+00:00",2,1,0],["2024-04-01T00:00:00+00:00",2,1,0],["2024-05-03T00:00:00+00:00",2,1,0],["2024-07-06T00:00:00+00:00",2,1,0],["2024-09-06T00:00:00+00:00",2,1,0],["2024-12-01T00:00:00+00:00",2,1,0],["2025-02-25T00:00:00+00:00",1,1,1],["2025-04-04T00:00:00+00:00",1,1,0],["2025-07-08T00:00:00+00:00",1,1,0],["2025-09-22T00:00:00+00:00",1,1,0]]},"geometry":{"type":"Point","coordinates":[34.419126,31.505993]}},{"type":"Feature","properties":{"site_id":26,"event_code":"CE20231007PSE","latest_date":"2025-09-22T00:00:00+00:00","latest_class":1,"pass_count":13,"h":[["2023-11-07T00:00:00+00:00",2,1,3],["2023-11-26T00:00:00+00:00",2,1,0],["2024-01-06T00:00:00+00:00",2,1,0],["2024-02-29T00:00:00+00:00",2,1,0],["2024-04-01T00:00:00+00:00",1,1,1],["2024-05-03T00:00:00+00:00",1,1,0],["2024-07-06T00:00:00+00:00",1,1,0],["2024-09-06T00:00:00+00:00",1,1,0],["2024-12-01T00:00:00+00:00",1,1,0],["2025-02-25T00:00:00+00:00",1,1,0],["2025-04-04T00:00:00+00:00",1,1,0],["2025-07-08T00:00:00+00:00",1,1,0],["2025-09-22T00:00:00+00:00",1,1,0]]},"geometry":{"type":"Point","coordinates":[34.419287,31.506357]}},{"type":"Feature","properties":{"site_id":26,"event_code":"CE20231007PSE","latest_date":"2025-09-22T00:00:00+00:00","latest_class":2,"pass_count":13,"h":[["2023-11-07T00:00:00+00:00",2,1,3],["2023-11-26T00:00:00+00:00",2,1,0],["2024-01-06T00:00:00+00:00",2,1,0],["2024-02-29T00:00:00+00:00",2,1,0],["2024-04-01T00:00:00+00:00",2,1,0],["2024-05-03T00:00:00+00:00",2,1,0],["2024-07-06T00:00:00+00:00",2,1,0],["2024-09-06T00:00:00+00:00",2,1,0],["2024-12-01T00:00:00+00:00",2,1,0],["2025-02-25T00:00:00+00:00",2,1,0],["2025-04-04T00:00:00+00:00",2,1,0],["2025-07-08T00:00:00+00:00",2,1,0],["2025-09-22T00:00:00+00:00",2,1,0]]},"geometry":{"type":"Point","coordinates":[34.419469,31.505611]}},{"type":"Feature","properties":{"site_id":26,"event_code":"CE20231007PSE","latest_date":"2025-09-22T00:00:00+00:00","latest_class":1,"pass_count":13,"h":[["2023-11-07T00:00:00+00:00",3,2,3],["2023-11-26T00:00:00+00:00",3,2,0],["2024-01-06T00:00:00+00:00",3,2,0],["2024-02-29T00:00:00+00:00",1,1,1],["2024-04-01T00:00:00+00:00",1,1,0],["2024-05-03T00:00:00+00:00",1,1,0],["2024-07-06T00:00:00+00:00",1,1,0],["2024-09-06T00:00:00+00:00",1,1,0],["2024-12-01T00:00:00+00:00",1,1,0],["2025-02-25T00:00:00+00:00",1,1,0],["2025-04-04T00:00:00+00:00",1,1,0],["2025-07-08T00:00:00+00:00",1,1,0],["2025-09-22T00:00:00+00:00",1,1,0]]},"geometry":{"type":"Point","coordinates":[34.418969,31.505713]}},{"type":"Feature","properties":{"site_id":28,"event_code":"CE20231007PSE","latest_date":"2025-09-22T00:00:00+00:00","latest_class":1,"pass_count":13,"h":[["2023-11-07T00:00:00+00:00",3,2,3],["2023-11-26T00:00:00+00:00",3,2,0],["2024-01-06T00:00:00+00:00",3,2,0],["2024-02-29T00:00:00+00:00",3,2,0],["2024-04-01T00:00:00+00:00",1,1,1],["2024-05-03T00:00:00+00:00",1,1,0],["2024-07-06T00:00:00+00:00",1,1,0],["2024-09-06T00:00:00+00:00",1,1,0],["2024-12-01T00:00:00+00:00",1,1,0],["2025-02-25T00:00:00+00:00",1,1,0],["2025-04-04T00:00:00+00:00",1,1,0],["2025-07-08T00:00:00+00:00",1,1,0],["2025-09-22T00:00:00+00:00",1,1,0]]},"geometry":{"type":"Point","coordinates":[34.417662,31.505473]}},{"type":"Feature","properties":{"site_id":54,"event_code":"CE20231007PSE","latest_date":"2025-09-22T00:00:00+00:00","latest_class":1,"pass_count":13,"h":[["2023-11-07T00:00:00+00:00",3,2,3],["2023-11-26T00:00:00+00:00",1,1,1],["2024-01-06T00:00:00+00:00",1,1,0],["2024-02-29T00:00:00+00:00",1,1,0],["2024-04-01T00:00:00+00:00",1,1,0],["2024-05-03T00:00:00+00:00",1,1,0],["2024-07-06T00:00:00+00:00",1,1,0],["2024-09-06T00:00:00+00:00",1,1,0],["2024-12-01T00:00:00+00:00",1,1,0],["2025-02-25T00:00:00+00:00",1,1,0],["2025-04-04T00:00:00+00:00",1,1,0],["2025-07-08T00:00:00+00:00",1,1,0],["2025-09-22T00:00:00+00:00",1,1,0]]},"geometry":{"type":"Point","coordinates":[34.417951,31.505561]}},{"type":"Feature","properties":{"site_id":26,"event_code":"CE20231007PSE","latest_date":"2025-09-22T00:00:00+00:00","latest_class":2,"pass_count":13,"h":[["2023-11-07T00:00:00+00:00",2,1,3],["2023-11-26T00:00:00+00:00",2,1,0],["2024-01-06T00:00:00+00:00",2,1,0],["2024-02-29T00:00:00+00:00",2,1,0],["2024-04-01T00:00:00+00:00",2,1,0],["2024-05-03T00:00:00+00:00",2,1,0],["2024-07-06T00:00:00+00:00",2,1,0],["2024-09-06T00:00:00+00:00",2,1,0],["2024-12-01T00:00:00+00:00",2,1,0],["2025-02-25T00:00:00+00:00",2,1,0],["2025-04-04T00:00:00+00:00",2,1,0],["2025-07-08T00:00:00+00:00",2,1,0],["2025-09-22T00:00:00+00:00",2,1,0]]},"geometry":{"type":"Point","coordinates":[34.417746,31.505149]}},{"type":"Feature","properties":{"site_id":26,"event_code":"CE20231007PSE","latest_date":"2025-09-22T00:00:00+00:00","latest_class":2,"pass_count":13,"h":[["2023-11-07T00:00:00+00:00",3,2,3],["2023-11-26T00:00:00+00:00",3,2,0],["2024-01-06T00:00:00+00:00",3,2,0],["2024-02-29T00:00:00+00:00",3,2,0],["2024-04-01T00:00:00+00:00",2,1,1],["2024-05-03T00:00:00+00:00",2,1,0],["2024-07-06T00:00:00+00:00",2,1,0],["2024-09-06T00:00:00+00:00",2,1,0],["2024-12-01T00:00:00+00:00",2,1,0],["2025-02-25T00:00:00+00:00",2,1,0],["2025-04-04T00:00:00+00:00",2,1,0],["2025-07-08T00:00:00+00:00",2,1,0],["2025-09-22T00:00:00+00:00",2,1,0]]},"geometry":{"type":"Point","coordinates":[34.418867,31.504741]}},{"type":"Feature","properties":{"site_id":26,"event_code":"CE20231007PSE","latest_date":"2025-09-22T00:00:00+00:00","latest_class":1,"pass_count":13,"h":[["2023-11-07T00:00:00+00:00",1,1,3],["2023-11-26T00:00:00+00:00",1,1,0],["2024-01-06T00:00:00+00:00",1,1,0],["2024-02-29T00:00:00+00:00",1,1,0],["2024-04-01T00:00:00+00:00",1,1,0],["2024-05-03T00:00:00+00:00",1,1,0],["2024-07-06T00:00:00+00:00",1,1,0],["2024-09-06T00:00:00+00:00",1,1,0],["2024-12-01T00:00:00+00:00",1,1,0],["2025-02-25T00:00:00+00:00",1,1,0],["2025-04-04T00:00:00+00:00",1,1,0],["2025-07-08T00:00:00+00:00",1,1,0],["2025-09-22T00:00:00+00:00",1,1,0]]},"geometry":{"type":"Point","coordinates":[34.417136,31.505037]}},{"type":"Feature","properties":{"site_id":26,"event_code":"CE20231007PSE","latest_date":"2025-09-22T00:00:00+00:00","latest_class":1,"pass_count":13,"h":[["2023-11-07T00:00:00+00:00",2,1,3],["2023-11-26T00:00:00+00:00",2,1,0],["2024-01-06T00:00:00+00:00",2,1,0],["2024-02-29T00:00:00+00:00",2,1,0],["2024-04-01T00:00:00+00:00",1,1,1],["2024-05-03T00:00:00+00:00",1,1,0],["2024-07-06T00:00:00+00:00",1,1,0],["2024-09-06T00:00:00+00:00",1,1,0],["2024-12-01T00:00:00+00:00",1,1,0],["2025-02-25T00:00:00+00:00",1,1,0],["2025-04-04T00:00:00+00:00",1,1,0],["2025-07-08T00:00:00+00:00",1,1,0],["2025-09-22T00:00:00+00:00",1,1,0]]},"geometry":{"type":"Point","coordinates":[34.417541,31.504721]}},{"type":"Feature","properties":{"site_id":26,"event_code":"CE20231007PSE","latest_date":"2025-09-22T00:00:00+00:00","latest_class":1,"pass_count":12,"h":[["2023-11-26T00:00:00+00:00",3,2,3],["2024-01-06T00:00:00+00:00",3,2,0],["2024-02-29T00:00:00+00:00",3,2,0],["2024-04-01T00:00:00+00:00",1,1,1],["2024-05-03T00:00:00+00:00",1,1,0],["2024-07-06T00:00:00+00:00",1,1,0],["2024-09-06T00:00:00+00:00",1,1,0],["2024-12-01T00:00:00+00:00",1,1,0],["2025-02-25T00:00:00+00:00",1,1,0],["2025-04-04T00:00:00+00:00",1,1,0],["2025-07-08T00:00:00+00:00",1,1,0],["2025-09-22T00:00:00+00:00",1,1,0]]},"geometry":{"type":"Point","coordinates":[34.417339,31.505127]}},{"type":"Feature","properties":{"site_id":26,"event_code":"CE20231007PSE","latest_date":"2025-09-22T00:00:00+00:00","latest_class":2,"pass_count":12,"h":[["2023-11-26T00:00:00+00:00",3,2,3],["2024-01-06T00:00:00+00:00",2,1,1],["2024-02-29T00:00:00+00:00",2,1,0],["2024-04-01T00:00:00+00:00",2,1,0],["2024-05-03T00:00:00+00:00",2,1,0],["2024-07-06T00:00:00+00:00",2,1,0],["2024-09-06T00:00:00+00:00",2,1,0],["2024-12-01T00:00:00+00:00",2,1,0],["2025-02-25T00:00:00+00:00",2,1,0],["2025-04-04T00:00:00+00:00",2,1,0],["2025-07-08T00:00:00+00:00",2,1,0],["2025-09-22T00:00:00+00:00",2,1,0]]},"geometry":{"type":"Point","coordinates":[34.416969,31.504834]}},{"type":"Feature","properties":{"site_id":26,"event_code":"CE20231007PSE","latest_date":"2025-09-22T00:00:00+00:00","latest_class":1,"pass_count":12,"h":[["2023-11-26T00:00:00+00:00",3,2,3],["2024-01-06T00:00:00+00:00",1,1,1],["2024-02-29T00:00:00+00:00",1,1,0],["2024-04-01T00:00:00+00:00",1,1,0],["2024-05-03T00:00:00+00:00",1,1,0],["2024-07-06T00:00:00+00:00",1,1,0],["2024-09-06T00:00:00+00:00",1,1,0],["2024-12-01T00:00:00+00:00",1,1,0],["2025-02-25T00:00:00+00:00",1,1,0],["2025-04-04T00:00:00+00:00",1,1,0],["2025-07-08T00:00:00+00:00",1,1,0],["2025-09-22T00:00:00+00:00",1,1,0]]},"geometry":{"type":"Point","coordinates":[34.417066,31.504781]}},{"type":"Feature","properties":{"site_id":26,"event_code":"CE20231007PSE","latest_date":"2025-09-22T00:00:00+00:00","latest_class":1,"pass_count":13,"h":[["2023-11-07T00:00:00+00:00",4,3,3],["2023-11-26T00:00:00+00:00",3,2,1],["2024-01-06T00:00:00+00:00",3,2,0],["2024-02-29T00:00:00+00:00",3,2,0],["2024-04-01T00:00:00+00:00",1,1,1],["2024-05-03T00:00:00+00:00",1,1,0],["2024-07-06T00:00:00+00:00",1,1,0],["2024-09-06T00:00:00+00:00",1,1,0],["2024-12-01T00:00:00+00:00",1,1,0],["2025-02-25T00:00:00+00:00",1,1,0],["2025-04-04T00:00:00+00:00",1,1,0],["2025-07-08T00:00:00+00:00",1,1,0],["2025-09-22T00:00:00+00:00",1,1,0]]},"geometry":{"type":"Point","coordinates":[34.418149,31.505047]}},{"type":"Feature","properties":{"site_id":26,"event_code":"CE20231007PSE","latest_date":"2025-09-22T00:00:00+00:00","latest_class":1,"pass_count":13,"h":[["2023-11-07T00:00:00+00:00",4,3,3],["2023-11-26T00:00:00+00:00",3,2,1],["2024-01-06T00:00:00+00:00",3,2,0],["2024-02-29T00:00:00+00:00",3,2,0],["2024-04-01T00:00:00+00:00",3,2,0],["2024-05-03T00:00:00+00:00",3,2,0],["2024-07-06T00:00:00+00:00",3,2,0],["2024-09-06T00:00:00+00:00",3,2,0],["2024-12-01T00:00:00+00:00",3,2,0],["2025-02-25T00:00:00+00:00",1,1,1],["2025-04-04T00:00:00+00:00",1,1,0],["2025-07-08T00:00:00+00:00",1,1,0],["2025-09-22T00:00:00+00:00",1,1,0]]},"geometry":{"type":"Point","coordinates":[34.417906,31.505013]}},{"type":"Feature","properties":{"site_id":26,"event_code":"CE20231007PSE","latest_date":"2025-09-22T00:00:00+00:00","latest_class":1,"pass_count":13,"h":[["2023-11-07T00:00:00+00:00",4,3,3],["2023-11-26T00:00:00+00:00",4,3,0],["2024-01-06T00:00:00+00:00",3,2,1],["2024-02-29T00:00:00+00:00",1,1,1],["2024-04-01T00:00:00+00:00",1,1,0],["2024-05-03T00:00:00+00:00",1,1,0],["2024-07-06T00:00:00+00:00",1,1,0],["2024-09-06T00:00:00+00:00",1,1,0],["2024-12-01T00:00:00+00:00",1,1,0],["2025-02-25T00:00:00+00:00",1,1,0],["2025-04-04T00:00:00+00:00",1,1,0],["2025-07-08T00:00:00+00:00",1,1,0],["2025-09-22T00:00:00+00:00",1,1,0]]},"geometry":{"type":"Point","coordinates":[34.418778,31.505762]}},{"type":"Feature","properties":{"site_id":26,"event_code":"CE20231007PSE","latest_date":"2025-09-22T00:00:00+00:00","latest_class":1,"pass_count":10,"h":[["2024-02-29T00:00:00+00:00",1,1,3],["2024-04-01T00:00:00+00:00",1,1,0],["2024-05-03T00:00:00+00:00",1,1,0],["2024-07-06T00:00:00+00:00",1,1,0],["2024-09-06T00:00:00+00:00",1,1,0],["2024-12-01T00:00:00+00:00",1,1,0],["2025-02-25T00:00:00+00:00",1,1,0],["2025-04-04T00:00:00+00:00",1,1,0],["2025-07-08T00:00:00+00:00",1,1,0],["2025-09-22T00:00:00+00:00",1,1,0]]},"geometry":{"type":"Point","coordinates":[34.418277,31.506038]}},{"type":"Feature","properties":{"site_id":26,"event_code":"CE20231007PSE","latest_date":"2025-09-22T00:00:00+00:00","latest_class":1,"pass_count":10,"h":[["2024-02-29T00:00:00+00:00",1,1,3],["2024-04-01T00:00:00+00:00",1,1,0],["2024-05-03T00:00:00+00:00",1,1,0],["2024-07-06T00:00:00+00:00",1,1,0],["2024-09-06T00:00:00+00:00",1,1,0],["2024-12-01T00:00:00+00:00",1,1,0],["2025-02-25T00:00:00+00:00",1,1,0],["2025-04-04T00:00:00+00:00",1,1,0],["2025-07-08T00:00:00+00:00",1,1,0],["2025-09-22T00:00:00+00:00",1,1,0]]},"geometry":{"type":"Point","coordinates":[34.4181,31.505858]}},{"type":"Feature","properties":{"site_id":26,"event_code":"CE20231007PSE","latest_date":"2025-09-22T00:00:00+00:00","latest_class":1,"pass_count":10,"h":[["2024-02-29T00:00:00+00:00",3,2,3],["2024-04-01T00:00:00+00:00",1,1,1],["2024-05-03T00:00:00+00:00",1,1,0],["2024-07-06T00:00:00+00:00",1,1,0],["2024-09-06T00:00:00+00:00",1,1,0],["2024-12-01T00:00:00+00:00",1,1,0],["2025-02-25T00:00:00+00:00",1,1,0],["2025-04-04T00:00:00+00:00",1,1,0],["2025-07-08T00:00:00+00:00",1,1,0],["2025-09-22T00:00:00+00:00",1,1,0]]},"geometry":{"type":"Point","coordinates":[34.418412,31.506158]}},{"type":"Feature","properties":{"site_id":26,"event_code":"CE20231007PSE","latest_date":"2025-09-22T00:00:00+00:00","latest_class":1,"pass_count":10,"h":[["2024-02-29T00:00:00+00:00",1,1,3],["2024-04-01T00:00:00+00:00",1,1,0],["2024-05-03T00:00:00+00:00",1,1,0],["2024-07-06T00:00:00+00:00",1,1,0],["2024-09-06T00:00:00+00:00",1,1,0],["2024-12-01T00:00:00+00:00",1,1,0],["2025-02-25T00:00:00+00:00",1,1,0],["2025-04-04T00:00:00+00:00",1,1,0],["2025-07-08T00:00:00+00:00",1,1,0],["2025-09-22T00:00:00+00:00",1,1,0]]},"geometry":{"type":"Point","coordinates":[34.418626,31.504925]}},{"type":"Feature","properties":{"site_id":26,"event_code":"CE20231007PSE","latest_date":"2025-09-22T00:00:00+00:00","latest_class":1,"pass_count":10,"h":[["2024-02-29T00:00:00+00:00",2,1,3],["2024-04-01T00:00:00+00:00",1,1,1],["2024-05-03T00:00:00+00:00",1,1,0],["2024-07-06T00:00:00+00:00",1,1,0],["2024-09-06T00:00:00+00:00",1,1,0],["2024-12-01T00:00:00+00:00",1,1,0],["2025-02-25T00:00:00+00:00",1,1,0],["2025-04-04T00:00:00+00:00",1,1,0],["2025-07-08T00:00:00+00:00",1,1,0],["2025-09-22T00:00:00+00:00",1,1,0]]},"geometry":{"type":"Point","coordinates":[34.418865,31.505008]}},{"type":"Feature","properties":{"site_id":26,"event_code":"CE20231007PSE","latest_date":"2025-09-22T00:00:00+00:00","latest_class":1,"pass_count":9,"h":[["2024-04-01T00:00:00+00:00",1,1,3],["2024-05-03T00:00:00+00:00",1,1,0],["2024-07-06T00:00:00+00:00",1,1,0],["2024-09-06T00:00:00+00:00",1,1,0],["2024-12-01T00:00:00+00:00",1,1,0],["2025-02-25T00:00:00+00:00",1,1,0],["2025-04-04T00:00:00+00:00",1,1,0],["2025-07-08T00:00:00+00:00",1,1,0],["2025-09-22T00:00:00+00:00",1,1,0]]},"geometry":{"type":"Point","coordinates":[34.418548,31.506283]}},{"type":"Feature","properties":{"site_id":26,"event_code":"CE20231007PSE","latest_date":"2025-09-22T00:00:00+00:00","latest_class":1,"pass_count":9,"h":[["2024-04-01T00:00:00+00:00",1,1,3],["2024-05-03T00:00:00+00:00",1,1,0],["2024-07-06T00:00:00+00:00",1,1,0],["2024-09-06T00:00:00+00:00",1,1,0],["2024-12-01T00:00:00+00:00",1,1,0],["2025-02-25T00:00:00+00:00",1,1,0],["2025-04-04T00:00:00+00:00",1,1,0],["2025-07-08T00:00:00+00:00",1,1,0],["2025-09-22T00:00:00+00:00",1,1,0]]},"geometry":{"type":"Point","coordinates":[34.418419,31.505244]}},{"type":"Feature","properties":{"site_id":54,"event_code":"CE20231007PSE","latest_date":"2025-09-22T00:00:00+00:00","latest_class":1,"pass_count":9,"h":[["2024-04-01T00:00:00+00:00",1,1,3],["2024-05-03T00:00:00+00:00",1,1,0],["2024-07-06T00:00:00+00:00",1,1,0],["2024-09-06T00:00:00+00:00",1,1,0],["2024-12-01T00:00:00+00:00",1,1,0],["2025-02-25T00:00:00+00:00",1,1,0],["2025-04-04T00:00:00+00:00",1,1,0],["2025-07-08T00:00:00+00:00",1,1,0],["2025-09-22T00:00:00+00:00",1,1,0]]},"geometry":{"type":"Point","coordinates":[34.417465,31.505286]}},{"type":"Feature","properties":{"site_id":26,"event_code":"CE20231007PSE","latest_date":"2025-09-22T00:00:00+00:00","latest_class":1,"pass_count":13,"h":[["2023-11-07T00:00:00+00:00",4,3,3],["2023-11-26T00:00:00+00:00",4,3,0],["2024-01-06T00:00:00+00:00",4,3,0],["2024-02-29T00:00:00+00:00",4,3,0],["2024-04-01T00:00:00+00:00",1,1,1],["2024-05-03T00:00:00+00:00",1,1,0],["2024-07-06T00:00:00+00:00",1,1,0],["2024-09-06T00:00:00+00:00",1,1,0],["2024-12-01T00:00:00+00:00",1,1,0],["2025-02-25T00:00:00+00:00",1,1,0],["2025-04-04T00:00:00+00:00",1,1,0],["2025-07-08T00:00:00+00:00",1,1,0],["2025-09-22T00:00:00+00:00",1,1,0]]},"geometry":{"type":"Point","coordinates":[34.41765,31.505228]}},{"type":"Feature","properties":{"site_id":28,"event_code":"CE20231007PSE","latest_date":"2025-09-22T00:00:00+00:00","latest_class":1,"pass_count":13,"h":[["2023-11-07T00:00:00+00:00",4,3,3],["2023-11-26T00:00:00+00:00",4,3,0],["2024-01-06T00:00:00+00:00",4,3,0],["2024-02-29T00:00:00+00:00",4,3,0],["2024-04-01T00:00:00+00:00",1,1,1],["2024-05-03T00:00:00+00:00",1,1,0],["2024-07-06T00:00:00+00:00",1,1,0],["2024-09-06T00:00:00+00:00",1,1,0],["2024-12-01T00:00:00+00:00",1,1,0],["2025-02-25T00:00:00+00:00",1,1,0],["2025-04-04T00:00:00+00:00",1,1,0],["2025-07-08T00:00:00+00:00",1,1,0],["2025-09-22T00:00:00+00:00",1,1,0]]},"geometry":{"type":"Point","coordinates":[34.417841,31.505261]}},{"type":"Feature","properties":{"site_id":26,"event_code":"CE20231007PSE","latest_date":"2025-09-22T00:00:00+00:00","latest_class":1,"pass_count":10,"h":[["2024-02-29T00:00:00+00:00",4,3,3],["2024-04-01T00:00:00+00:00",1,1,1],["2024-05-03T00:00:00+00:00",1,1,0],["2024-07-06T00:00:00+00:00",1,1,0],["2024-09-06T00:00:00+00:00",1,1,0],["2024-12-01T00:00:00+00:00",1,1,0],["2025-02-25T00:00:00+00:00",1,1,0],["2025-04-04T00:00:00+00:00",1,1,0],["2025-07-08T00:00:00+00:00",1,1,0],["2025-09-22T00:00:00+00:00",1,1,0]]},"geometry":{"type":"Point","coordinates":[34.418425,31.5048]}},{"type":"Feature","properties":{"site_id":26,"event_code":"CE20231007PSE","latest_date":"2025-09-22T00:00:00+00:00","latest_class":1,"pass_count":11,"h":[["2024-01-06T00:00:00+00:00",3,2,3],["2024-02-29T00:00:00+00:00",3,2,0],["2024-04-01T00:00:00+00:00",3,2,0],["2024-05-03T00:00:00+00:00",3,2,0],["2024-07-06T00:00:00+00:00",3,2,0],["2024-09-06T00:00:00+00:00",3,2,0],["2024-12-01T00:00:00+00:00",1,1,1],["2025-02-25T00:00:00+00:00",1,1,0],["2025-04-04T00:00:00+00:00",1,1,0],["2025-07-08T00:00:00+00:00",1,1,0],["2025-09-22T00:00:00+00:00",1,1,0]]},"geometry":{"type":"Point","coordinates":[34.420756,31.498701]}},{"type":"Feature","properties":{"site_id":26,"event_code":"CE20231007PSE","latest_date":"2025-09-22T00:00:00+00:00","latest_class":1,"pass_count":8,"h":[["2024-05-03T00:00:00+00:00",1,1,3],["2024-07-06T00:00:00+00:00",1,1,0],["2024-09-06T00:00:00+00:00",1,1,0],["2024-12-01T00:00:00+00:00",1,1,0],["2025-02-25T00:00:00+00:00",1,1,0],["2025-04-04T00:00:00+00:00",1,1,0],["2025-07-08T00:00:00+00:00",1,1,0],["2025-09-22T00:00:00+00:00",1,1,0]]},"geometry":{"type":"Point","coordinates":[34.422018,31.496034]}},{"type":"Feature","properties":{"site_id":26,"event_code":"CE20231007PSE","latest_date":"2025-09-22T00:00:00+00:00","latest_class":1,"pass_count":12,"h":[["2023-11-26T00:00:00+00:00",3,2,3],["2024-01-06T00:00:00+00:00",3,2,0],["2024-02-29T00:00:00+00:00",3,2,0],["2024-04-01T00:00:00+00:00",3,2,0],["2024-05-03T00:00:00+00:00",3,2,0],["2024-07-06T00:00:00+00:00",3,2,0],["2024-09-06T00:00:00+00:00",3,2,0],["2024-12-01T00:00:00+00:00",1,1,1],["2025-02-25T00:00:00+00:00",1,1,0],["2025-04-04T00:00:00+00:00",1,1,0],["2025-07-08T00:00:00+00:00",1,1,0],["2025-09-22T00:00:00+00:00",1,1,0]]},"geometry":{"type":"Point","coordinates":[34.421991,31.496625]}},{"type":"Feature","properties":{"site_id":26,"event_code":"CE20231007PSE","latest_date":"2025-09-22T00:00:00+00:00","latest_class":1,"pass_count":8,"h":[["2024-05-03T00:00:00+00:00",1,1,3],["2024-07-06T00:00:00+00:00",1,1,0],["2024-09-06T00:00:00+00:00",1,1,0],["2024-12-01T00:00:00+00:00",1,1,0],["2025-02-25T00:00:00+00:00",1,1,0],["2025-04-04T00:00:00+00:00",1,1,0],["2025-07-08T00:00:00+00:00",1,1,0],["2025-09-22T00:00:00+00:00",1,1,0]]},"geometry":{"type":"Point","coordinates":[34.423902,31.498936]}},{"type":"Feature","properties":{"site_id":26,"event_code":"CE20231007PSE","latest_date":"2025-09-22T00:00:00+00:00","latest_class":1,"pass_count":8,"h":[["2024-05-03T00:00:00+00:00",3,2,3],["2024-07-06T00:00:00+00:00",3,2,0],["2024-09-06T00:00:00+00:00",3,2,0],["2024-12-01T00:00:00+00:00",1,1,1],["2025-02-25T00:00:00+00:00",1,1,0],["2025-04-04T00:00:00+00:00",1,1,0],["2025-07-08T00:00:00+00:00",1,1,0],["2025-09-22T00:00:00+00:00",1,1,0]]},"geometry":{"type":"Point","coordinates":[34.423125,31.498181]}},{"type":"Feature","properties":{"site_id":26,"event_code":"CE20231007PSE","latest_date":"2025-09-22T00:00:00+00:00","latest_class":1,"pass_count":8,"h":[["2024-05-03T00:00:00+00:00",3,2,3],["2024-07-06T00:00:00+00:00",1,1,1],["2024-09-06T00:00:00+00:00",1,1,0],["2024-12-01T00:00:00+00:00",1,1,0],["2025-02-25T00:00:00+00:00",1,1,0],["2025-04-04T00:00:00+00:00",1,1,0],["2025-07-08T00:00:00+00:00",1,1,0],["2025-09-22T00:00:00+00:00",1,1,0]]},"geometry":{"type":"Point","coordinates":[34.422643,31.498113]}},{"type":"Feature","properties":{"site_id":26,"event_code":"CE20231007PSE","latest_date":"2025-09-22T00:00:00+00:00","latest_class":1,"pass_count":8,"h":[["2024-05-03T00:00:00+00:00",3,2,3],["2024-07-06T00:00:00+00:00",3,2,0],["2024-09-06T00:00:00+00:00",3,2,0],["2024-12-01T00:00:00+00:00",1,1,1],["2025-02-25T00:00:00+00:00",1,1,0],["2025-04-04T00:00:00+00:00",1,1,0],["2025-07-08T00:00:00+00:00",1,1,0],["2025-09-22T00:00:00+00:00",1,1,0]]},"geometry":{"type":"Point","coordinates":[34.423426,31.496825]}},{"type":"Feature","properties":{"site_id":26,"event_code":"CE20231007PSE","latest_date":"2025-09-22T00:00:00+00:00","latest_class":1,"pass_count":8,"h":[["2024-05-03T00:00:00+00:00",3,3,3],["2024-07-06T00:00:00+00:00",3,3,0],["2024-09-06T00:00:00+00:00",3,3,0],["2024-12-01T00:00:00+00:00",1,1,1],["2025-02-25T00:00:00+00:00",1,1,0],["2025-04-04T00:00:00+00:00",1,1,0],["2025-07-08T00:00:00+00:00",1,1,0],["2025-09-22T00:00:00+00:00",1,1,0]]},"geometry":{"type":"Point","coordinates":[34.422787,31.497783]}},{"type":"Feature","properties":{"site_id":26,"event_code":"CE20231007PSE","latest_date":"2025-09-22T00:00:00+00:00","latest_class":1,"pass_count":8,"h":[["2024-05-03T00:00:00+00:00",1,1,3],["2024-07-06T00:00:00+00:00",1,1,0],["2024-09-06T00:00:00+00:00",1,1,0],["2024-12-01T00:00:00+00:00",1,1,0],["2025-02-25T00:00:00+00:00",1,1,0],["2025-04-04T00:00:00+00:00",1,1,0],["2025-07-08T00:00:00+00:00",1,1,0],["2025-09-22T00:00:00+00:00",1,1,0]]},"geometry":{"type":"Point","coordinates":[34.423564,31.496343]}},{"type":"Feature","properties":{"site_id":26,"event_code":"CE20231007PSE","latest_date":"2025-09-22T00:00:00+00:00","latest_class":1,"pass_count":8,"h":[["2024-05-03T00:00:00+00:00",1,1,3],["2024-07-06T00:00:00+00:00",1,1,0],["2024-09-06T00:00:00+00:00",1,1,0],["2024-12-01T00:00:00+00:00",1,1,0],["2025-02-25T00:00:00+00:00",1,1,0],["2025-04-04T00:00:00+00:00",1,1,0],["2025-07-08T00:00:00+00:00",1,1,0],["2025-09-22T00:00:00+00:00",1,1,0]]},"geometry":{"type":"Point","coordinates":[34.423185,31.496337]}},{"type":"Feature","properties":{"site_id":26,"event_code":"CE20231007PSE","latest_date":"2025-09-22T00:00:00+00:00","latest_class":1,"pass_count":8,"h":[["2024-05-03T00:00:00+00:00",1,1,3],["2024-07-06T00:00:00+00:00",1,1,0],["2024-09-06T00:00:00+00:00",1,1,0],["2024-12-01T00:00:00+00:00",1,1,0],["2025-02-25T00:00:00+00:00",1,1,0],["2025-04-04T00:00:00+00:00",1,1,0],["2025-07-08T00:00:00+00:00",1,1,0],["2025-09-22T00:00:00+00:00",1,1,0]]},"geometry":{"type":"Point","coordinates":[34.422661,31.496115]}},{"type":"Feature","properties":{"site_id":26,"event_code":"CE20231007PSE","latest_date":"2025-09-22T00:00:00+00:00","latest_class":1,"pass_count":8,"h":[["2024-05-03T00:00:00+00:00",1,1,3],["2024-07-06T00:00:00+00:00",1,1,0],["2024-09-06T00:00:00+00:00",1,1,0],["2024-12-01T00:00:00+00:00",1,1,0],["2025-02-25T00:00:00+00:00",1,1,0],["2025-04-04T00:00:00+00:00",1,1,0],["2025-07-08T00:00:00+00:00",1,1,0],["2025-09-22T00:00:00+00:00",1,1,0]]},"geometry":{"type":"Point","coordinates":[34.422069,31.496273]}},{"type":"Feature","properties":{"site_id":26,"event_code":"CE20231007PSE","latest_date":"2025-09-22T00:00:00+00:00","latest_class":1,"pass_count":8,"h":[["2024-05-03T00:00:00+00:00",2,1,3],["2024-07-06T00:00:00+00:00",2,1,0],["2024-09-06T00:00:00+00:00",2,1,0],["2024-12-01T00:00:00+00:00",1,1,1],["2025-02-25T00:00:00+00:00",1,1,0],["2025-04-04T00:00:00+00:00",1,1,0],["2025-07-08T00:00:00+00:00",1,1,0],["2025-09-22T00:00:00+00:00",1,1,0]]},"geometry":{"type":"Point","coordinates":[34.425336,31.498794]}},{"type":"Feature","properties":{"site_id":26,"event_code":"CE20231007PSE","latest_date":"2025-09-22T00:00:00+00:00","latest_class":1,"pass_count":8,"h":[["2024-05-03T00:00:00+00:00",3,2,3],["2024-07-06T00:00:00+00:00",3,2,0],["2024-09-06T00:00:00+00:00",3,2,0],["2024-12-01T00:00:00+00:00",1,1,1],["2025-02-25T00:00:00+00:00",1,1,0],["2025-04-04T00:00:00+00:00",1,1,0],["2025-07-08T00:00:00+00:00",1,1,0],["2025-09-22T00:00:00+00:00",1,1,0]]},"geometry":{"type":"Point","coordinates":[34.424258,31.496739]}},{"type":"Feature","properties":{"site_id":26,"event_code":"CE20231007PSE","latest_date":"2025-09-22T00:00:00+00:00","latest_class":1,"pass_count":12,"h":[["2023-11-26T00:00:00+00:00",4,3,3],["2024-01-06T00:00:00+00:00",4,3,0],["2024-02-29T00:00:00+00:00",4,3,0],["2024-04-01T00:00:00+00:00",4,3,0],["2024-05-03T00:00:00+00:00",1,1,1],["2024-07-06T00:00:00+00:00",1,1,0],["2024-09-06T00:00:00+00:00",1,1,0],["2024-12-01T00:00:00+00:00",1,1,0],["2025-02-25T00:00:00+00:00",1,1,0],["2025-04-04T00:00:00+00:00",1,1,0],["2025-07-08T00:00:00+00:00",1,1,0],["2025-09-22T00:00:00+00:00",1,1,0]]},"geometry":{"type":"Point","coordinates":[34.424545,31.496008]}},{"type":"Feature","properties":{"site_id":26,"event_code":"CE20231007PSE","latest_date":"2025-09-22T00:00:00+00:00","latest_class":1,"pass_count":8,"h":[["2024-05-03T00:00:00+00:00",1,1,3],["2024-07-06T00:00:00+00:00",1,1,0],["2024-09-06T00:00:00+00:00",1,1,0],["2024-12-01T00:00:00+00:00",1,1,0],["2025-02-25T00:00:00+00:00",1,1,0],["2025-04-04T00:00:00+00:00",1,1,0],["2025-07-08T00:00:00+00:00",1,1,0],["2025-09-22T00:00:00+00:00",1,1,0]]},"geometry":{"type":"Point","coordinates":[34.424695,31.496214]}},{"type":"Feature","properties":{"site_id":26,"event_code":"CE20231007PSE","latest_date":"2025-09-22T00:00:00+00:00","latest_class":1,"pass_count":12,"h":[["2023-11-26T00:00:00+00:00",4,3,3],["2024-01-06T00:00:00+00:00",4,3,0],["2024-02-29T00:00:00+00:00",4,3,0],["2024-04-01T00:00:00+00:00",4,3,0],["2024-05-03T00:00:00+00:00",3,2,1],["2024-07-06T00:00:00+00:00",3,2,0],["2024-09-06T00:00:00+00:00",3,2,0],["2024-12-01T00:00:00+00:00",1,1,1],["2025-02-25T00:00:00+00:00",1,1,0],["2025-04-04T00:00:00+00:00",1,1,0],["2025-07-08T00:00:00+00:00",1,1,0],["2025-09-22T00:00:00+00:00",1,1,0]]},"geometry":{"type":"Point","coordinates":[34.424617,31.496109]}},{"type":"Feature","properties":{"site_id":26,"event_code":"CE20231007PSE","latest_date":"2025-09-22T00:00:00+00:00","latest_class":1,"pass_count":7,"h":[["2024-07-06T00:00:00+00:00",2,1,3],["2024-09-06T00:00:00+00:00",2,1,0],["2024-12-01T00:00:00+00:00",1,1,1],["2025-02-25T00:00:00+00:00",1,1,0],["2025-04-04T00:00:00+00:00",1,1,0],["2025-07-08T00:00:00+00:00",1,1,0],["2025-09-22T00:00:00+00:00",1,1,0]]},"geometry":{"type":"Point","coordinates":[34.424193,31.497997]}},{"type":"Feature","properties":{"site_id":26,"event_code":"CE20231007PSE","latest_date":"2025-09-22T00:00:00+00:00","latest_class":1,"pass_count":7,"h":[["2024-07-06T00:00:00+00:00",3,2,3],["2024-09-06T00:00:00+00:00",3,2,0],["2024-12-01T00:00:00+00:00",1,1,1],["2025-02-25T00:00:00+00:00",1,1,0],["2025-04-04T00:00:00+00:00",1,1,0],["2025-07-08T00:00:00+00:00",1,1,0],["2025-09-22T00:00:00+00:00",1,1,0]]},"geometry":{"type":"Point","coordinates":[34.424078,31.498124]}},{"type":"Feature","properties":{"site_id":26,"event_code":"CE20231007PSE","latest_date":"2025-09-22T00:00:00+00:00","latest_class":1,"pass_count":7,"h":[["2024-07-06T00:00:00+00:00",3,2,3],["2024-09-06T00:00:00+00:00",3,2,0],["2024-12-01T00:00:00+00:00",1,1,1],["2025-02-25T00:00:00+00:00",1,1,0],["2025-04-04T00:00:00+00:00",1,1,0],["2025-07-08T00:00:00+00:00",1,1,0],["2025-09-22T00:00:00+00:00",1,1,0]]},"geometry":{"type":"Point","coordinates":[34.423712,31.497621]}},{"type":"Feature","properties":{"site_id":26,"event_code":"CE20231007PSE","latest_date":"2025-09-22T00:00:00+00:00","latest_class":2,"pass_count":7,"h":[["2024-07-06T00:00:00+00:00",3,2,3],["2024-09-06T00:00:00+00:00",3,2,0],["2024-12-01T00:00:00+00:00",2,1,1],["2025-02-25T00:00:00+00:00",2,1,0],["2025-04-04T00:00:00+00:00",2,1,0],["2025-07-08T00:00:00+00:00",2,1,0],["2025-09-22T00:00:00+00:00",2,1,0]]},"geometry":{"type":"Point","coordinates":[34.423706,31.497342]}},{"type":"Feature","properties":{"site_id":26,"event_code":"CE20231007PSE","latest_date":"2025-09-22T00:00:00+00:00","latest_class":1,"pass_count":7,"h":[["2024-07-06T00:00:00+00:00",3,2,3],["2024-09-06T00:00:00+00:00",3,2,0],["2024-12-01T00:00:00+00:00",1,1,1],["2025-02-25T00:00:00+00:00",1,1,0],["2025-04-04T00:00:00+00:00",1,1,0],["2025-07-08T00:00:00+00:00",1,1,0],["2025-09-22T00:00:00+00:00",1,1,0]]},"geometry":{"type":"Point","coordinates":[34.42389,31.497169]}},{"type":"Feature","properties":{"site_id":26,"event_code":"CE20231007PSE","latest_date":"2025-09-22T00:00:00+00:00","latest_class":1,"pass_count":7,"h":[["2024-07-06T00:00:00+00:00",1,1,3],["2024-09-06T00:00:00+00:00",1,1,0],["2024-12-01T00:00:00+00:00",1,1,0],["2025-02-25T00:00:00+00:00",1,1,0],["2025-04-04T00:00:00+00:00",1,1,0],["2025-07-08T00:00:00+00:00",1,1,0],["2025-09-22T00:00:00+00:00",1,1,0]]},"geometry":{"type":"Point","coordinates":[34.423713,31.497054]}},{"type":"Feature","properties":{"site_id":26,"event_code":"CE20231007PSE","latest_date":"2025-09-22T00:00:00+00:00","latest_class":1,"pass_count":7,"h":[["2024-07-06T00:00:00+00:00",3,2,3],["2024-09-06T00:00:00+00:00",3,2,0],["2024-12-01T00:00:00+00:00",1,1,1],["2025-02-25T00:00:00+00:00",1,1,0],["2025-04-04T00:00:00+00:00",1,1,0],["2025-07-08T00:00:00+00:00",1,1,0],["2025-09-22T00:00:00+00:00",1,1,0]]},"geometry":{"type":"Point","coordinates":[34.423615,31.496998]}},{"type":"Feature","properties":{"site_id":26,"event_code":"CE20231007PSE","latest_date":"2025-09-22T00:00:00+00:00","latest_class":1,"pass_count":7,"h":[["2024-07-06T00:00:00+00:00",2,1,3],["2024-09-06T00:00:00+00:00",2,1,0],["2024-12-01T00:00:00+00:00",1,1,1],["2025-02-25T00:00:00+00:00",1,1,0],["2025-04-04T00:00:00+00:00",1,1,0],["2025-07-08T00:00:00+00:00",1,1,0],["2025-09-22T00:00:00+00:00",1,1,0]]},"geometry":{"type":"Point","coordinates":[34.423452,31.497888]}},{"type":"Feature","properties":{"site_id":26,"event_code":"CE20231007PSE","latest_date":"2025-09-22T00:00:00+00:00","latest_class":1,"pass_count":13,"h":[["2023-11-07T00:00:00+00:00",3,2,3],["2023-11-26T00:00:00+00:00",3,2,0],["2024-01-06T00:00:00+00:00",3,2,0],["2024-02-29T00:00:00+00:00",3,2,0],["2024-04-01T00:00:00+00:00",3,2,0],["2024-05-03T00:00:00+00:00",3,2,0],["2024-07-06T00:00:00+00:00",3,2,0],["2024-09-06T00:00:00+00:00",3,2,0],["2024-12-01T00:00:00+00:00",1,1,1],["2025-02-25T00:00:00+00:00",1,1,0],["2025-04-04T00:00:00+00:00",1,1,0],["2025-07-08T00:00:00+00:00",1,1,0],["2025-09-22T00:00:00+00:00",1,1,0]]},"geometry":{"type":"Point","coordinates":[34.424489,31.496534]}},{"type":"Feature","properties":{"site_id":26,"event_code":"CE20231007PSE","latest_date":"2025-09-22T00:00:00+00:00","latest_class":1,"pass_count":8,"h":[["2024-05-03T00:00:00+00:00",4,3,3],["2024-07-06T00:00:00+00:00",1,1,1],["2024-09-06T00:00:00+00:00",1,1,0],["2024-12-01T00:00:00+00:00",1,1,0],["2025-02-25T00:00:00+00:00",1,1,0],["2025-04-04T00:00:00+00:00",1,1,0],["2025-07-08T00:00:00+00:00",1,1,0],["2025-09-22T00:00:00+00:00",1,1,0]]},"geometry":{"type":"Point","coordinates":[34.422919,31.497988]}},{"type":"Feature","properties":{"site_id":26,"event_code":"CE20231007PSE","latest_date":"2025-09-22T00:00:00+00:00","latest_class":1,"pass_count":12,"h":[["2023-11-26T00:00:00+00:00",4,3,3],["2024-01-06T00:00:00+00:00",4,3,0],["2024-02-29T00:00:00+00:00",4,3,0],["2024-04-01T00:00:00+00:00",4,3,0],["2024-05-03T00:00:00+00:00",4,3,0],["2024-07-06T00:00:00+00:00",1,1,1],["2024-09-06T00:00:00+00:00",1,1,0],["2024-12-01T00:00:00+00:00",1,1,0],["2025-02-25T00:00:00+00:00",1,1,0],["2025-04-04T00:00:00+00:00",1,1,0],["2025-07-08T00:00:00+00:00",1,1,0],["2025-09-22T00:00:00+00:00",1,1,0]]},"geometry":{"type":"Point","coordinates":[34.422345,31.498183]}},{"type":"Feature","properties":{"site_id":26,"event_code":"CE20231007PSE","latest_date":"2025-09-22T00:00:00+00:00","latest_class":1,"pass_count":8,"h":[["2024-05-03T00:00:00+00:00",4,3,3],["2024-07-06T00:00:00+00:00",3,2,1],["2024-09-06T00:00:00+00:00",3,2,0],["2024-12-01T00:00:00+00:00",1,1,1],["2025-02-25T00:00:00+00:00",1,1,0],["2025-04-04T00:00:00+00:00",1,1,0],["2025-07-08T00:00:00+00:00",1,1,0],["2025-09-22T00:00:00+00:00",1,1,0]]},"geometry":{"type":"Point","coordinates":[34.423231,31.498082]}},{"type":"Feature","properties":{"site_id":26,"event_code":"CE20231007PSE","latest_date":"2025-09-22T00:00:00+00:00","latest_class":1,"pass_count":8,"h":[["2024-05-03T00:00:00+00:00",4,3,3],["2024-07-06T00:00:00+00:00",3,2,1],["2024-09-06T00:00:00+00:00",3,2,0],["2024-12-01T00:00:00+00:00",1,1,1],["2025-02-25T00:00:00+00:00",1,1,0],["2025-04-04T00:00:00+00:00",1,1,0],["2025-07-08T00:00:00+00:00",1,1,0],["2025-09-22T00:00:00+00:00",1,1,0]]},"geometry":{"type":"Point","coordinates":[34.422995,31.498278]}},{"type":"Feature","properties":{"site_id":26,"event_code":"CE20231007PSE","latest_date":"2025-09-22T00:00:00+00:00","latest_class":1,"pass_count":7,"h":[["2024-07-06T00:00:00+00:00",1,1,3],["2024-09-06T00:00:00+00:00",1,1,0],["2024-12-01T00:00:00+00:00",1,1,0],["2025-02-25T00:00:00+00:00",1,1,0],["2025-04-04T00:00:00+00:00",1,1,0],["2025-07-08T00:00:00+00:00",1,1,0],["2025-09-22T00:00:00+00:00",1,1,0]]},"geometry":{"type":"Point","coordinates":[34.421055,31.497561]}},{"type":"Feature","properties":{"site_id":26,"event_code":"CE20231007PSE","latest_date":"2025-09-22T00:00:00+00:00","latest_class":1,"pass_count":13,"h":[["2023-11-07T00:00:00+00:00",3,2,3],["2023-11-26T00:00:00+00:00",3,2,0],["2024-01-06T00:00:00+00:00",3,2,0],["2024-02-29T00:00:00+00:00",3,2,0],["2024-04-01T00:00:00+00:00",3,2,0],["2024-05-03T00:00:00+00:00",3,2,0],["2024-07-06T00:00:00+00:00",3,2,0],["2024-09-06T00:00:00+00:00",3,2,0],["2024-12-01T00:00:00+00:00",3,2,0],["2025-02-25T00:00:00+00:00",1,1,1],["2025-04-04T00:00:00+00:00",1,1,0],["2025-07-08T00:00:00+00:00",1,1,0],["2025-09-22T00:00:00+00:00",1,1,0]]},"geometry":{"type":"Point","coordinates":[34.419545,31.50606]}},{"type":"Feature","properties":{"site_id":26,"event_code":"CE20231007PSE","latest_date":"2025-09-22T00:00:00+00:00","latest_class":1,"pass_count":11,"h":[["2024-01-06T00:00:00+00:00",3,2,3],["2024-02-29T00:00:00+00:00",3,2,0],["2024-04-01T00:00:00+00:00",3,2,0],["2024-05-03T00:00:00+00:00",3,2,0],["2024-07-06T00:00:00+00:00",3,2,0],["2024-09-06T00:00:00+00:00",3,2,0],["2024-12-01T00:00:00+00:00",1,1,1],["2025-02-25T00:00:00+00:00",1,1,0],["2025-04-04T00:00:00+00:00",1,1,0],["2025-07-08T00:00:00+00:00",1,1,0],["2025-09-22T00:00:00+00:00",1,1,0]]},"geometry":{"type":"Point","coordinates":[34.419697,31.498775]}},{"type":"Feature","properties":{"site_id":26,"event_code":"CE20231007PSE","latest_date":"2025-09-22T00:00:00+00:00","latest_class":1,"pass_count":8,"h":[["2024-05-03T00:00:00+00:00",4,3,3],["2024-07-06T00:00:00+00:00",3,2,1],["2024-09-06T00:00:00+00:00",3,2,0],["2024-12-01T00:00:00+00:00",1,1,1],["2025-02-25T00:00:00+00:00",1,1,0],["2025-04-04T00:00:00+00:00",1,1,0],["2025-07-08T00:00:00+00:00",1,1,0],["2025-09-22T00:00:00+00:00",1,1,0]]},"geometry":{"type":"Point","coordinates":[34.422891,31.498338]}},{"type":"Feature","properties":{"site_id":26,"event_code":"CE20231007PSE","latest_date":"2025-09-22T00:00:00+00:00","latest_class":1,"pass_count":7,"h":[["2024-07-06T00:00:00+00:00",3,2,3],["2024-09-06T00:00:00+00:00",3,2,0],["2024-12-01T00:00:00+00:00",1,1,1],["2025-02-25T00:00:00+00:00",1,1,0],["2025-04-04T00:00:00+00:00",1,1,0],["2025-07-08T00:00:00+00:00",1,1,0],["2025-09-22T00:00:00+00:00",1,1,0]]},"geometry":{"type":"Point","coordinates":[34.422808,31.498909]}},{"type":"Feature","properties":{"site_id":26,"event_code":"CE20231007PSE","latest_date":"2025-09-22T00:00:00+00:00","latest_class":1,"pass_count":7,"h":[["2024-07-06T00:00:00+00:00",3,2,3],["2024-09-06T00:00:00+00:00",3,2,0],["2024-12-01T00:00:00+00:00",1,1,1],["2025-02-25T00:00:00+00:00",1,1,0],["2025-04-04T00:00:00+00:00",1,1,0],["2025-07-08T00:00:00+00:00",1,1,0],["2025-09-22T00:00:00+00:00",1,1,0]]},"geometry":{"type":"Point","coordinates":[34.421602,31.498656]}},{"type":"Feature","properties":{"site_id":26,"event_code":"CE20231007PSE","latest_date":"2025-09-22T00:00:00+00:00","latest_class":1,"pass_count":7,"h":[["2024-07-06T00:00:00+00:00",3,2,3],["2024-09-06T00:00:00+00:00",1,1,1],["2024-12-01T00:00:00+00:00",1,1,0],["2025-02-25T00:00:00+00:00",1,1,0],["2025-04-04T00:00:00+00:00",1,1,0],["2025-07-08T00:00:00+00:00",1,1,0],["2025-09-22T00:00:00+00:00",1,1,0]]},"geometry":{"type":"Point","coordinates":[34.421744,31.498502]}},{"type":"Feature","properties":{"site_id":26,"event_code":"CE20231007PSE","latest_date":"2025-09-22T00:00:00+00:00","latest_class":1,"pass_count":7,"h":[["2024-07-06T00:00:00+00:00",3,2,3],["2024-09-06T00:00:00+00:00",3,2,0],["2024-12-01T00:00:00+00:00",1,1,1],["2025-02-25T00:00:00+00:00",1,1,0],["2025-04-04T00:00:00+00:00",1,1,0],["2025-07-08T00:00:00+00:00",1,1,0],["2025-09-22T00:00:00+00:00",1,1,0]]},"geometry":{"type":"Point","coordinates":[34.42251,31.499574]}},{"type":"Feature","properties":{"site_id":26,"event_code":"CE20231007PSE","latest_date":"2025-09-22T00:00:00+00:00","latest_class":1,"pass_count":7,"h":[["2024-07-06T00:00:00+00:00",3,2,3],["2024-09-06T00:00:00+00:00",3,2,0],["2024-12-01T00:00:00+00:00",1,1,1],["2025-02-25T00:00:00+00:00",1,1,0],["2025-04-04T00:00:00+00:00",1,1,0],["2025-07-08T00:00:00+00:00",1,1,0],["2025-09-22T00:00:00+00:00",1,1,0]]},"geometry":{"type":"Point","coordinates":[34.422836,31.499677]}},{"type":"Feature","properties":{"site_id":26,"event_code":"CE20231007PSE","latest_date":"2025-09-22T00:00:00+00:00","latest_class":2,"pass_count":7,"h":[["2024-07-06T00:00:00+00:00",3,2,3],["2024-09-06T00:00:00+00:00",3,2,0],["2024-12-01T00:00:00+00:00",2,2,1],["2025-02-25T00:00:00+00:00",2,2,0],["2025-04-04T00:00:00+00:00",2,2,0],["2025-07-08T00:00:00+00:00",2,2,0],["2025-09-22T00:00:00+00:00",2,2,0]]},"geometry":{"type":"Point","coordinates":[34.423819,31.499327]}},{"type":"Feature","properties":{"site_id":26,"event_code":"CE20231007PSE","latest_date":"2025-09-22T00:00:00+00:00","latest_class":1,"pass_count":7,"h":[["2024-07-06T00:00:00+00:00",3,2,3],["2024-09-06T00:00:00+00:00",3,2,0],["2024-12-01T00:00:00+00:00",1,1,1],["2025-02-25T00:00:00+00:00",1,1,0],["2025-04-04T00:00:00+00:00",1,1,0],["2025-07-08T00:00:00+00:00",1,1,0],["2025-09-22T00:00:00+00:00",1,1,0]]},"geometry":{"type":"Point","coordinates":[34.424114,31.497052]}},{"type":"Feature","properties":{"site_id":26,"event_code":"CE20231007PSE","latest_date":"2025-09-22T00:00:00+00:00","latest_class":1,"pass_count":7,"h":[["2024-07-06T00:00:00+00:00",3,2,3],["2024-09-06T00:00:00+00:00",3,2,0],["2024-12-01T00:00:00+00:00",1,1,1],["2025-02-25T00:00:00+00:00",1,1,0],["2025-04-04T00:00:00+00:00",1,1,0],["2025-07-08T00:00:00+00:00",1,1,0],["2025-09-22T00:00:00+00:00",1,1,0]]},"geometry":{"type":"Point","coordinates":[34.4238,31.496604]}},{"type":"Feature","properties":{"site_id":26,"event_code":"CE20231007PSE","latest_date":"2025-09-22T00:00:00+00:00","latest_class":1,"pass_count":7,"h":[["2024-07-06T00:00:00+00:00",3,2,3],["2024-09-06T00:00:00+00:00",3,2,0],["2024-12-01T00:00:00+00:00",1,1,1],["2025-02-25T00:00:00+00:00",1,1,0],["2025-04-04T00:00:00+00:00",1,1,0],["2025-07-08T00:00:00+00:00",1,1,0],["2025-09-22T00:00:00+00:00",1,1,0]]},"geometry":{"type":"Point","coordinates":[34.421932,31.496932]}},{"type":"Feature","properties":{"site_id":26,"event_code":"CE20231007PSE","latest_date":"2025-09-22T00:00:00+00:00","latest_class":1,"pass_count":7,"h":[["2024-07-06T00:00:00+00:00",1,1,3],["2024-09-06T00:00:00+00:00",1,1,0],["2024-12-01T00:00:00+00:00",1,1,0],["2025-02-25T00:00:00+00:00",1,1,0],["2025-04-04T00:00:00+00:00",1,1,0],["2025-07-08T00:00:00+00:00",1,1,0],["2025-09-22T00:00:00+00:00",1,1,0]]},"geometry":{"type":"Point","coordinates":[34.42469,31.498135]}},{"type":"Feature","properties":{"site_id":26,"event_code":"CE20231007PSE","latest_date":"2025-09-22T00:00:00+00:00","latest_class":1,"pass_count":5,"h":[["2024-12-01T00:00:00+00:00",1,1,3],["2025-02-25T00:00:00+00:00",1,1,0],["2025-04-04T00:00:00+00:00",1,1,0],["2025-07-08T00:00:00+00:00",1,1,0],["2025-09-22T00:00:00+00:00",1,1,0]]},"geometry":{"type":"Point","coordinates":[34.424728,31.499103]}},{"type":"Feature","properties":{"site_id":26,"event_code":"CE20231007PSE","latest_date":"2025-09-22T00:00:00+00:00","latest_class":2,"pass_count":13,"h":[["2023-11-07T00:00:00+00:00",3,2,3],["2023-11-26T00:00:00+00:00",3,2,0],["2024-01-06T00:00:00+00:00",2,1,1],["2024-02-29T00:00:00+00:00",2,1,0],["2024-04-01T00:00:00+00:00",2,1,0],["2024-05-03T00:00:00+00:00",2,1,0],["2024-07-06T00:00:00+00:00",2,1,0],["2024-09-06T00:00:00+00:00",2,1,0],["2024-12-01T00:00:00+00:00",2,1,0],["2025-02-25T00:00:00+00:00",2,1,0],["2025-04-04T00:00:00+00:00",2,1,0],["2025-07-08T00:00:00+00:00",2,1,0],["2025-09-22T00:00:00+00:00",2,1,0]]},"geometry":{"type":"Point","coordinates":[34.420374,31.506346]}},{"type":"Feature","properties":{"site_id":26,"event_code":"CE20231007PSE","latest_date":"2025-09-22T00:00:00+00:00","latest_class":1,"pass_count":13,"h":[["2023-11-07T00:00:00+00:00",3,2,3],["2023-11-26T00:00:00+00:00",3,2,0],["2024-01-06T00:00:00+00:00",3,2,0],["2024-02-29T00:00:00+00:00",1,1,1],["2024-04-01T00:00:00+00:00",1,1,0],["2024-05-03T00:00:00+00:00",1,1,0],["2024-07-06T00:00:00+00:00",1,1,0],["2024-09-06T00:00:00+00:00",1,1,0],["2024-12-01T00:00:00+00:00",1,1,0],["2025-02-25T00:00:00+00:00",1,1,0],["2025-04-04T00:00:00+00:00",1,1,0],["2025-07-08T00:00:00+00:00",1,1,0],["2025-09-22T00:00:00+00:00",1,1,0]]},"geometry":{"type":"Point","coordinates":[34.42023,31.506184]}},{"type":"Feature","properties":{"site_id":26,"event_code":"CE20231007PSE","latest_date":"2025-09-22T00:00:00+00:00","latest_class":1,"pass_count":12,"h":[["2023-11-26T00:00:00+00:00",1,1,3],["2024-01-06T00:00:00+00:00",1,1,0],["2024-02-29T00:00:00+00:00",1,1,0],["2024-04-01T00:00:00+00:00",1,1,0],["2024-05-03T00:00:00+00:00",1,1,0],["2024-07-06T00:00:00+00:00",1,1,0],["2024-09-06T00:00:00+00:00",1,1,0],["2024-12-01T00:00:00+00:00",1,1,0],["2025-02-25T00:00:00+00:00",1,1,0],["2025-04-04T00:00:00+00:00",1,1,0],["2025-07-08T00:00:00+00:00",1,1,0],["2025-09-22T00:00:00+00:00",1,1,0]]},"geometry":{"type":"Point","coordinates":[34.420914,31.505757]}},{"type":"Feature","properties":{"site_id":26,"event_code":"CE20231007PSE","latest_date":"2025-09-22T00:00:00+00:00","latest_class":1,"pass_count":12,"h":[["2023-11-26T00:00:00+00:00",1,1,3],["2024-01-06T00:00:00+00:00",1,1,0],["2024-02-29T00:00:00+00:00",1,1,0],["2024-04-01T00:00:00+00:00",1,1,0],["2024-05-03T00:00:00+00:00",1,1,0],["2024-07-06T00:00:00+00:00",1,1,0],["2024-09-06T00:00:00+00:00",1,1,0],["2024-12-01T00:00:00+00:00",1,1,0],["2025-02-25T00:00:00+00:00",1,1,0],["2025-04-04T00:00:00+00:00",1,1,0],["2025-07-08T00:00:00+00:00",1,1,0],["2025-09-22T00:00:00+00:00",1,1,0]]},"geometry":{"type":"Point","coordinates":[34.420555,31.506069]}},{"type":"Feature","properties":{"site_id":26,"event_code":"CE20231007PSE","latest_date":"2025-09-22T00:00:00+00:00","latest_class":1,"pass_count":13,"h":[["2023-11-07T00:00:00+00:00",4,3,3],["2023-11-26T00:00:00+00:00",1,1,1],["2024-01-06T00:00:00+00:00",1,1,0],["2024-02-29T00:00:00+00:00",1,1,0],["2024-04-01T00:00:00+00:00",1,1,0],["2024-05-03T00:00:00+00:00",1,1,0],["2024-07-06T00:00:00+00:00",1,1,0],["2024-09-06T00:00:00+00:00",1,1,0],["2024-12-01T00:00:00+00:00",1,1,0],["2025-02-25T00:00:00+00:00",1,1,0],["2025-04-04T00:00:00+00:00",1,1,0],["2025-07-08T00:00:00+00:00",1,1,0],["2025-09-22T00:00:00+00:00",1,1,0]]},"geometry":{"type":"Point","coordinates":[34.420378,31.506157]}},{"type":"Feature","properties":{"site_id":26,"event_code":"CE20231007PSE","latest_date":"2025-09-22T00:00:00+00:00","latest_class":1,"pass_count":13,"h":[["2023-11-07T00:00:00+00:00",1,1,3],["2023-11-26T00:00:00+00:00",1,1,0],["2024-01-06T00:00:00+00:00",1,1,0],["2024-02-29T00:00:00+00:00",1,1,0],["2024-04-01T00:00:00+00:00",1,1,0],["2024-05-03T00:00:00+00:00",1,1,0],["2024-07-06T00:00:00+00:00",1,1,0],["2024-09-06T00:00:00+00:00",1,1,0],["2024-12-01T00:00:00+00:00",1,1,0],["2025-02-25T00:00:00+00:00",1,1,0],["2025-04-04T00:00:00+00:00",1,1,0],["2025-07-08T00:00:00+00:00",1,1,0],["2025-09-22T00:00:00+00:00",1,1,0]]},"geometry":{"type":"Point","coordinates":[34.422395,31.506109]}},{"type":"Feature","properties":{"site_id":26,"event_code":"CE20231007PSE","latest_date":"2025-09-22T00:00:00+00:00","latest_class":2,"pass_count":13,"h":[["2023-11-07T00:00:00+00:00",3,2,3],["2023-11-26T00:00:00+00:00",3,2,0],["2024-01-06T00:00:00+00:00",2,1,1],["2024-02-29T00:00:00+00:00",2,1,0],["2024-04-01T00:00:00+00:00",2,1,0],["2024-05-03T00:00:00+00:00",2,1,0],["2024-07-06T00:00:00+00:00",2,1,0],["2024-09-06T00:00:00+00:00",2,1,0],["2024-12-01T00:00:00+00:00",2,1,0],["2025-02-25T00:00:00+00:00",2,1,0],["2025-04-04T00:00:00+00:00",2,1,0],["2025-07-08T00:00:00+00:00",2,1,0],["2025-09-22T00:00:00+00:00",2,1,0]]},"geometry":{"type":"Point","coordinates":[34.421759,31.505622]}},{"type":"Feature","properties":{"site_id":1,"event_code":"CE20231007PSE","latest_date":"2025-09-22T00:00:00+00:00","latest_class":1,"pass_count":13,"h":[["2023-11-07T00:00:00+00:00",1,1,3],["2023-11-26T00:00:00+00:00",1,1,0],["2024-01-06T00:00:00+00:00",1,1,0],["2024-02-29T00:00:00+00:00",1,1,0],["2024-04-01T00:00:00+00:00",1,1,0],["2024-05-03T00:00:00+00:00",1,1,0],["2024-07-06T00:00:00+00:00",1,1,0],["2024-09-06T00:00:00+00:00",1,1,0],["2024-12-01T00:00:00+00:00",1,1,0],["2025-02-25T00:00:00+00:00",1,1,0],["2025-04-04T00:00:00+00:00",1,1,0],["2025-07-08T00:00:00+00:00",1,1,0],["2025-09-22T00:00:00+00:00",1,1,0]]},"geometry":{"type":"Point","coordinates":[34.422104,31.505533]}},{"type":"Feature","properties":{"site_id":26,"event_code":"CE20231007PSE","latest_date":"2025-09-22T00:00:00+00:00","latest_class":1,"pass_count":13,"h":[["2023-11-07T00:00:00+00:00",3,2,3],["2023-11-26T00:00:00+00:00",1,1,1],["2024-01-06T00:00:00+00:00",1,1,0],["2024-02-29T00:00:00+00:00",1,1,0],["2024-04-01T00:00:00+00:00",1,1,0],["2024-05-03T00:00:00+00:00",1,1,0],["2024-07-06T00:00:00+00:00",1,1,0],["2024-09-06T00:00:00+00:00",1,1,0],["2024-12-01T00:00:00+00:00",1,1,0],["2025-02-25T00:00:00+00:00",1,1,0],["2025-04-04T00:00:00+00:00",1,1,0],["2025-07-08T00:00:00+00:00",1,1,0],["2025-09-22T00:00:00+00:00",1,1,0]]},"geometry":{"type":"Point","coordinates":[34.424277,31.513412]}},{"type":"Feature","properties":{"site_id":26,"event_code":"CE20231007PSE","latest_date":"2025-09-22T00:00:00+00:00","latest_class":1,"pass_count":13,"h":[["2023-11-07T00:00:00+00:00",3,2,3],["2023-11-26T00:00:00+00:00",1,1,1],["2024-01-06T00:00:00+00:00",1,1,0],["2024-02-29T00:00:00+00:00",1,1,0],["2024-04-01T00:00:00+00:00",1,1,0],["2024-05-03T00:00:00+00:00",1,1,0],["2024-07-06T00:00:00+00:00",1,1,0],["2024-09-06T00:00:00+00:00",1,1,0],["2024-12-01T00:00:00+00:00",1,1,0],["2025-02-25T00:00:00+00:00",1,1,0],["2025-04-04T00:00:00+00:00",1,1,0],["2025-07-08T00:00:00+00:00",1,1,0],["2025-09-22T00:00:00+00:00",1,1,0]]},"geometry":{"type":"Point","coordinates":[34.424124,31.51324]}},{"type":"Feature","properties":{"site_id":26,"event_code":"CE20231007PSE","latest_date":"2025-09-22T00:00:00+00:00","latest_class":1,"pass_count":12,"h":[["2023-11-26T00:00:00+00:00",1,1,3],["2024-01-06T00:00:00+00:00",1,1,0],["2024-02-29T00:00:00+00:00",1,1,0],["2024-04-01T00:00:00+00:00",1,1,0],["2024-05-03T00:00:00+00:00",1,1,0],["2024-07-06T00:00:00+00:00",1,1,0],["2024-09-06T00:00:00+00:00",1,1,0],["2024-12-01T00:00:00+00:00",1,1,0],["2025-02-25T00:00:00+00:00",1,1,0],["2025-04-04T00:00:00+00:00",1,1,0],["2025-07-08T00:00:00+00:00",1,1,0],["2025-09-22T00:00:00+00:00",1,1,0]]},"geometry":{"type":"Point","coordinates":[34.42371,31.513651]}},{"type":"Feature","properties":{"site_id":26,"event_code":"CE20231007PSE","latest_date":"2025-09-22T00:00:00+00:00","latest_class":1,"pass_count":12,"h":[["2023-11-26T00:00:00+00:00",1,1,3],["2024-01-06T00:00:00+00:00",1,1,0],["2024-02-29T00:00:00+00:00",1,1,0],["2024-04-01T00:00:00+00:00",1,1,0],["2024-05-03T00:00:00+00:00",1,1,0],["2024-07-06T00:00:00+00:00",1,1,0],["2024-09-06T00:00:00+00:00",1,1,0],["2024-12-01T00:00:00+00:00",1,1,0],["2025-02-25T00:00:00+00:00",1,1,0],["2025-04-04T00:00:00+00:00",1,1,0],["2025-07-08T00:00:00+00:00",1,1,0],["2025-09-22T00:00:00+00:00",1,1,0]]},"geometry":{"type":"Point","coordinates":[34.423834,31.513786]}},{"type":"Feature","properties":{"site_id":26,"event_code":"CE20231007PSE","latest_date":"2025-09-22T00:00:00+00:00","latest_class":1,"pass_count":12,"h":[["2023-11-26T00:00:00+00:00",1,1,3],["2024-01-06T00:00:00+00:00",1,1,0],["2024-02-29T00:00:00+00:00",1,1,0],["2024-04-01T00:00:00+00:00",1,1,0],["2024-05-03T00:00:00+00:00",1,1,0],["2024-07-06T00:00:00+00:00",1,1,0],["2024-09-06T00:00:00+00:00",1,1,0],["2024-12-01T00:00:00+00:00",1,1,0],["2025-02-25T00:00:00+00:00",1,1,0],["2025-04-04T00:00:00+00:00",1,1,0],["2025-07-08T00:00:00+00:00",1,1,0],["2025-09-22T00:00:00+00:00",1,1,0]]},"geometry":{"type":"Point","coordinates":[34.424131,31.514036]}},{"type":"Feature","properties":{"site_id":26,"event_code":"CE20231007PSE","latest_date":"2025-09-22T00:00:00+00:00","latest_class":1,"pass_count":12,"h":[["2023-11-26T00:00:00+00:00",1,1,3],["2024-01-06T00:00:00+00:00",1,1,0],["2024-02-29T00:00:00+00:00",1,1,0],["2024-04-01T00:00:00+00:00",1,1,0],["2024-05-03T00:00:00+00:00",1,1,0],["2024-07-06T00:00:00+00:00",1,1,0],["2024-09-06T00:00:00+00:00",1,1,0],["2024-12-01T00:00:00+00:00",1,1,0],["2025-02-25T00:00:00+00:00",1,1,0],["2025-04-04T00:00:00+00:00",1,1,0],["2025-07-08T00:00:00+00:00",1,1,0],["2025-09-22T00:00:00+00:00",1,1,0]]},"geometry":{"type":"Point","coordinates":[34.424164,31.514412]}},{"type":"Feature","properties":{"site_id":26,"event_code":"CE20231007PSE","latest_date":"2025-09-22T00:00:00+00:00","latest_class":1,"pass_count":13,"h":[["2023-11-07T00:00:00+00:00",3,2,3],["2023-11-26T00:00:00+00:00",3,2,0],["2024-01-06T00:00:00+00:00",3,2,0],["2024-02-29T00:00:00+00:00",3,2,0],["2024-04-01T00:00:00+00:00",3,2,0],["2024-05-03T00:00:00+00:00",3,2,0],["2024-07-06T00:00:00+00:00",3,2,0],["2024-09-06T00:00:00+00:00",3,2,0],["2024-12-01T00:00:00+00:00",3,2,0],["2025-02-25T00:00:00+00:00",1,1,1],["2025-04-04T00:00:00+00:00",1,1,0],["2025-07-08T00:00:00+00:00",1,1,0],["2025-09-22T00:00:00+00:00",1,1,0]]},"geometry":{"type":"Point","coordinates":[34.420528,31.506991]}},{"type":"Feature","properties":{"site_id":26,"event_code":"CE20231007PSE","latest_date":"2025-09-22T00:00:00+00:00","latest_class":1,"pass_count":13,"h":[["2023-11-07T00:00:00+00:00",3,2,3],["2023-11-26T00:00:00+00:00",3,2,0],["2024-01-06T00:00:00+00:00",3,2,0],["2024-02-29T00:00:00+00:00",3,2,0],["2024-04-01T00:00:00+00:00",3,2,0],["2024-05-03T00:00:00+00:00",3,2,0],["2024-07-06T00:00:00+00:00",3,2,0],["2024-09-06T00:00:00+00:00",3,2,0],["2024-12-01T00:00:00+00:00",3,2,0],["2025-02-25T00:00:00+00:00",1,1,1],["2025-04-04T00:00:00+00:00",1,1,0],["2025-07-08T00:00:00+00:00",1,1,0],["2025-09-22T00:00:00+00:00",1,1,0]]},"geometry":{"type":"Point","coordinates":[34.420904,31.507083]}},{"type":"Feature","properties":{"site_id":26,"event_code":"CE20231007PSE","latest_date":"2025-09-22T00:00:00+00:00","latest_class":1,"pass_count":13,"h":[["2023-11-07T00:00:00+00:00",3,2,3],["2023-11-26T00:00:00+00:00",3,2,0],["2024-01-06T00:00:00+00:00",3,2,0],["2024-02-29T00:00:00+00:00",3,2,0],["2024-04-01T00:00:00+00:00",3,2,0],["2024-05-03T00:00:00+00:00",3,2,0],["2024-07-06T00:00:00+00:00",3,2,0],["2024-09-06T00:00:00+00:00",3,2,0],["2024-12-01T00:00:00+00:00",3,2,0],["2025-02-25T00:00:00+00:00",1,1,1],["2025-04-04T00:00:00+00:00",1,1,0],["2025-07-08T00:00:00+00:00",1,1,0],["2025-09-22T00:00:00+00:00",1,1,0]]},"geometry":{"type":"Point","coordinates":[34.420808,31.506943]}},{"type":"Feature","properties":{"site_id":26,"event_code":"CE20231007PSE","latest_date":"2025-09-22T00:00:00+00:00","latest_class":1,"pass_count":13,"h":[["2023-11-07T00:00:00+00:00",3,2,3],["2023-11-26T00:00:00+00:00",3,2,0],["2024-01-06T00:00:00+00:00",3,2,0],["2024-02-29T00:00:00+00:00",3,2,0],["2024-04-01T00:00:00+00:00",3,2,0],["2024-05-03T00:00:00+00:00",3,2,0],["2024-07-06T00:00:00+00:00",3,2,0],["2024-09-06T00:00:00+00:00",3,2,0],["2024-12-01T00:00:00+00:00",3,2,0],["2025-02-25T00:00:00+00:00",1,1,1],["2025-04-04T00:00:00+00:00",1,1,0],["2025-07-08T00:00:00+00:00",1,1,0],["2025-09-22T00:00:00+00:00",1,1,0]]},"geometry":{"type":"Point","coordinates":[34.420742,31.506888]}},{"type":"Feature","properties":{"site_id":26,"event_code":"CE20231007PSE","latest_date":"2025-09-22T00:00:00+00:00","latest_class":1,"pass_count":13,"h":[["2023-11-07T00:00:00+00:00",3,2,3],["2023-11-26T00:00:00+00:00",3,2,0],["2024-01-06T00:00:00+00:00",3,2,0],["2024-02-29T00:00:00+00:00",3,2,0],["2024-04-01T00:00:00+00:00",3,2,0],["2024-05-03T00:00:00+00:00",3,2,0],["2024-07-06T00:00:00+00:00",3,2,0],["2024-09-06T00:00:00+00:00",3,2,0],["2024-12-01T00:00:00+00:00",3,2,0],["2025-02-25T00:00:00+00:00",1,1,1],["2025-04-04T00:00:00+00:00",1,1,0],["2025-07-08T00:00:00+00:00",1,1,0],["2025-09-22T00:00:00+00:00",1,1,0]]},"geometry":{"type":"Point","coordinates":[34.420675,31.506796]}},{"type":"Feature","properties":{"site_id":26,"event_code":"CE20231007PSE","latest_date":"2025-09-22T00:00:00+00:00","latest_class":1,"pass_count":13,"h":[["2023-11-07T00:00:00+00:00",3,2,3],["2023-11-26T00:00:00+00:00",3,2,0],["2024-01-06T00:00:00+00:00",3,2,0],["2024-02-29T00:00:00+00:00",3,2,0],["2024-04-01T00:00:00+00:00",3,2,0],["2024-05-03T00:00:00+00:00",3,2,0],["2024-07-06T00:00:00+00:00",3,2,0],["2024-09-06T00:00:00+00:00",3,2,0],["2024-12-01T00:00:00+00:00",3,2,0],["2025-02-25T00:00:00+00:00",1,1,1],["2025-04-04T00:00:00+00:00",1,1,0],["2025-07-08T00:00:00+00:00",1,1,0],["2025-09-22T00:00:00+00:00",1,1,0]]},"geometry":{"type":"Point","coordinates":[34.42057,31.506693]}},{"type":"Feature","properties":{"site_id":26,"event_code":"CE20231007PSE","latest_date":"2025-09-22T00:00:00+00:00","latest_class":1,"pass_count":13,"h":[["2023-11-07T00:00:00+00:00",3,2,3],["2023-11-26T00:00:00+00:00",3,2,0],["2024-01-06T00:00:00+00:00",3,2,0],["2024-02-29T00:00:00+00:00",3,2,0],["2024-04-01T00:00:00+00:00",3,2,0],["2024-05-03T00:00:00+00:00",3,2,0],["2024-07-06T00:00:00+00:00",3,2,0],["2024-09-06T00:00:00+00:00",3,2,0],["2024-12-01T00:00:00+00:00",3,2,0],["2025-02-25T00:00:00+00:00",1,1,1],["2025-04-04T00:00:00+00:00",1,1,0],["2025-07-08T00:00:00+00:00",1,1,0],["2025-09-22T00:00:00+00:00",1,1,0]]},"geometry":{"type":"Point","coordinates":[34.420807,31.506566]}},{"type":"Feature","properties":{"site_id":26,"event_code":"CE20231007PSE","latest_date":"2025-09-22T00:00:00+00:00","latest_class":4,"pass_count":8,"h":[["2024-05-03T00:00:00+00:00",4,3,3],["2024-07-06T00:00:00+00:00",4,3,0],["2024-09-06T00:00:00+00:00",4,3,0],["2024-12-01T00:00:00+00:00",4,3,0],["2025-02-25T00:00:00+00:00",4,3,0],["2025-04-04T00:00:00+00:00",4,3,0],["2025-07-08T00:00:00+00:00",4,3,0],["2025-09-22T00:00:00+00:00",4,3,0]]},"geometry":{"type":"Point","coordinates":[34.423222,31.496219]}},{"type":"Feature","properties":{"site_id":26,"event_code":"CE20231007PSE","latest_date":"2025-09-22T00:00:00+00:00","latest_class":4,"pass_count":12,"h":[["2023-11-26T00:00:00+00:00",4,3,3],["2024-01-06T00:00:00+00:00",4,3,0],["2024-02-29T00:00:00+00:00",4,3,0],["2024-04-01T00:00:00+00:00",4,3,0],["2024-05-03T00:00:00+00:00",4,3,0],["2024-07-06T00:00:00+00:00",4,3,0],["2024-09-06T00:00:00+00:00",4,3,0],["2024-12-01T00:00:00+00:00",4,3,0],["2025-02-25T00:00:00+00:00",4,3,0],["2025-04-04T00:00:00+00:00",4,3,0],["2025-07-08T00:00:00+00:00",4,3,0],["2025-09-22T00:00:00+00:00",4,3,0]]},"geometry":{"type":"Point","coordinates":[34.422339,31.497504]}},{"type":"Feature","properties":{"site_id":26,"event_code":"CE20231007PSE","latest_date":"2025-09-22T00:00:00+00:00","latest_class":4,"pass_count":7,"h":[["2024-07-06T00:00:00+00:00",4,3,3],["2024-09-06T00:00:00+00:00",4,3,0],["2024-12-01T00:00:00+00:00",4,3,0],["2025-02-25T00:00:00+00:00",4,3,0],["2025-04-04T00:00:00+00:00",4,3,0],["2025-07-08T00:00:00+00:00",4,3,0],["2025-09-22T00:00:00+00:00",4,3,0]]},"geometry":{"type":"Point","coordinates":[34.423939,31.498086]}},{"type":"Feature","properties":{"site_id":26,"event_code":"CE20231007PSE","latest_date":"2025-09-22T00:00:00+00:00","latest_class":4,"pass_count":13,"h":[["2023-11-07T00:00:00+00:00",4,3,3],["2023-11-26T00:00:00+00:00",4,3,0],["2024-01-06T00:00:00+00:00",4,3,0],["2024-02-29T00:00:00+00:00",4,3,0],["2024-04-01T00:00:00+00:00",4,3,0],["2024-05-03T00:00:00+00:00",4,3,0],["2024-07-06T00:00:00+00:00",4,3,0],["2024-09-06T00:00:00+00:00",4,3,0],["2024-12-01T00:00:00+00:00",4,3,0],["2025-02-25T00:00:00+00:00",4,3,0],["2025-04-04T00:00:00+00:00",4,3,0],["2025-07-08T00:00:00+00:00",4,3,0],["2025-09-22T00:00:00+00:00",4,3,0]]},"geometry":{"type":"Point","coordinates":[34.424538,31.498295]}},{"type":"Feature","properties":{"site_id":26,"event_code":"CE20231007PSE","latest_date":"2025-09-22T00:00:00+00:00","latest_class":4,"pass_count":11,"h":[["2024-01-06T00:00:00+00:00",4,3,3],["2024-02-29T00:00:00+00:00",4,3,0],["2024-04-01T00:00:00+00:00",4,3,0],["2024-05-03T00:00:00+00:00",4,3,0],["2024-07-06T00:00:00+00:00",4,3,0],["2024-09-06T00:00:00+00:00",4,3,0],["2024-12-01T00:00:00+00:00",4,3,0],["2025-02-25T00:00:00+00:00",4,3,0],["2025-04-04T00:00:00+00:00",4,3,0],["2025-07-08T00:00:00+00:00",4,3,0],["2025-09-22T00:00:00+00:00",4,3,0]]},"geometry":{"type":"Point","coordinates":[34.421896,31.5028]}},{"type":"Feature","properties":{"site_id":26,"event_code":"CE20231007PSE","latest_date":"2025-09-22T00:00:00+00:00","latest_class":4,"pass_count":11,"h":[["2024-01-06T00:00:00+00:00",4,3,3],["2024-02-29T00:00:00+00:00",4,3,0],["2024-04-01T00:00:00+00:00",4,3,0],["2024-05-03T00:00:00+00:00",4,3,0],["2024-07-06T00:00:00+00:00",4,3,0],["2024-09-06T00:00:00+00:00",4,3,0],["2024-12-01T00:00:00+00:00",4,3,0],["2025-02-25T00:00:00+00:00",4,3,0],["2025-04-04T00:00:00+00:00",4,3,0],["2025-07-08T00:00:00+00:00",4,3,0],["2025-09-22T00:00:00+00:00",4,3,0]]},"geometry":{"type":"Point","coordinates":[34.416823,31.503382]}},{"type":"Feature","properties":{"site_id":26,"event_code":"CE20231007PSE","latest_date":"2025-09-22T00:00:00+00:00","latest_class":4,"pass_count":13,"h":[["2023-11-07T00:00:00+00:00",4,3,3],["2023-11-26T00:00:00+00:00",4,3,0],["2024-01-06T00:00:00+00:00",4,3,0],["2024-02-29T00:00:00+00:00",4,3,0],["2024-04-01T00:00:00+00:00",4,3,0],["2024-05-03T00:00:00+00:00",4,3,0],["2024-07-06T00:00:00+00:00",4,3,0],["2024-09-06T00:00:00+00:00",4,3,0],["2024-12-01T00:00:00+00:00",4,3,0],["2025-02-25T00:00:00+00:00",4,3,0],["2025-04-04T00:00:00+00:00",4,3,0],["2025-07-08T00:00:00+00:00",4,3,0],["2025-09-22T00:00:00+00:00",4,3,0]]},"geometry":{"type":"Point","coordinates":[34.421616,31.505611]}},{"type":"Feature","properties":{"site_id":26,"event_code":"CE20231007PSE","latest_date":"2025-09-22T00:00:00+00:00","latest_class":4,"pass_count":13,"h":[["2023-11-07T00:00:00+00:00",4,3,3],["2023-11-26T00:00:00+00:00",4,3,0],["2024-01-06T00:00:00+00:00",4,3,0],["2024-02-29T00:00:00+00:00",4,3,0],["2024-04-01T00:00:00+00:00",4,3,0],["2024-05-03T00:00:00+00:00",4,3,0],["2024-07-06T00:00:00+00:00",4,3,0],["2024-09-06T00:00:00+00:00",4,3,0],["2024-12-01T00:00:00+00:00",4,3,0],["2025-02-25T00:00:00+00:00",4,3,0],["2025-04-04T00:00:00+00:00",4,3,0],["2025-07-08T00:00:00+00:00",4,3,0],["2025-09-22T00:00:00+00:00",4,3,0]]},"geometry":{"type":"Point","coordinates":[34.422317,31.506]}},{"type":"Feature","properties":{"site_id":26,"event_code":"CE20231007PSE","latest_date":"2025-09-22T00:00:00+00:00","latest_class":4,"pass_count":12,"h":[["2023-11-26T00:00:00+00:00",4,3,3],["2024-01-06T00:00:00+00:00",4,3,0],["2024-02-29T00:00:00+00:00",4,3,0],["2024-04-01T00:00:00+00:00",4,3,0],["2024-05-03T00:00:00+00:00",4,3,0],["2024-07-06T00:00:00+00:00",4,3,0],["2024-09-06T00:00:00+00:00",4,3,0],["2024-12-01T00:00:00+00:00",4,3,0],["2025-02-25T00:00:00+00:00",4,3,0],["2025-04-04T00:00:00+00:00",4,3,0],["2025-07-08T00:00:00+00:00",4,3,0],["2025-09-22T00:00:00+00:00",4,3,0]]},"geometry":{"type":"Point","coordinates":[34.426223,31.498303]}},{"type":"Feature","properties":{"site_id":26,"event_code":"CE20231007PSE","latest_date":"2025-09-22T00:00:00+00:00","latest_class":4,"pass_count":8,"h":[["2024-05-03T00:00:00+00:00",4,3,3],["2024-07-06T00:00:00+00:00",4,3,0],["2024-09-06T00:00:00+00:00",4,3,0],["2024-12-01T00:00:00+00:00",4,3,0],["2025-02-25T00:00:00+00:00",4,3,0],["2025-04-04T00:00:00+00:00",4,3,0],["2025-07-08T00:00:00+00:00",4,3,0],["2025-09-22T00:00:00+00:00",4,3,0]]},"geometry":{"type":"Point","coordinates":[34.423438,31.496949]}},{"type":"Feature","properties":{"site_id":26,"event_code":"CE20231007PSE","latest_date":"2025-09-22T00:00:00+00:00","latest_class":4,"pass_count":13,"h":[["2023-11-07T00:00:00+00:00",4,3,3],["2023-11-26T00:00:00+00:00",4,3,0],["2024-01-06T00:00:00+00:00",4,3,0],["2024-02-29T00:00:00+00:00",4,3,0],["2024-04-01T00:00:00+00:00",4,3,0],["2024-05-03T00:00:00+00:00",4,3,0],["2024-07-06T00:00:00+00:00",4,3,0],["2024-09-06T00:00:00+00:00",4,3,0],["2024-12-01T00:00:00+00:00",4,3,0],["2025-02-25T00:00:00+00:00",4,3,0],["2025-04-04T00:00:00+00:00",4,3,0],["2025-07-08T00:00:00+00:00",4,3,0],["2025-09-22T00:00:00+00:00",4,3,0]]},"geometry":{"type":"Point","coordinates":[34.41582,31.503667]}},{"type":"Feature","properties":{"site_id":26,"event_code":"CE20231007PSE","latest_date":"2025-09-22T00:00:00+00:00","latest_class":4,"pass_count":12,"h":[["2023-11-26T00:00:00+00:00",4,3,3],["2024-01-06T00:00:00+00:00",4,3,0],["2024-02-29T00:00:00+00:00",4,3,0],["2024-04-01T00:00:00+00:00",4,3,0],["2024-05-03T00:00:00+00:00",4,3,0],["2024-07-06T00:00:00+00:00",4,3,0],["2024-09-06T00:00:00+00:00",4,3,0],["2024-12-01T00:00:00+00:00",4,3,0],["2025-02-25T00:00:00+00:00",4,3,0],["2025-04-04T00:00:00+00:00",4,3,0],["2025-07-08T00:00:00+00:00",4,3,0],["2025-09-22T00:00:00+00:00",4,3,0]]},"geometry":{"type":"Point","coordinates":[34.416449,31.502831]}},{"type":"Feature","properties":{"site_id":26,"event_code":"CE20231007PSE","latest_date":"2025-09-22T00:00:00+00:00","latest_class":4,"pass_count":13,"h":[["2023-11-07T00:00:00+00:00",4,3,3],["2023-11-26T00:00:00+00:00",4,3,0],["2024-01-06T00:00:00+00:00",4,3,0],["2024-02-29T00:00:00+00:00",4,3,0],["2024-04-01T00:00:00+00:00",4,3,0],["2024-05-03T00:00:00+00:00",4,3,0],["2024-07-06T00:00:00+00:00",4,3,0],["2024-09-06T00:00:00+00:00",4,3,0],["2024-12-01T00:00:00+00:00",4,3,0],["2025-02-25T00:00:00+00:00",4,3,0],["2025-04-04T00:00:00+00:00",4,3,0],["2025-07-08T00:00:00+00:00",4,3,0],["2025-09-22T00:00:00+00:00",4,3,0]]},"geometry":{"type":"Point","coordinates":[34.417161,31.504234]}},{"type":"Feature","properties":{"site_id":26,"event_code":"CE20231007PSE","latest_date":"2025-09-22T00:00:00+00:00","latest_class":4,"pass_count":12,"h":[["2023-11-26T00:00:00+00:00",4,3,3],["2024-01-06T00:00:00+00:00",4,3,0],["2024-02-29T00:00:00+00:00",4,3,0],["2024-04-01T00:00:00+00:00",4,3,0],["2024-05-03T00:00:00+00:00",4,3,0],["2024-07-06T00:00:00+00:00",4,3,0],["2024-09-06T00:00:00+00:00",4,3,0],["2024-12-01T00:00:00+00:00",4,3,0],["2025-02-25T00:00:00+00:00",4,3,0],["2025-04-04T00:00:00+00:00",4,3,0],["2025-07-08T00:00:00+00:00",4,3,0],["2025-09-22T00:00:00+00:00",4,3,0]]},"geometry":{"type":"Point","coordinates":[34.420073,31.498926]}},{"type":"Feature","properties":{"site_id":26,"event_code":"CE20231007PSE","latest_date":"2025-09-22T00:00:00+00:00","latest_class":4,"pass_count":13,"h":[["2023-11-07T00:00:00+00:00",4,3,3],["2023-11-26T00:00:00+00:00",4,3,0],["2024-01-06T00:00:00+00:00",4,3,0],["2024-02-29T00:00:00+00:00",4,3,0],["2024-04-01T00:00:00+00:00",4,3,0],["2024-05-03T00:00:00+00:00",4,3,0],["2024-07-06T00:00:00+00:00",4,3,0],["2024-09-06T00:00:00+00:00",4,3,0],["2024-12-01T00:00:00+00:00",4,3,0],["2025-02-25T00:00:00+00:00",4,3,0],["2025-04-04T00:00:00+00:00",4,3,0],["2025-07-08T00:00:00+00:00",4,3,0],["2025-09-22T00:00:00+00:00",4,3,0]]},"geometry":{"type":"Point","coordinates":[34.423969,31.503006]}},{"type":"Feature","properties":{"site_id":26,"event_code":"CE20231007PSE","latest_date":"2025-09-22T00:00:00+00:00","latest_class":4,"pass_count":13,"h":[["2023-11-07T00:00:00+00:00",4,3,3],["2023-11-26T00:00:00+00:00",4,3,0],["2024-01-06T00:00:00+00:00",4,3,0],["2024-02-29T00:00:00+00:00",4,3,0],["2024-04-01T00:00:00+00:00",4,3,0],["2024-05-03T00:00:00+00:00",4,3,0],["2024-07-06T00:00:00+00:00",4,3,0],["2024-09-06T00:00:00+00:00",4,3,0],["2024-12-01T00:00:00+00:00",4,3,0],["2025-02-25T00:00:00+00:00",4,3,0],["2025-04-04T00:00:00+00:00",4,3,0],["2025-07-08T00:00:00+00:00",4,3,0],["2025-09-22T00:00:00+00:00",4,3,0]]},"geometry":{"type":"Point","coordinates":[34.424528,31.496753]}},{"type":"Feature","properties":{"site_id":26,"event_code":"CE20231007PSE","latest_date":"2025-09-22T00:00:00+00:00","latest_class":4,"pass_count":13,"h":[["2023-11-07T00:00:00+00:00",4,3,3],["2023-11-26T00:00:00+00:00",4,3,0],["2024-01-06T00:00:00+00:00",4,3,0],["2024-02-29T00:00:00+00:00",4,3,0],["2024-04-01T00:00:00+00:00",4,3,0],["2024-05-03T00:00:00+00:00",4,3,0],["2024-07-06T00:00:00+00:00",4,3,0],["2024-09-06T00:00:00+00:00",4,3,0],["2024-12-01T00:00:00+00:00",4,3,0],["2025-02-25T00:00:00+00:00",4,3,0],["2025-04-04T00:00:00+00:00",4,3,0],["2025-07-08T00:00:00+00:00",4,3,0],["2025-09-22T00:00:00+00:00",4,3,0]]},"geometry":{"type":"Point","coordinates":[34.423646,31.502736]}},{"type":"Feature","properties":{"site_id":26,"event_code":"CE20231007PSE","latest_date":"2025-09-22T00:00:00+00:00","latest_class":4,"pass_count":12,"h":[["2023-11-26T00:00:00+00:00",4,3,3],["2024-01-06T00:00:00+00:00",4,3,0],["2024-02-29T00:00:00+00:00",4,3,0],["2024-04-01T00:00:00+00:00",4,3,0],["2024-05-03T00:00:00+00:00",4,3,0],["2024-07-06T00:00:00+00:00",4,3,0],["2024-09-06T00:00:00+00:00",4,3,0],["2024-12-01T00:00:00+00:00",4,3,0],["2025-02-25T00:00:00+00:00",4,3,0],["2025-04-04T00:00:00+00:00",4,3,0],["2025-07-08T00:00:00+00:00",4,3,0],["2025-09-22T00:00:00+00:00",4,3,0]]},"geometry":{"type":"Point","coordinates":[34.423111,31.495799]}},{"type":"Feature","properties":{"site_id":26,"event_code":"CE20231007PSE","latest_date":"2025-09-22T00:00:00+00:00","latest_class":4,"pass_count":13,"h":[["2023-11-07T00:00:00+00:00",4,3,3],["2023-11-26T00:00:00+00:00",4,3,0],["2024-01-06T00:00:00+00:00",4,3,0],["2024-02-29T00:00:00+00:00",4,3,0],["2024-04-01T00:00:00+00:00",4,3,0],["2024-05-03T00:00:00+00:00",4,3,0],["2024-07-06T00:00:00+00:00",4,3,0],["2024-09-06T00:00:00+00:00",4,3,0],["2024-12-01T00:00:00+00:00",4,3,0],["2025-02-25T00:00:00+00:00",4,3,0],["2025-04-04T00:00:00+00:00",4,3,0],["2025-07-08T00:00:00+00:00",4,3,0],["2025-09-22T00:00:00+00:00",4,3,0]]},"geometry":{"type":"Point","coordinates":[34.416965,31.504395]}},{"type":"Feature","properties":{"site_id":26,"event_code":"CE20231007PSE","latest_date":"2025-09-22T00:00:00+00:00","latest_class":4,"pass_count":13,"h":[["2023-11-07T00:00:00+00:00",4,3,3],["2023-11-26T00:00:00+00:00",4,3,0],["2024-01-06T00:00:00+00:00",4,3,0],["2024-02-29T00:00:00+00:00",4,3,0],["2024-04-01T00:00:00+00:00",4,3,0],["2024-05-03T00:00:00+00:00",4,3,0],["2024-07-06T00:00:00+00:00",4,3,0],["2024-09-06T00:00:00+00:00",4,3,0],["2024-12-01T00:00:00+00:00",4,3,0],["2025-02-25T00:00:00+00:00",4,3,0],["2025-04-04T00:00:00+00:00",4,3,0],["2025-07-08T00:00:00+00:00",4,3,0],["2025-09-22T00:00:00+00:00",4,3,0]]},"geometry":{"type":"Point","coordinates":[34.422518,31.50619]}},{"type":"Feature","properties":{"site_id":26,"event_code":"CE20231007PSE","latest_date":"2025-09-22T00:00:00+00:00","latest_class":4,"pass_count":10,"h":[["2024-02-29T00:00:00+00:00",4,3,3],["2024-04-01T00:00:00+00:00",4,3,0],["2024-05-03T00:00:00+00:00",4,3,0],["2024-07-06T00:00:00+00:00",4,3,0],["2024-09-06T00:00:00+00:00",4,3,0],["2024-12-01T00:00:00+00:00",4,3,0],["2025-02-25T00:00:00+00:00",4,3,0],["2025-04-04T00:00:00+00:00",4,3,0],["2025-07-08T00:00:00+00:00",4,3,0],["2025-09-22T00:00:00+00:00",4,3,0]]},"geometry":{"type":"Point","coordinates":[34.425997,31.49805]}},{"type":"Feature","properties":{"site_id":26,"event_code":"CE20231007PSE","latest_date":"2025-09-22T00:00:00+00:00","latest_class":4,"pass_count":13,"h":[["2023-11-07T00:00:00+00:00",4,3,3],["2023-11-26T00:00:00+00:00",4,3,0],["2024-01-06T00:00:00+00:00",4,3,0],["2024-02-29T00:00:00+00:00",4,3,0],["2024-04-01T00:00:00+00:00",4,3,0],["2024-05-03T00:00:00+00:00",4,3,0],["2024-07-06T00:00:00+00:00",4,3,0],["2024-09-06T00:00:00+00:00",4,3,0],["2024-12-01T00:00:00+00:00",4,3,0],["2025-02-25T00:00:00+00:00",4,3,0],["2025-04-04T00:00:00+00:00",4,3,0],["2025-07-08T00:00:00+00:00",4,3,0],["2025-09-22T00:00:00+00:00",4,3,0]]},"geometry":{"type":"Point","coordinates":[34.42033,31.498773]}},{"type":"Feature","properties":{"site_id":26,"event_code":"CE20231007PSE","latest_date":"2025-09-22T00:00:00+00:00","latest_class":4,"pass_count":11,"h":[["2024-01-06T00:00:00+00:00",4,3,3],["2024-02-29T00:00:00+00:00",4,3,0],["2024-04-01T00:00:00+00:00",4,3,0],["2024-05-03T00:00:00+00:00",4,3,0],["2024-07-06T00:00:00+00:00",4,3,0],["2024-09-06T00:00:00+00:00",4,3,0],["2024-12-01T00:00:00+00:00",4,3,0],["2025-02-25T00:00:00+00:00",4,3,0],["2025-04-04T00:00:00+00:00",4,3,0],["2025-07-08T00:00:00+00:00",4,3,0],["2025-09-22T00:00:00+00:00",4,3,0]]},"geometry":{"type":"Point","coordinates":[34.415705,31.503104]}},{"type":"Feature","properties":{"site_id":26,"event_code":"CE20231007PSE","latest_date":"2025-09-22T00:00:00+00:00","latest_class":4,"pass_count":14,"h":[["2023-10-15T00:00:00+00:00",4,3,null],["2023-11-07T00:00:00+00:00",4,3,0],["2023-11-26T00:00:00+00:00",4,3,0],["2024-01-06T00:00:00+00:00",4,3,0],["2024-02-29T00:00:00+00:00",4,3,0],["2024-04-01T00:00:00+00:00",4,3,0],["2024-05-03T00:00:00+00:00",4,3,0],["2024-07-06T00:00:00+00:00",4,3,0],["2024-09-06T00:00:00+00:00",4,3,0],["2024-12-01T00:00:00+00:00",4,3,0],["2025-02-25T00:00:00+00:00",4,3,0],["2025-04-04T00:00:00+00:00",4,3,0],["2025-07-08T00:00:00+00:00",4,3,0],["2025-09-22T00:00:00+00:00",4,3,0]]},"geometry":{"type":"Point","coordinates":[34.423131,31.500906]}},{"type":"Feature","properties":{"site_id":26,"event_code":"CE20231007PSE","latest_date":"2025-09-22T00:00:00+00:00","latest_class":4,"pass_count":13,"h":[["2023-11-07T00:00:00+00:00",4,3,3],["2023-11-26T00:00:00+00:00",4,3,0],["2024-01-06T00:00:00+00:00",4,3,0],["2024-02-29T00:00:00+00:00",4,3,0],["2024-04-01T00:00:00+00:00",4,3,0],["2024-05-03T00:00:00+00:00",4,3,0],["2024-07-06T00:00:00+00:00",4,3,0],["2024-09-06T00:00:00+00:00",4,3,0],["2024-12-01T00:00:00+00:00",4,3,0],["2025-02-25T00:00:00+00:00",4,3,0],["2025-04-04T00:00:00+00:00",4,3,0],["2025-07-08T00:00:00+00:00",4,3,0],["2025-09-22T00:00:00+00:00",4,3,0]]},"geometry":{"type":"Point","coordinates":[34.417033,31.504173]}},{"type":"Feature","properties":{"site_id":26,"event_code":"CE20231007PSE","latest_date":"2025-09-22T00:00:00+00:00","latest_class":4,"pass_count":10,"h":[["2024-02-29T00:00:00+00:00",4,3,3],["2024-04-01T00:00:00+00:00",4,3,0],["2024-05-03T00:00:00+00:00",4,3,0],["2024-07-06T00:00:00+00:00",4,3,0],["2024-09-06T00:00:00+00:00",4,3,0],["2024-12-01T00:00:00+00:00",4,3,0],["2025-02-25T00:00:00+00:00",4,3,0],["2025-04-04T00:00:00+00:00",4,3,0],["2025-07-08T00:00:00+00:00",4,3,0],["2025-09-22T00:00:00+00:00",4,3,0]]},"geometry":{"type":"Point","coordinates":[34.418656,31.505097]}},{"type":"Feature","properties":{"site_id":26,"event_code":"CE20231007PSE","latest_date":"2025-09-22T00:00:00+00:00","latest_class":4,"pass_count":12,"h":[["2023-11-26T00:00:00+00:00",4,3,3],["2024-01-06T00:00:00+00:00",4,3,0],["2024-02-29T00:00:00+00:00",4,3,0],["2024-04-01T00:00:00+00:00",4,3,0],["2024-05-03T00:00:00+00:00",4,3,0],["2024-07-06T00:00:00+00:00",4,3,0],["2024-09-06T00:00:00+00:00",4,3,0],["2024-12-01T00:00:00+00:00",4,3,0],["2025-02-25T00:00:00+00:00",4,3,0],["2025-04-04T00:00:00+00:00",4,3,0],["2025-07-08T00:00:00+00:00",4,3,0],["2025-09-22T00:00:00+00:00",4,3,0]]},"geometry":{"type":"Point","coordinates":[34.421145,31.495895]}},{"type":"Feature","properties":{"site_id":26,"event_code":"CE20231007PSE","latest_date":"2025-09-22T00:00:00+00:00","latest_class":4,"pass_count":13,"h":[["2023-11-07T00:00:00+00:00",4,3,3],["2023-11-26T00:00:00+00:00",4,3,0],["2024-01-06T00:00:00+00:00",4,3,0],["2024-02-29T00:00:00+00:00",4,3,0],["2024-04-01T00:00:00+00:00",4,3,0],["2024-05-03T00:00:00+00:00",4,3,0],["2024-07-06T00:00:00+00:00",4,3,0],["2024-09-06T00:00:00+00:00",4,3,0],["2024-12-01T00:00:00+00:00",4,3,0],["2025-02-25T00:00:00+00:00",4,3,0],["2025-04-04T00:00:00+00:00",4,3,0],["2025-07-08T00:00:00+00:00",4,3,0],["2025-09-22T00:00:00+00:00",4,3,0]]},"geometry":{"type":"Point","coordinates":[34.416446,31.502448]}},{"type":"Feature","properties":{"site_id":26,"event_code":"CE20231007PSE","latest_date":"2025-09-22T00:00:00+00:00","latest_class":4,"pass_count":9,"h":[["2024-04-01T00:00:00+00:00",4,3,3],["2024-05-03T00:00:00+00:00",4,3,0],["2024-07-06T00:00:00+00:00",4,3,0],["2024-09-06T00:00:00+00:00",4,3,0],["2024-12-01T00:00:00+00:00",4,3,0],["2025-02-25T00:00:00+00:00",4,3,0],["2025-04-04T00:00:00+00:00",4,3,0],["2025-07-08T00:00:00+00:00",4,3,0],["2025-09-22T00:00:00+00:00",4,3,0]]},"geometry":{"type":"Point","coordinates":[34.418254,31.505324]}},{"type":"Feature","properties":{"site_id":26,"event_code":"CE20231007PSE","latest_date":"2025-09-22T00:00:00+00:00","latest_class":4,"pass_count":12,"h":[["2023-11-26T00:00:00+00:00",4,3,3],["2024-01-06T00:00:00+00:00",4,3,0],["2024-02-29T00:00:00+00:00",4,3,0],["2024-04-01T00:00:00+00:00",4,3,0],["2024-05-03T00:00:00+00:00",4,3,0],["2024-07-06T00:00:00+00:00",4,3,0],["2024-09-06T00:00:00+00:00",4,3,0],["2024-12-01T00:00:00+00:00",4,3,0],["2025-02-25T00:00:00+00:00",4,3,0],["2025-04-04T00:00:00+00:00",4,3,0],["2025-07-08T00:00:00+00:00",4,3,0],["2025-09-22T00:00:00+00:00",4,3,0]]},"geometry":{"type":"Point","coordinates":[34.416805,31.501436]}},{"type":"Feature","properties":{"site_id":26,"event_code":"CE20231007PSE","latest_date":"2025-09-22T00:00:00+00:00","latest_class":4,"pass_count":13,"h":[["2023-11-07T00:00:00+00:00",4,3,3],["2023-11-26T00:00:00+00:00",4,3,0],["2024-01-06T00:00:00+00:00",4,3,0],["2024-02-29T00:00:00+00:00",4,3,0],["2024-04-01T00:00:00+00:00",4,3,0],["2024-05-03T00:00:00+00:00",4,3,0],["2024-07-06T00:00:00+00:00",4,3,0],["2024-09-06T00:00:00+00:00",4,3,0],["2024-12-01T00:00:00+00:00",4,3,0],["2025-02-25T00:00:00+00:00",4,3,0],["2025-04-04T00:00:00+00:00",4,3,0],["2025-07-08T00:00:00+00:00",4,3,0],["2025-09-22T00:00:00+00:00",4,3,0]]},"geometry":{"type":"Point","coordinates":[34.418111,31.504289]}},{"type":"Feature","properties":{"site_id":26,"event_code":"CE20231007PSE","latest_date":"2025-09-22T00:00:00+00:00","latest_class":4,"pass_count":8,"h":[["2024-05-03T00:00:00+00:00",4,3,3],["2024-07-06T00:00:00+00:00",4,3,0],["2024-09-06T00:00:00+00:00",4,3,0],["2024-12-01T00:00:00+00:00",4,3,0],["2025-02-25T00:00:00+00:00",4,3,0],["2025-04-04T00:00:00+00:00",4,3,0],["2025-07-08T00:00:00+00:00",4,3,0],["2025-09-22T00:00:00+00:00",4,3,0]]},"geometry":{"type":"Point","coordinates":[34.422806,31.498066]}},{"type":"Feature","properties":{"site_id":26,"event_code":"CE20231007PSE","latest_date":"2025-09-22T00:00:00+00:00","latest_class":11,"pass_count":8,"h":[["2024-05-03T00:00:00+00:00",11,3,3],["2024-07-06T00:00:00+00:00",11,3,0],["2024-09-06T00:00:00+00:00",11,3,0],["2024-12-01T00:00:00+00:00",11,3,0],["2025-02-25T00:00:00+00:00",11,3,0],["2025-04-04T00:00:00+00:00",11,3,0],["2025-07-08T00:00:00+00:00",11,3,0],["2025-09-22T00:00:00+00:00",11,3,0]]},"geometry":{"type":"Point","coordinates":[34.423082,31.496165]}},{"type":"Feature","properties":{"site_id":26,"event_code":"CE20231007PSE","latest_date":"2025-09-22T00:00:00+00:00","latest_class":11,"pass_count":8,"h":[["2024-05-03T00:00:00+00:00",11,3,3],["2024-07-06T00:00:00+00:00",11,3,0],["2024-09-06T00:00:00+00:00",11,3,0],["2024-12-01T00:00:00+00:00",11,3,0],["2025-02-25T00:00:00+00:00",11,3,0],["2025-04-04T00:00:00+00:00",11,3,0],["2025-07-08T00:00:00+00:00",11,3,0],["2025-09-22T00:00:00+00:00",11,3,0]]},"geometry":{"type":"Point","coordinates":[34.42276,31.49715]}},{"type":"Feature","properties":{"site_id":26,"event_code":"CE20231007PSE","latest_date":"2025-09-22T00:00:00+00:00","latest_class":11,"pass_count":8,"h":[["2024-05-03T00:00:00+00:00",11,3,3],["2024-07-06T00:00:00+00:00",11,3,0],["2024-09-06T00:00:00+00:00",11,3,0],["2024-12-01T00:00:00+00:00",11,3,0],["2025-02-25T00:00:00+00:00",11,3,0],["2025-04-04T00:00:00+00:00",11,3,0],["2025-07-08T00:00:00+00:00",11,3,0],["2025-09-22T00:00:00+00:00",11,3,0]]},"geometry":{"type":"Point","coordinates":[34.421834,31.501034]}}]}