{"type":"FeatureCollection","metadata":{"source":"UNOSAT/OCHA, Gaza City Comprehensive Damage Assessment, 22-23 September 2025 release","geometry_status":"point_only","confidence":"high","notes":"Points are UNOSAT-assessed damage sites, not building footprints. h = [date, damage_class_code, confidence_id, status_code] per satellite pass, oldest first. See extract_unosat_gaza_city.py docstring for legend provenance.","territory":"Gaza Strip","governorate":"Gaza","municipality":"Gaza City","neighborhood":"Ijdeedeh"},"legend":{"damage_class":{"1":"Destroyed","2":"Severe Damage","3":"Moderate Damage","4":"Possible Damage"},"status":{"0":"No change since previous pass (inferred)","1":"Change since previous pass (inferred)"}},"features":[{"type":"Feature","properties":{"site_id":26,"event_code":"CE20231007PSE","latest_date":"2025-09-22T00:00:00+00:00","latest_class":1,"pass_count":11,"h":[["2024-01-06T00:00:00+00:00",1,1,3],["2024-02-29T00:00:00+00:00",1,1,0],["2024-04-01T00:00:00+00:00",1,1,0],["2024-05-03T00:00:00+00:00",1,1,0],["2024-07-06T00:00:00+00:00",1,1,0],["2024-09-06T00:00:00+00:00",1,1,0],["2024-12-01T00:00:00+00:00",1,1,0],["2025-02-25T00:00:00+00:00",1,1,0],["2025-04-04T00:00:00+00:00",1,1,0],["2025-07-08T00:00:00+00:00",1,1,0],["2025-09-22T00:00:00+00:00",1,1,0]]},"geometry":{"type":"Point","coordinates":[34.482665,31.489367]}},{"type":"Feature","properties":{"site_id":26,"event_code":"CE20231007PSE","latest_date":"2025-09-22T00:00:00+00:00","latest_class":1,"pass_count":14,"h":[["2023-10-15T00:00:00+00:00",2,1,null],["2023-11-07T00:00:00+00:00",2,1,0],["2023-11-26T00:00:00+00:00",2,1,0],["2024-01-06T00:00:00+00:00",1,1,1],["2024-02-29T00:00:00+00:00",1,1,0],["2024-04-01T00:00:00+00:00",1,1,0],["2024-05-03T00:00:00+00:00",1,1,0],["2024-07-06T00:00:00+00:00",1,1,0],["2024-09-06T00:00:00+00:00",1,1,0],["2024-12-01T00:00:00+00:00",1,1,0],["2025-02-25T00:00:00+00:00",1,1,0],["2025-04-04T00:00:00+00:00",1,1,0],["2025-07-08T00:00:00+00:00",1,1,0],["2025-09-22T00:00:00+00:00",1,1,0]]},"geometry":{"type":"Point","coordinates":[34.487127,31.48749]}},{"type":"Feature","properties":{"site_id":26,"event_code":"CE20231007PSE","latest_date":"2025-09-22T00:00:00+00:00","latest_class":1,"pass_count":14,"h":[["2023-10-15T00:00:00+00:00",2,1,null],["2023-11-07T00:00:00+00:00",2,1,0],["2023-11-26T00:00:00+00:00",2,1,0],["2024-01-06T00:00:00+00:00",1,1,1],["2024-02-29T00:00:00+00:00",1,1,0],["2024-04-01T00:00:00+00:00",1,1,0],["2024-05-03T00:00:00+00:00",1,1,0],["2024-07-06T00:00:00+00:00",1,1,0],["2024-09-06T00:00:00+00:00",1,1,0],["2024-12-01T00:00:00+00:00",1,1,0],["2025-02-25T00:00:00+00:00",1,1,0],["2025-04-04T00:00:00+00:00",1,1,0],["2025-07-08T00:00:00+00:00",1,1,0],["2025-09-22T00:00:00+00:00",1,1,0]]},"geometry":{"type":"Point","coordinates":[34.486461,31.487265]}},{"type":"Feature","properties":{"site_id":26,"event_code":"CE20231007PSE","latest_date":"2025-09-22T00:00:00+00:00","latest_class":1,"pass_count":14,"h":[["2023-10-15T00:00:00+00:00",1,1,null],["2023-11-07T00:00:00+00:00",1,1,0],["2023-11-26T00:00:00+00:00",1,1,0],["2024-01-06T00:00:00+00:00",1,1,0],["2024-02-29T00:00:00+00:00",1,1,0],["2024-04-01T00:00:00+00:00",1,1,0],["2024-05-03T00:00:00+00:00",1,1,0],["2024-07-06T00:00:00+00:00",1,1,0],["2024-09-06T00:00:00+00:00",1,1,0],["2024-12-01T00:00:00+00:00",1,1,0],["2025-02-25T00:00:00+00:00",1,1,0],["2025-04-04T00:00:00+00:00",1,1,0],["2025-07-08T00:00:00+00:00",1,1,0],["2025-09-22T00:00:00+00:00",1,1,0]]},"geometry":{"type":"Point","coordinates":[34.486349,31.485838]}},{"type":"Feature","properties":{"site_id":26,"event_code":"CE20231007PSE","latest_date":"2025-09-23T00:00:00+00:00","latest_class":1,"pass_count":14,"h":[["2023-10-15T00:00:00+00:00",3,2,null],["2023-11-07T00:00:00+00:00",3,2,0],["2023-11-26T00:00:00+00:00",3,2,0],["2024-01-06T00:00:00+00:00",1,1,1],["2024-02-29T00:00:00+00:00",1,1,0],["2024-04-01T00:00:00+00:00",1,1,0],["2024-05-03T00:00:00+00:00",1,1,0],["2024-07-06T00:00:00+00:00",1,1,0],["2024-09-06T00:00:00+00:00",1,1,0],["2024-12-01T00:00:00+00:00",1,1,0],["2025-02-25T00:00:00+00:00",1,1,0],["2025-04-04T00:00:00+00:00",1,1,0],["2025-07-08T00:00:00+00:00",1,1,0],["2025-09-23T00:00:00+00:00",1,1,0]]},"geometry":{"type":"Point","coordinates":[34.48959,31.489681]}},{"type":"Feature","properties":{"site_id":26,"event_code":"CE20231007PSE","latest_date":"2025-09-22T00:00:00+00:00","latest_class":1,"pass_count":11,"h":[["2024-01-06T00:00:00+00:00",1,1,3],["2024-02-29T00:00:00+00:00",1,1,0],["2024-04-01T00:00:00+00:00",1,1,0],["2024-05-03T00:00:00+00:00",1,1,0],["2024-07-06T00:00:00+00:00",1,1,0],["2024-09-06T00:00:00+00:00",1,1,0],["2024-12-01T00:00:00+00:00",1,1,0],["2025-02-25T00:00:00+00:00",1,1,0],["2025-04-04T00:00:00+00:00",1,1,0],["2025-07-08T00:00:00+00:00",1,1,0],["2025-09-22T00:00:00+00:00",1,1,0]]},"geometry":{"type":"Point","coordinates":[34.487067,31.486343]}},{"type":"Feature","properties":{"site_id":26,"event_code":"CE20231007PSE","latest_date":"2025-09-22T00:00:00+00:00","latest_class":1,"pass_count":11,"h":[["2024-01-06T00:00:00+00:00",1,1,3],["2024-02-29T00:00:00+00:00",1,1,0],["2024-04-01T00:00:00+00:00",1,1,0],["2024-05-03T00:00:00+00:00",1,1,0],["2024-07-06T00:00:00+00:00",1,1,0],["2024-09-06T00:00:00+00:00",1,1,0],["2024-12-01T00:00:00+00:00",1,1,0],["2025-02-25T00:00:00+00:00",1,1,0],["2025-04-04T00:00:00+00:00",1,1,0],["2025-07-08T00:00:00+00:00",1,1,0],["2025-09-22T00:00:00+00:00",1,1,0]]},"geometry":{"type":"Point","coordinates":[34.486106,31.486632]}},{"type":"Feature","properties":{"site_id":26,"event_code":"CE20231007PSE","latest_date":"2025-09-22T00:00:00+00:00","latest_class":2,"pass_count":11,"h":[["2024-01-06T00:00:00+00:00",2,1,3],["2024-02-29T00:00:00+00:00",2,1,0],["2024-04-01T00:00:00+00:00",2,1,0],["2024-05-03T00:00:00+00:00",2,1,0],["2024-07-06T00:00:00+00:00",2,1,0],["2024-09-06T00:00:00+00:00",2,1,0],["2024-12-01T00:00:00+00:00",2,1,0],["2025-02-25T00:00:00+00:00",2,1,0],["2025-04-04T00:00:00+00:00",2,1,0],["2025-07-08T00:00:00+00:00",2,1,0],["2025-09-22T00:00:00+00:00",2,1,0]]},"geometry":{"type":"Point","coordinates":[34.485358,31.486529]}},{"type":"Feature","properties":{"site_id":26,"event_code":"CE20231007PSE","latest_date":"2025-09-22T00:00:00+00:00","latest_class":1,"pass_count":11,"h":[["2024-01-06T00:00:00+00:00",2,1,3],["2024-02-29T00:00:00+00:00",2,1,0],["2024-04-01T00:00:00+00:00",2,1,0],["2024-05-03T00:00:00+00:00",2,1,0],["2024-07-06T00:00:00+00:00",1,1,1],["2024-09-06T00:00:00+00:00",1,1,0],["2024-12-01T00:00:00+00:00",1,1,0],["2025-02-25T00:00:00+00:00",1,1,0],["2025-04-04T00:00:00+00:00",1,1,0],["2025-07-08T00:00:00+00:00",1,1,0],["2025-09-22T00:00:00+00:00",1,1,0]]},"geometry":{"type":"Point","coordinates":[34.485374,31.486685]}},{"type":"Feature","properties":{"site_id":26,"event_code":"CE20231007PSE","latest_date":"2025-09-22T00:00:00+00:00","latest_class":1,"pass_count":11,"h":[["2024-01-06T00:00:00+00:00",1,1,3],["2024-02-29T00:00:00+00:00",1,1,0],["2024-04-01T00:00:00+00:00",1,1,0],["2024-05-03T00:00:00+00:00",1,1,0],["2024-07-06T00:00:00+00:00",1,1,0],["2024-09-06T00:00:00+00:00",1,1,0],["2024-12-01T00:00:00+00:00",1,1,0],["2025-02-25T00:00:00+00:00",1,1,0],["2025-04-04T00:00:00+00:00",1,1,0],["2025-07-08T00:00:00+00:00",1,1,0],["2025-09-22T00:00:00+00:00",1,1,0]]},"geometry":{"type":"Point","coordinates":[34.485802,31.486858]}},{"type":"Feature","properties":{"site_id":26,"event_code":"CE20231007PSE","latest_date":"2025-09-22T00:00:00+00:00","latest_class":1,"pass_count":11,"h":[["2024-01-06T00:00:00+00:00",1,1,3],["2024-02-29T00:00:00+00:00",1,1,0],["2024-04-01T00:00:00+00:00",1,1,0],["2024-05-03T00:00:00+00:00",1,1,0],["2024-07-06T00:00:00+00:00",1,1,0],["2024-09-06T00:00:00+00:00",1,1,0],["2024-12-01T00:00:00+00:00",1,1,0],["2025-02-25T00:00:00+00:00",1,1,0],["2025-04-04T00:00:00+00:00",1,1,0],["2025-07-08T00:00:00+00:00",1,1,0],["2025-09-22T00:00:00+00:00",1,1,0]]},"geometry":{"type":"Point","coordinates":[34.485978,31.487008]}},{"type":"Feature","properties":{"site_id":26,"event_code":"CE20231007PSE","latest_date":"2025-09-22T00:00:00+00:00","latest_class":1,"pass_count":11,"h":[["2024-01-06T00:00:00+00:00",1,1,3],["2024-02-29T00:00:00+00:00",1,1,0],["2024-04-01T00:00:00+00:00",1,1,0],["2024-05-03T00:00:00+00:00",1,1,0],["2024-07-06T00:00:00+00:00",1,1,0],["2024-09-06T00:00:00+00:00",1,1,0],["2024-12-01T00:00:00+00:00",1,1,0],["2025-02-25T00:00:00+00:00",1,1,0],["2025-04-04T00:00:00+00:00",1,1,0],["2025-07-08T00:00:00+00:00",1,1,0],["2025-09-22T00:00:00+00:00",1,1,0]]},"geometry":{"type":"Point","coordinates":[34.486463,31.487004]}},{"type":"Feature","properties":{"site_id":26,"event_code":"CE20231007PSE","latest_date":"2025-09-22T00:00:00+00:00","latest_class":1,"pass_count":11,"h":[["2024-01-06T00:00:00+00:00",1,1,3],["2024-02-29T00:00:00+00:00",1,1,0],["2024-04-01T00:00:00+00:00",1,1,0],["2024-05-03T00:00:00+00:00",1,1,0],["2024-07-06T00:00:00+00:00",1,1,0],["2024-09-06T00:00:00+00:00",1,1,0],["2024-12-01T00:00:00+00:00",1,1,0],["2025-02-25T00:00:00+00:00",1,1,0],["2025-04-04T00:00:00+00:00",1,1,0],["2025-07-08T00:00:00+00:00",1,1,0],["2025-09-22T00:00:00+00:00",1,1,0]]},"geometry":{"type":"Point","coordinates":[34.486636,31.487635]}},{"type":"Feature","properties":{"site_id":26,"event_code":"CE20231007PSE","latest_date":"2025-09-23T00:00:00+00:00","latest_class":1,"pass_count":11,"h":[["2024-01-06T00:00:00+00:00",1,1,3],["2024-02-29T00:00:00+00:00",1,1,0],["2024-04-01T00:00:00+00:00",1,1,0],["2024-05-03T00:00:00+00:00",1,1,0],["2024-07-06T00:00:00+00:00",1,1,0],["2024-09-06T00:00:00+00:00",1,1,0],["2024-12-01T00:00:00+00:00",1,1,0],["2025-02-25T00:00:00+00:00",1,1,0],["2025-04-04T00:00:00+00:00",1,1,0],["2025-07-08T00:00:00+00:00",1,1,0],["2025-09-23T00:00:00+00:00",1,1,0]]},"geometry":{"type":"Point","coordinates":[34.485921,31.488599]}},{"type":"Feature","properties":{"site_id":26,"event_code":"CE20231007PSE","latest_date":"2025-09-22T00:00:00+00:00","latest_class":1,"pass_count":11,"h":[["2024-01-06T00:00:00+00:00",1,1,3],["2024-02-29T00:00:00+00:00",1,1,0],["2024-04-01T00:00:00+00:00",1,1,0],["2024-05-03T00:00:00+00:00",1,1,0],["2024-07-06T00:00:00+00:00",1,1,0],["2024-09-06T00:00:00+00:00",1,1,0],["2024-12-01T00:00:00+00:00",1,1,0],["2025-02-25T00:00:00+00:00",1,1,0],["2025-04-04T00:00:00+00:00",1,1,0],["2025-07-08T00:00:00+00:00",1,1,0],["2025-09-22T00:00:00+00:00",1,1,0]]},"geometry":{"type":"Point","coordinates":[34.487327,31.487964]}},{"type":"Feature","properties":{"site_id":26,"event_code":"CE20231007PSE","latest_date":"2025-09-22T00:00:00+00:00","latest_class":1,"pass_count":11,"h":[["2024-01-06T00:00:00+00:00",1,1,3],["2024-02-29T00:00:00+00:00",1,1,0],["2024-04-01T00:00:00+00:00",1,1,0],["2024-05-03T00:00:00+00:00",1,1,0],["2024-07-06T00:00:00+00:00",1,1,0],["2024-09-06T00:00:00+00:00",1,1,0],["2024-12-01T00:00:00+00:00",1,1,0],["2025-02-25T00:00:00+00:00",1,1,0],["2025-04-04T00:00:00+00:00",1,1,0],["2025-07-08T00:00:00+00:00",1,1,0],["2025-09-22T00:00:00+00:00",1,1,0]]},"geometry":{"type":"Point","coordinates":[34.487245,31.488188]}},{"type":"Feature","properties":{"site_id":26,"event_code":"CE20231007PSE","latest_date":"2025-09-22T00:00:00+00:00","latest_class":1,"pass_count":11,"h":[["2024-01-06T00:00:00+00:00",2,1,3],["2024-02-29T00:00:00+00:00",2,1,0],["2024-04-01T00:00:00+00:00",2,1,0],["2024-05-03T00:00:00+00:00",2,1,0],["2024-07-06T00:00:00+00:00",1,1,1],["2024-09-06T00:00:00+00:00",1,1,0],["2024-12-01T00:00:00+00:00",1,1,0],["2025-02-25T00:00:00+00:00",1,1,0],["2025-04-04T00:00:00+00:00",1,1,0],["2025-07-08T00:00:00+00:00",1,1,0],["2025-09-22T00:00:00+00:00",1,1,0]]},"geometry":{"type":"Point","coordinates":[34.483873,31.489055]}},{"type":"Feature","properties":{"site_id":26,"event_code":"CE20231007PSE","latest_date":"2025-09-22T00:00:00+00:00","latest_class":1,"pass_count":11,"h":[["2024-01-06T00:00:00+00:00",1,1,3],["2024-02-29T00:00:00+00:00",1,1,0],["2024-04-01T00:00:00+00:00",1,1,0],["2024-05-03T00:00:00+00:00",1,1,0],["2024-07-06T00:00:00+00:00",1,1,0],["2024-09-06T00:00:00+00:00",1,1,0],["2024-12-01T00:00:00+00:00",1,1,0],["2025-02-25T00:00:00+00:00",1,1,0],["2025-04-04T00:00:00+00:00",1,1,0],["2025-07-08T00:00:00+00:00",1,1,0],["2025-09-22T00:00:00+00:00",1,1,0]]},"geometry":{"type":"Point","coordinates":[34.483434,31.488782]}},{"type":"Feature","properties":{"site_id":26,"event_code":"CE20231007PSE","latest_date":"2025-09-22T00:00:00+00:00","latest_class":1,"pass_count":11,"h":[["2024-01-06T00:00:00+00:00",1,1,3],["2024-02-29T00:00:00+00:00",1,1,0],["2024-04-01T00:00:00+00:00",1,1,0],["2024-05-03T00:00:00+00:00",1,1,0],["2024-07-06T00:00:00+00:00",1,1,0],["2024-09-06T00:00:00+00:00",1,1,0],["2024-12-01T00:00:00+00:00",1,1,0],["2025-02-25T00:00:00+00:00",1,1,0],["2025-04-04T00:00:00+00:00",1,1,0],["2025-07-08T00:00:00+00:00",1,1,0],["2025-09-22T00:00:00+00:00",1,1,0]]},"geometry":{"type":"Point","coordinates":[34.483727,31.488802]}},{"type":"Feature","properties":{"site_id":26,"event_code":"CE20231007PSE","latest_date":"2025-09-23T00:00:00+00:00","latest_class":1,"pass_count":11,"h":[["2024-01-06T00:00:00+00:00",1,1,3],["2024-02-29T00:00:00+00:00",1,1,0],["2024-04-01T00:00:00+00:00",1,1,0],["2024-05-03T00:00:00+00:00",1,1,0],["2024-07-06T00:00:00+00:00",1,1,0],["2024-09-06T00:00:00+00:00",1,1,0],["2024-12-01T00:00:00+00:00",1,1,0],["2025-02-25T00:00:00+00:00",1,1,0],["2025-04-04T00:00:00+00:00",1,1,0],["2025-07-08T00:00:00+00:00",1,1,0],["2025-09-23T00:00:00+00:00",1,1,0]]},"geometry":{"type":"Point","coordinates":[34.485846,31.48905]}},{"type":"Feature","properties":{"site_id":26,"event_code":"CE20231007PSE","latest_date":"2025-09-23T00:00:00+00:00","latest_class":1,"pass_count":11,"h":[["2024-01-06T00:00:00+00:00",1,1,3],["2024-02-29T00:00:00+00:00",1,1,0],["2024-04-01T00:00:00+00:00",1,1,0],["2024-05-03T00:00:00+00:00",1,1,0],["2024-07-06T00:00:00+00:00",1,1,0],["2024-09-06T00:00:00+00:00",1,1,0],["2024-12-01T00:00:00+00:00",1,1,0],["2025-02-25T00:00:00+00:00",1,1,0],["2025-04-04T00:00:00+00:00",1,1,0],["2025-07-08T00:00:00+00:00",1,1,0],["2025-09-23T00:00:00+00:00",1,1,0]]},"geometry":{"type":"Point","coordinates":[34.488325,31.489065]}},{"type":"Feature","properties":{"site_id":26,"event_code":"CE20231007PSE","latest_date":"2025-09-23T00:00:00+00:00","latest_class":1,"pass_count":11,"h":[["2024-01-06T00:00:00+00:00",1,1,3],["2024-02-29T00:00:00+00:00",1,1,0],["2024-04-01T00:00:00+00:00",1,1,0],["2024-05-03T00:00:00+00:00",1,1,0],["2024-07-06T00:00:00+00:00",1,1,0],["2024-09-06T00:00:00+00:00",1,1,0],["2024-12-01T00:00:00+00:00",1,1,0],["2025-02-25T00:00:00+00:00",1,1,0],["2025-04-04T00:00:00+00:00",1,1,0],["2025-07-08T00:00:00+00:00",1,1,0],["2025-09-23T00:00:00+00:00",1,1,0]]},"geometry":{"type":"Point","coordinates":[34.490518,31.489104]}},{"type":"Feature","properties":{"site_id":26,"event_code":"CE20231007PSE","latest_date":"2025-09-23T00:00:00+00:00","latest_class":1,"pass_count":11,"h":[["2024-01-06T00:00:00+00:00",1,1,3],["2024-02-29T00:00:00+00:00",1,1,0],["2024-04-01T00:00:00+00:00",1,1,0],["2024-05-03T00:00:00+00:00",1,1,0],["2024-07-06T00:00:00+00:00",1,1,0],["2024-09-06T00:00:00+00:00",1,1,0],["2024-12-01T00:00:00+00:00",1,1,0],["2025-02-25T00:00:00+00:00",1,1,0],["2025-04-04T00:00:00+00:00",1,1,0],["2025-07-08T00:00:00+00:00",1,1,0],["2025-09-23T00:00:00+00:00",1,1,0]]},"geometry":{"type":"Point","coordinates":[34.490435,31.489271]}},{"type":"Feature","properties":{"site_id":26,"event_code":"CE20231007PSE","latest_date":"2025-09-22T00:00:00+00:00","latest_class":1,"pass_count":11,"h":[["2024-01-06T00:00:00+00:00",1,1,3],["2024-02-29T00:00:00+00:00",1,1,0],["2024-04-01T00:00:00+00:00",1,1,0],["2024-05-03T00:00:00+00:00",1,1,0],["2024-07-06T00:00:00+00:00",1,1,0],["2024-09-06T00:00:00+00:00",1,1,0],["2024-12-01T00:00:00+00:00",1,1,0],["2025-02-25T00:00:00+00:00",1,1,0],["2025-04-04T00:00:00+00:00",1,1,0],["2025-07-08T00:00:00+00:00",1,1,0],["2025-09-22T00:00:00+00:00",1,1,0]]},"geometry":{"type":"Point","coordinates":[34.482465,31.489936]}},{"type":"Feature","properties":{"site_id":26,"event_code":"CE20231007PSE","latest_date":"2025-09-22T00:00:00+00:00","latest_class":1,"pass_count":11,"h":[["2024-01-06T00:00:00+00:00",1,1,3],["2024-02-29T00:00:00+00:00",1,1,0],["2024-04-01T00:00:00+00:00",1,1,0],["2024-05-03T00:00:00+00:00",1,1,0],["2024-07-06T00:00:00+00:00",1,1,0],["2024-09-06T00:00:00+00:00",1,1,0],["2024-12-01T00:00:00+00:00",1,1,0],["2025-02-25T00:00:00+00:00",1,1,0],["2025-04-04T00:00:00+00:00",1,1,0],["2025-07-08T00:00:00+00:00",1,1,0],["2025-09-22T00:00:00+00:00",1,1,0]]},"geometry":{"type":"Point","coordinates":[34.482325,31.492425]}},{"type":"Feature","properties":{"site_id":26,"event_code":"CE20231007PSE","latest_date":"2025-09-22T00:00:00+00:00","latest_class":1,"pass_count":11,"h":[["2024-01-06T00:00:00+00:00",1,1,3],["2024-02-29T00:00:00+00:00",1,1,0],["2024-04-01T00:00:00+00:00",1,1,0],["2024-05-03T00:00:00+00:00",1,1,0],["2024-07-06T00:00:00+00:00",1,1,0],["2024-09-06T00:00:00+00:00",1,1,0],["2024-12-01T00:00:00+00:00",1,1,0],["2025-02-25T00:00:00+00:00",1,1,0],["2025-04-04T00:00:00+00:00",1,1,0],["2025-07-08T00:00:00+00:00",1,1,0],["2025-09-22T00:00:00+00:00",1,1,0]]},"geometry":{"type":"Point","coordinates":[34.482029,31.491222]}},{"type":"Feature","properties":{"site_id":26,"event_code":"CE20231007PSE","latest_date":"2025-09-22T00:00:00+00:00","latest_class":1,"pass_count":11,"h":[["2024-01-06T00:00:00+00:00",1,1,3],["2024-02-29T00:00:00+00:00",1,1,0],["2024-04-01T00:00:00+00:00",1,1,0],["2024-05-03T00:00:00+00:00",1,1,0],["2024-07-06T00:00:00+00:00",1,1,0],["2024-09-06T00:00:00+00:00",1,1,0],["2024-12-01T00:00:00+00:00",1,1,0],["2025-02-25T00:00:00+00:00",1,1,0],["2025-04-04T00:00:00+00:00",1,1,0],["2025-07-08T00:00:00+00:00",1,1,0],["2025-09-22T00:00:00+00:00",1,1,0]]},"geometry":{"type":"Point","coordinates":[34.481712,31.491562]}},{"type":"Feature","properties":{"site_id":26,"event_code":"CE20231007PSE","latest_date":"2025-09-22T00:00:00+00:00","latest_class":1,"pass_count":11,"h":[["2024-01-06T00:00:00+00:00",1,1,3],["2024-02-29T00:00:00+00:00",1,1,0],["2024-04-01T00:00:00+00:00",1,1,0],["2024-05-03T00:00:00+00:00",1,1,0],["2024-07-06T00:00:00+00:00",1,1,0],["2024-09-06T00:00:00+00:00",1,1,0],["2024-12-01T00:00:00+00:00",1,1,0],["2025-02-25T00:00:00+00:00",1,1,0],["2025-04-04T00:00:00+00:00",1,1,0],["2025-07-08T00:00:00+00:00",1,1,0],["2025-09-22T00:00:00+00:00",1,1,0]]},"geometry":{"type":"Point","coordinates":[34.481519,31.491397]}},{"type":"Feature","properties":{"site_id":26,"event_code":"CE20231007PSE","latest_date":"2025-09-22T00:00:00+00:00","latest_class":1,"pass_count":11,"h":[["2024-01-06T00:00:00+00:00",1,1,3],["2024-02-29T00:00:00+00:00",1,1,0],["2024-04-01T00:00:00+00:00",1,1,0],["2024-05-03T00:00:00+00:00",1,1,0],["2024-07-06T00:00:00+00:00",1,1,0],["2024-09-06T00:00:00+00:00",1,1,0],["2024-12-01T00:00:00+00:00",1,1,0],["2025-02-25T00:00:00+00:00",1,1,0],["2025-04-04T00:00:00+00:00",1,1,0],["2025-07-08T00:00:00+00:00",1,1,0],["2025-09-22T00:00:00+00:00",1,1,0]]},"geometry":{"type":"Point","coordinates":[34.48277,31.490033]}},{"type":"Feature","properties":{"site_id":26,"event_code":"CE20231007PSE","latest_date":"2025-09-22T00:00:00+00:00","latest_class":1,"pass_count":11,"h":[["2024-01-06T00:00:00+00:00",1,1,3],["2024-02-29T00:00:00+00:00",1,1,0],["2024-04-01T00:00:00+00:00",1,1,0],["2024-05-03T00:00:00+00:00",1,1,0],["2024-07-06T00:00:00+00:00",1,1,0],["2024-09-06T00:00:00+00:00",1,1,0],["2024-12-01T00:00:00+00:00",1,1,0],["2025-02-25T00:00:00+00:00",1,1,0],["2025-04-04T00:00:00+00:00",1,1,0],["2025-07-08T00:00:00+00:00",1,1,0],["2025-09-22T00:00:00+00:00",1,1,0]]},"geometry":{"type":"Point","coordinates":[34.482834,31.490272]}},{"type":"Feature","properties":{"site_id":26,"event_code":"CE20231007PSE","latest_date":"2025-09-22T00:00:00+00:00","latest_class":1,"pass_count":11,"h":[["2024-01-06T00:00:00+00:00",2,1,3],["2024-02-29T00:00:00+00:00",2,1,0],["2024-04-01T00:00:00+00:00",2,1,0],["2024-05-03T00:00:00+00:00",2,1,0],["2024-07-06T00:00:00+00:00",1,1,1],["2024-09-06T00:00:00+00:00",1,1,0],["2024-12-01T00:00:00+00:00",1,1,0],["2025-02-25T00:00:00+00:00",1,1,0],["2025-04-04T00:00:00+00:00",1,1,0],["2025-07-08T00:00:00+00:00",1,1,0],["2025-09-22T00:00:00+00:00",1,1,0]]},"geometry":{"type":"Point","coordinates":[34.482928,31.489886]}},{"type":"Feature","properties":{"site_id":26,"event_code":"CE20231007PSE","latest_date":"2025-09-22T00:00:00+00:00","latest_class":1,"pass_count":11,"h":[["2024-01-06T00:00:00+00:00",1,1,3],["2024-02-29T00:00:00+00:00",1,1,0],["2024-04-01T00:00:00+00:00",1,1,0],["2024-05-03T00:00:00+00:00",1,1,0],["2024-07-06T00:00:00+00:00",1,1,0],["2024-09-06T00:00:00+00:00",1,1,0],["2024-12-01T00:00:00+00:00",1,1,0],["2025-02-25T00:00:00+00:00",1,1,0],["2025-04-04T00:00:00+00:00",1,1,0],["2025-07-08T00:00:00+00:00",1,1,0],["2025-09-22T00:00:00+00:00",1,1,0]]},"geometry":{"type":"Point","coordinates":[34.483003,31.49241]}},{"type":"Feature","properties":{"site_id":26,"event_code":"CE20231007PSE","latest_date":"2025-09-22T00:00:00+00:00","latest_class":1,"pass_count":11,"h":[["2024-01-06T00:00:00+00:00",1,1,3],["2024-02-29T00:00:00+00:00",1,1,0],["2024-04-01T00:00:00+00:00",1,1,0],["2024-05-03T00:00:00+00:00",1,1,0],["2024-07-06T00:00:00+00:00",1,1,0],["2024-09-06T00:00:00+00:00",1,1,0],["2024-12-01T00:00:00+00:00",1,1,0],["2025-02-25T00:00:00+00:00",1,1,0],["2025-04-04T00:00:00+00:00",1,1,0],["2025-07-08T00:00:00+00:00",1,1,0],["2025-09-22T00:00:00+00:00",1,1,0]]},"geometry":{"type":"Point","coordinates":[34.482889,31.492583]}},{"type":"Feature","properties":{"site_id":26,"event_code":"CE20231007PSE","latest_date":"2025-09-23T00:00:00+00:00","latest_class":1,"pass_count":14,"h":[["2023-10-15T00:00:00+00:00",1,1,null],["2023-11-07T00:00:00+00:00",1,1,0],["2023-11-26T00:00:00+00:00",1,1,0],["2024-01-06T00:00:00+00:00",1,1,0],["2024-02-29T00:00:00+00:00",1,1,0],["2024-04-01T00:00:00+00:00",1,1,0],["2024-05-03T00:00:00+00:00",1,1,0],["2024-07-06T00:00:00+00:00",1,1,0],["2024-09-06T00:00:00+00:00",1,1,0],["2024-12-01T00:00:00+00:00",1,1,0],["2025-02-25T00:00:00+00:00",1,1,0],["2025-04-04T00:00:00+00:00",1,1,0],["2025-07-08T00:00:00+00:00",1,1,0],["2025-09-23T00:00:00+00:00",1,1,0]]},"geometry":{"type":"Point","coordinates":[34.487538,31.492911]}},{"type":"Feature","properties":{"site_id":26,"event_code":"CE20231007PSE","latest_date":"2025-09-23T00:00:00+00:00","latest_class":1,"pass_count":14,"h":[["2023-10-15T00:00:00+00:00",1,1,null],["2023-11-07T00:00:00+00:00",1,1,0],["2023-11-26T00:00:00+00:00",1,1,0],["2024-01-06T00:00:00+00:00",1,1,0],["2024-02-29T00:00:00+00:00",1,1,0],["2024-04-01T00:00:00+00:00",1,1,0],["2024-05-03T00:00:00+00:00",1,1,0],["2024-07-06T00:00:00+00:00",1,1,0],["2024-09-06T00:00:00+00:00",1,1,0],["2024-12-01T00:00:00+00:00",1,1,0],["2025-02-25T00:00:00+00:00",1,1,0],["2025-04-04T00:00:00+00:00",1,1,0],["2025-07-08T00:00:00+00:00",1,1,0],["2025-09-23T00:00:00+00:00",1,1,0]]},"geometry":{"type":"Point","coordinates":[34.487616,31.493015]}},{"type":"Feature","properties":{"site_id":26,"event_code":"CE20231007PSE","latest_date":"2025-09-23T00:00:00+00:00","latest_class":2,"pass_count":14,"h":[["2023-10-15T00:00:00+00:00",3,2,null],["2023-11-07T00:00:00+00:00",3,2,0],["2023-11-26T00:00:00+00:00",3,2,0],["2024-01-06T00:00:00+00:00",2,1,1],["2024-02-29T00:00:00+00:00",2,1,0],["2024-04-01T00:00:00+00:00",2,1,0],["2024-05-03T00:00:00+00:00",2,1,0],["2024-07-06T00:00:00+00:00",2,1,0],["2024-09-06T00:00:00+00:00",2,1,0],["2024-12-01T00:00:00+00:00",2,1,0],["2025-02-25T00:00:00+00:00",2,1,0],["2025-04-04T00:00:00+00:00",2,1,0],["2025-07-08T00:00:00+00:00",2,1,0],["2025-09-23T00:00:00+00:00",2,1,0]]},"geometry":{"type":"Point","coordinates":[34.487306,31.492495]}},{"type":"Feature","properties":{"site_id":26,"event_code":"CE20231007PSE","latest_date":"2025-09-22T00:00:00+00:00","latest_class":1,"pass_count":14,"h":[["2023-10-15T00:00:00+00:00",1,1,null],["2023-11-07T00:00:00+00:00",1,1,0],["2023-11-26T00:00:00+00:00",1,1,0],["2024-01-06T00:00:00+00:00",1,1,0],["2024-02-29T00:00:00+00:00",1,1,0],["2024-04-01T00:00:00+00:00",1,1,0],["2024-05-03T00:00:00+00:00",1,1,0],["2024-07-06T00:00:00+00:00",1,1,0],["2024-09-06T00:00:00+00:00",1,1,0],["2024-12-01T00:00:00+00:00",1,1,0],["2025-02-25T00:00:00+00:00",1,1,0],["2025-04-04T00:00:00+00:00",1,1,0],["2025-07-08T00:00:00+00:00",1,1,0],["2025-09-22T00:00:00+00:00",1,1,0]]},"geometry":{"type":"Point","coordinates":[34.485444,31.494645]}},{"type":"Feature","properties":{"site_id":26,"event_code":"CE20231007PSE","latest_date":"2025-09-22T00:00:00+00:00","latest_class":1,"pass_count":14,"h":[["2023-10-15T00:00:00+00:00",1,1,null],["2023-11-07T00:00:00+00:00",1,1,0],["2023-11-26T00:00:00+00:00",1,1,0],["2024-01-06T00:00:00+00:00",1,1,0],["2024-02-29T00:00:00+00:00",1,1,0],["2024-04-01T00:00:00+00:00",1,1,0],["2024-05-03T00:00:00+00:00",1,1,0],["2024-07-06T00:00:00+00:00",1,1,0],["2024-09-06T00:00:00+00:00",1,1,0],["2024-12-01T00:00:00+00:00",1,1,0],["2025-02-25T00:00:00+00:00",1,1,0],["2025-04-04T00:00:00+00:00",1,1,0],["2025-07-08T00:00:00+00:00",1,1,0],["2025-09-22T00:00:00+00:00",1,1,0]]},"geometry":{"type":"Point","coordinates":[34.485454,31.494734]}},{"type":"Feature","properties":{"site_id":26,"event_code":"CE20231007PSE","latest_date":"2025-09-23T00:00:00+00:00","latest_class":1,"pass_count":14,"h":[["2023-10-15T00:00:00+00:00",2,1,null],["2023-11-07T00:00:00+00:00",2,1,0],["2023-11-26T00:00:00+00:00",2,1,0],["2024-01-06T00:00:00+00:00",1,1,1],["2024-02-29T00:00:00+00:00",1,1,0],["2024-04-01T00:00:00+00:00",1,1,0],["2024-05-03T00:00:00+00:00",1,1,0],["2024-07-06T00:00:00+00:00",1,1,0],["2024-09-06T00:00:00+00:00",1,1,0],["2024-12-01T00:00:00+00:00",1,1,0],["2025-02-25T00:00:00+00:00",1,1,0],["2025-04-04T00:00:00+00:00",1,1,0],["2025-07-08T00:00:00+00:00",1,1,0],["2025-09-23T00:00:00+00:00",1,1,0]]},"geometry":{"type":"Point","coordinates":[34.485862,31.494749]}},{"type":"Feature","properties":{"site_id":26,"event_code":"CE20231007PSE","latest_date":"2025-09-23T00:00:00+00:00","latest_class":1,"pass_count":14,"h":[["2023-10-15T00:00:00+00:00",2,1,null],["2023-11-07T00:00:00+00:00",1,1,1],["2023-11-26T00:00:00+00:00",1,1,0],["2024-01-06T00:00:00+00:00",1,1,0],["2024-02-29T00:00:00+00:00",1,1,0],["2024-04-01T00:00:00+00:00",1,1,0],["2024-05-03T00:00:00+00:00",1,1,0],["2024-07-06T00:00:00+00:00",1,1,0],["2024-09-06T00:00:00+00:00",1,1,0],["2024-12-01T00:00:00+00:00",1,1,0],["2025-02-25T00:00:00+00:00",1,1,0],["2025-04-04T00:00:00+00:00",1,1,0],["2025-07-08T00:00:00+00:00",1,1,0],["2025-09-23T00:00:00+00:00",1,1,0]]},"geometry":{"type":"Point","coordinates":[34.489262,31.494081]}},{"type":"Feature","properties":{"site_id":26,"event_code":"CE20231007PSE","latest_date":"2025-09-23T00:00:00+00:00","latest_class":1,"pass_count":14,"h":[["2023-10-15T00:00:00+00:00",2,1,null],["2023-11-07T00:00:00+00:00",2,1,0],["2023-11-26T00:00:00+00:00",2,1,0],["2024-01-06T00:00:00+00:00",1,1,1],["2024-02-29T00:00:00+00:00",1,1,0],["2024-04-01T00:00:00+00:00",1,1,0],["2024-05-03T00:00:00+00:00",1,1,0],["2024-07-06T00:00:00+00:00",1,1,0],["2024-09-06T00:00:00+00:00",1,1,0],["2024-12-01T00:00:00+00:00",1,1,0],["2025-02-25T00:00:00+00:00",1,1,0],["2025-04-04T00:00:00+00:00",1,1,0],["2025-07-08T00:00:00+00:00",1,1,0],["2025-09-23T00:00:00+00:00",1,1,0]]},"geometry":{"type":"Point","coordinates":[34.489394,31.494323]}},{"type":"Feature","properties":{"site_id":26,"event_code":"CE20231007PSE","latest_date":"2025-09-23T00:00:00+00:00","latest_class":2,"pass_count":14,"h":[["2023-10-15T00:00:00+00:00",2,1,null],["2023-11-07T00:00:00+00:00",2,1,0],["2023-11-26T00:00:00+00:00",2,1,0],["2024-01-06T00:00:00+00:00",2,1,0],["2024-02-29T00:00:00+00:00",2,1,0],["2024-04-01T00:00:00+00:00",2,1,0],["2024-05-03T00:00:00+00:00",2,1,0],["2024-07-06T00:00:00+00:00",2,1,0],["2024-09-06T00:00:00+00:00",2,1,0],["2024-12-01T00:00:00+00:00",2,1,0],["2025-02-25T00:00:00+00:00",2,1,0],["2025-04-04T00:00:00+00:00",2,1,0],["2025-07-08T00:00:00+00:00",2,1,0],["2025-09-23T00:00:00+00:00",2,1,0]]},"geometry":{"type":"Point","coordinates":[34.48954,31.494439]}},{"type":"Feature","properties":{"site_id":26,"event_code":"CE20231007PSE","latest_date":"2025-09-23T00:00:00+00:00","latest_class":1,"pass_count":14,"h":[["2023-10-15T00:00:00+00:00",3,2,null],["2023-11-07T00:00:00+00:00",1,1,1],["2023-11-26T00:00:00+00:00",1,1,0],["2024-01-06T00:00:00+00:00",1,1,0],["2024-02-29T00:00:00+00:00",1,1,0],["2024-04-01T00:00:00+00:00",1,1,0],["2024-05-03T00:00:00+00:00",1,1,0],["2024-07-06T00:00:00+00:00",1,1,0],["2024-09-06T00:00:00+00:00",1,1,0],["2024-12-01T00:00:00+00:00",1,1,0],["2025-02-25T00:00:00+00:00",1,1,0],["2025-04-04T00:00:00+00:00",1,1,0],["2025-07-08T00:00:00+00:00",1,1,0],["2025-09-23T00:00:00+00:00",1,1,0]]},"geometry":{"type":"Point","coordinates":[34.489459,31.493857]}},{"type":"Feature","properties":{"site_id":26,"event_code":"CE20231007PSE","latest_date":"2025-09-23T00:00:00+00:00","latest_class":1,"pass_count":14,"h":[["2023-10-15T00:00:00+00:00",3,2,null],["2023-11-07T00:00:00+00:00",1,1,1],["2023-11-26T00:00:00+00:00",1,1,0],["2024-01-06T00:00:00+00:00",1,1,0],["2024-02-29T00:00:00+00:00",1,1,0],["2024-04-01T00:00:00+00:00",1,1,0],["2024-05-03T00:00:00+00:00",1,1,0],["2024-07-06T00:00:00+00:00",1,1,0],["2024-09-06T00:00:00+00:00",1,1,0],["2024-12-01T00:00:00+00:00",1,1,0],["2025-02-25T00:00:00+00:00",1,1,0],["2025-04-04T00:00:00+00:00",1,1,0],["2025-07-08T00:00:00+00:00",1,1,0],["2025-09-23T00:00:00+00:00",1,1,0]]},"geometry":{"type":"Point","coordinates":[34.489366,31.493816]}},{"type":"Feature","properties":{"site_id":26,"event_code":"CE20231007PSE","latest_date":"2025-09-23T00:00:00+00:00","latest_class":1,"pass_count":14,"h":[["2023-10-15T00:00:00+00:00",3,2,null],["2023-11-07T00:00:00+00:00",3,2,0],["2023-11-26T00:00:00+00:00",3,2,0],["2024-01-06T00:00:00+00:00",1,1,1],["2024-02-29T00:00:00+00:00",1,1,0],["2024-04-01T00:00:00+00:00",1,1,0],["2024-05-03T00:00:00+00:00",1,1,0],["2024-07-06T00:00:00+00:00",1,1,0],["2024-09-06T00:00:00+00:00",1,1,0],["2024-12-01T00:00:00+00:00",1,1,0],["2025-02-25T00:00:00+00:00",1,1,0],["2025-04-04T00:00:00+00:00",1,1,0],["2025-07-08T00:00:00+00:00",1,1,0],["2025-09-23T00:00:00+00:00",1,1,0]]},"geometry":{"type":"Point","coordinates":[34.489508,31.49416]}},{"type":"Feature","properties":{"site_id":26,"event_code":"CE20231007PSE","latest_date":"2025-09-23T00:00:00+00:00","latest_class":1,"pass_count":14,"h":[["2023-10-15T00:00:00+00:00",3,2,null],["2023-11-07T00:00:00+00:00",3,2,0],["2023-11-26T00:00:00+00:00",3,2,0],["2024-01-06T00:00:00+00:00",1,1,1],["2024-02-29T00:00:00+00:00",1,1,0],["2024-04-01T00:00:00+00:00",1,1,0],["2024-05-03T00:00:00+00:00",1,1,0],["2024-07-06T00:00:00+00:00",1,1,0],["2024-09-06T00:00:00+00:00",1,1,0],["2024-12-01T00:00:00+00:00",1,1,0],["2025-02-25T00:00:00+00:00",1,1,0],["2025-04-04T00:00:00+00:00",1,1,0],["2025-07-08T00:00:00+00:00",1,1,0],["2025-09-23T00:00:00+00:00",1,1,0]]},"geometry":{"type":"Point","coordinates":[34.489392,31.494914]}},{"type":"Feature","properties":{"site_id":26,"event_code":"CE20231007PSE","latest_date":"2025-09-23T00:00:00+00:00","latest_class":1,"pass_count":14,"h":[["2023-10-15T00:00:00+00:00",3,2,null],["2023-11-07T00:00:00+00:00",3,2,0],["2023-11-26T00:00:00+00:00",3,2,0],["2024-01-06T00:00:00+00:00",1,1,1],["2024-02-29T00:00:00+00:00",1,1,0],["2024-04-01T00:00:00+00:00",1,1,0],["2024-05-03T00:00:00+00:00",1,1,0],["2024-07-06T00:00:00+00:00",1,1,0],["2024-09-06T00:00:00+00:00",1,1,0],["2024-12-01T00:00:00+00:00",1,1,0],["2025-02-25T00:00:00+00:00",1,1,0],["2025-04-04T00:00:00+00:00",1,1,0],["2025-07-08T00:00:00+00:00",1,1,0],["2025-09-23T00:00:00+00:00",1,1,0]]},"geometry":{"type":"Point","coordinates":[34.489629,31.494712]}},{"type":"Feature","properties":{"site_id":26,"event_code":"CE20231007PSE","latest_date":"2025-09-23T00:00:00+00:00","latest_class":1,"pass_count":14,"h":[["2023-10-15T00:00:00+00:00",3,2,null],["2023-11-07T00:00:00+00:00",3,2,0],["2023-11-26T00:00:00+00:00",3,2,0],["2024-01-06T00:00:00+00:00",1,1,1],["2024-02-29T00:00:00+00:00",1,1,0],["2024-04-01T00:00:00+00:00",1,1,0],["2024-05-03T00:00:00+00:00",1,1,0],["2024-07-06T00:00:00+00:00",1,1,0],["2024-09-06T00:00:00+00:00",1,1,0],["2024-12-01T00:00:00+00:00",1,1,0],["2025-02-25T00:00:00+00:00",1,1,0],["2025-04-04T00:00:00+00:00",1,1,0],["2025-07-08T00:00:00+00:00",1,1,0],["2025-09-23T00:00:00+00:00",1,1,0]]},"geometry":{"type":"Point","coordinates":[34.489977,31.494954]}},{"type":"Feature","properties":{"site_id":26,"event_code":"CE20231007PSE","latest_date":"2025-09-23T00:00:00+00:00","latest_class":1,"pass_count":14,"h":[["2023-10-15T00:00:00+00:00",2,1,null],["2023-11-07T00:00:00+00:00",2,1,0],["2023-11-26T00:00:00+00:00",2,1,0],["2024-01-06T00:00:00+00:00",1,1,1],["2024-02-29T00:00:00+00:00",1,1,0],["2024-04-01T00:00:00+00:00",1,1,0],["2024-05-03T00:00:00+00:00",1,1,0],["2024-07-06T00:00:00+00:00",1,1,0],["2024-09-06T00:00:00+00:00",1,1,0],["2024-12-01T00:00:00+00:00",1,1,0],["2025-02-25T00:00:00+00:00",1,1,0],["2025-04-04T00:00:00+00:00",1,1,0],["2025-07-08T00:00:00+00:00",1,1,0],["2025-09-23T00:00:00+00:00",1,1,0]]},"geometry":{"type":"Point","coordinates":[34.489422,31.495418]}},{"type":"Feature","properties":{"site_id":26,"event_code":"CE20231007PSE","latest_date":"2025-09-23T00:00:00+00:00","latest_class":1,"pass_count":14,"h":[["2023-10-15T00:00:00+00:00",3,2,null],["2023-11-07T00:00:00+00:00",3,2,0],["2023-11-26T00:00:00+00:00",3,2,0],["2024-01-06T00:00:00+00:00",1,1,1],["2024-02-29T00:00:00+00:00",1,1,0],["2024-04-01T00:00:00+00:00",1,1,0],["2024-05-03T00:00:00+00:00",1,1,0],["2024-07-06T00:00:00+00:00",1,1,0],["2024-09-06T00:00:00+00:00",1,1,0],["2024-12-01T00:00:00+00:00",1,1,0],["2025-02-25T00:00:00+00:00",1,1,0],["2025-04-04T00:00:00+00:00",1,1,0],["2025-07-08T00:00:00+00:00",1,1,0],["2025-09-23T00:00:00+00:00",1,1,0]]},"geometry":{"type":"Point","coordinates":[34.489972,31.495435]}},{"type":"Feature","properties":{"site_id":26,"event_code":"CE20231007PSE","latest_date":"2025-09-23T00:00:00+00:00","latest_class":1,"pass_count":14,"h":[["2023-10-15T00:00:00+00:00",3,2,null],["2023-11-07T00:00:00+00:00",3,2,0],["2023-11-26T00:00:00+00:00",3,2,0],["2024-01-06T00:00:00+00:00",1,1,1],["2024-02-29T00:00:00+00:00",1,1,0],["2024-04-01T00:00:00+00:00",1,1,0],["2024-05-03T00:00:00+00:00",1,1,0],["2024-07-06T00:00:00+00:00",1,1,0],["2024-09-06T00:00:00+00:00",1,1,0],["2024-12-01T00:00:00+00:00",1,1,0],["2025-02-25T00:00:00+00:00",1,1,0],["2025-04-04T00:00:00+00:00",1,1,0],["2025-07-08T00:00:00+00:00",1,1,0],["2025-09-23T00:00:00+00:00",1,1,0]]},"geometry":{"type":"Point","coordinates":[34.490368,31.494437]}},{"type":"Feature","properties":{"site_id":26,"event_code":"CE20231007PSE","latest_date":"2025-09-23T00:00:00+00:00","latest_class":1,"pass_count":14,"h":[["2023-10-15T00:00:00+00:00",1,1,null],["2023-11-07T00:00:00+00:00",1,1,0],["2023-11-26T00:00:00+00:00",1,1,0],["2024-01-06T00:00:00+00:00",1,1,0],["2024-02-29T00:00:00+00:00",1,1,0],["2024-04-01T00:00:00+00:00",1,1,0],["2024-05-03T00:00:00+00:00",1,1,0],["2024-07-06T00:00:00+00:00",1,1,0],["2024-09-06T00:00:00+00:00",1,1,0],["2024-12-01T00:00:00+00:00",1,1,0],["2025-02-25T00:00:00+00:00",1,1,0],["2025-04-04T00:00:00+00:00",1,1,0],["2025-07-08T00:00:00+00:00",1,1,0],["2025-09-23T00:00:00+00:00",1,1,0]]},"geometry":{"type":"Point","coordinates":[34.489886,31.496991]}},{"type":"Feature","properties":{"site_id":26,"event_code":"CE20231007PSE","latest_date":"2025-09-23T00:00:00+00:00","latest_class":1,"pass_count":14,"h":[["2023-10-15T00:00:00+00:00",1,1,null],["2023-11-07T00:00:00+00:00",1,1,0],["2023-11-26T00:00:00+00:00",1,1,0],["2024-01-06T00:00:00+00:00",1,1,0],["2024-02-29T00:00:00+00:00",1,1,0],["2024-04-01T00:00:00+00:00",1,1,0],["2024-05-03T00:00:00+00:00",1,1,0],["2024-07-06T00:00:00+00:00",1,1,0],["2024-09-06T00:00:00+00:00",1,1,0],["2024-12-01T00:00:00+00:00",1,1,0],["2025-02-25T00:00:00+00:00",1,1,0],["2025-04-04T00:00:00+00:00",1,1,0],["2025-07-08T00:00:00+00:00",1,1,0],["2025-09-23T00:00:00+00:00",1,1,0]]},"geometry":{"type":"Point","coordinates":[34.488616,31.495492]}},{"type":"Feature","properties":{"site_id":26,"event_code":"CE20231007PSE","latest_date":"2025-09-23T00:00:00+00:00","latest_class":1,"pass_count":14,"h":[["2023-10-15T00:00:00+00:00",1,1,null],["2023-11-07T00:00:00+00:00",1,1,0],["2023-11-26T00:00:00+00:00",1,1,0],["2024-01-06T00:00:00+00:00",1,1,0],["2024-02-29T00:00:00+00:00",1,1,0],["2024-04-01T00:00:00+00:00",1,1,0],["2024-05-03T00:00:00+00:00",1,1,0],["2024-07-06T00:00:00+00:00",1,1,0],["2024-09-06T00:00:00+00:00",1,1,0],["2024-12-01T00:00:00+00:00",1,1,0],["2025-02-25T00:00:00+00:00",1,1,0],["2025-04-04T00:00:00+00:00",1,1,0],["2025-07-08T00:00:00+00:00",1,1,0],["2025-09-23T00:00:00+00:00",1,1,0]]},"geometry":{"type":"Point","coordinates":[34.487359,31.495322]}},{"type":"Feature","properties":{"site_id":26,"event_code":"CE20231007PSE","latest_date":"2025-09-23T00:00:00+00:00","latest_class":1,"pass_count":14,"h":[["2023-10-15T00:00:00+00:00",2,1,null],["2023-11-07T00:00:00+00:00",2,1,0],["2023-11-26T00:00:00+00:00",2,1,0],["2024-01-06T00:00:00+00:00",1,1,1],["2024-02-29T00:00:00+00:00",1,1,0],["2024-04-01T00:00:00+00:00",1,1,0],["2024-05-03T00:00:00+00:00",1,1,0],["2024-07-06T00:00:00+00:00",1,1,0],["2024-09-06T00:00:00+00:00",1,1,0],["2024-12-01T00:00:00+00:00",1,1,0],["2025-02-25T00:00:00+00:00",1,1,0],["2025-04-04T00:00:00+00:00",1,1,0],["2025-07-08T00:00:00+00:00",1,1,0],["2025-09-23T00:00:00+00:00",1,1,0]]},"geometry":{"type":"Point","coordinates":[34.487457,31.495412]}},{"type":"Feature","properties":{"site_id":26,"event_code":"CE20231007PSE","latest_date":"2025-09-23T00:00:00+00:00","latest_class":1,"pass_count":14,"h":[["2023-10-15T00:00:00+00:00",1,1,null],["2023-11-07T00:00:00+00:00",1,1,0],["2023-11-26T00:00:00+00:00",1,1,0],["2024-01-06T00:00:00+00:00",1,1,0],["2024-02-29T00:00:00+00:00",1,1,0],["2024-04-01T00:00:00+00:00",1,1,0],["2024-05-03T00:00:00+00:00",1,1,0],["2024-07-06T00:00:00+00:00",1,1,0],["2024-09-06T00:00:00+00:00",1,1,0],["2024-12-01T00:00:00+00:00",1,1,0],["2025-02-25T00:00:00+00:00",1,1,0],["2025-04-04T00:00:00+00:00",1,1,0],["2025-07-08T00:00:00+00:00",1,1,0],["2025-09-23T00:00:00+00:00",1,1,0]]},"geometry":{"type":"Point","coordinates":[34.487715,31.495428]}},{"type":"Feature","properties":{"site_id":26,"event_code":"CE20231007PSE","latest_date":"2025-09-23T00:00:00+00:00","latest_class":1,"pass_count":14,"h":[["2023-10-15T00:00:00+00:00",2,1,null],["2023-11-07T00:00:00+00:00",2,1,0],["2023-11-26T00:00:00+00:00",2,1,0],["2024-01-06T00:00:00+00:00",1,1,1],["2024-02-29T00:00:00+00:00",1,1,0],["2024-04-01T00:00:00+00:00",1,1,0],["2024-05-03T00:00:00+00:00",1,1,0],["2024-07-06T00:00:00+00:00",1,1,0],["2024-09-06T00:00:00+00:00",1,1,0],["2024-12-01T00:00:00+00:00",1,1,0],["2025-02-25T00:00:00+00:00",1,1,0],["2025-04-04T00:00:00+00:00",1,1,0],["2025-07-08T00:00:00+00:00",1,1,0],["2025-09-23T00:00:00+00:00",1,1,0]]},"geometry":{"type":"Point","coordinates":[34.487689,31.49579]}},{"type":"Feature","properties":{"site_id":26,"event_code":"CE20231007PSE","latest_date":"2025-09-23T00:00:00+00:00","latest_class":1,"pass_count":14,"h":[["2023-10-15T00:00:00+00:00",1,1,null],["2023-11-07T00:00:00+00:00",1,1,0],["2023-11-26T00:00:00+00:00",1,1,0],["2024-01-06T00:00:00+00:00",1,1,0],["2024-02-29T00:00:00+00:00",1,1,0],["2024-04-01T00:00:00+00:00",1,1,0],["2024-05-03T00:00:00+00:00",1,1,0],["2024-07-06T00:00:00+00:00",1,1,0],["2024-09-06T00:00:00+00:00",1,1,0],["2024-12-01T00:00:00+00:00",1,1,0],["2025-02-25T00:00:00+00:00",1,1,0],["2025-04-04T00:00:00+00:00",1,1,0],["2025-07-08T00:00:00+00:00",1,1,0],["2025-09-23T00:00:00+00:00",1,1,0]]},"geometry":{"type":"Point","coordinates":[34.487864,31.495419]}},{"type":"Feature","properties":{"site_id":26,"event_code":"CE20231007PSE","latest_date":"2025-09-23T00:00:00+00:00","latest_class":1,"pass_count":14,"h":[["2023-10-15T00:00:00+00:00",2,1,null],["2023-11-07T00:00:00+00:00",2,1,0],["2023-11-26T00:00:00+00:00",2,1,0],["2024-01-06T00:00:00+00:00",1,1,1],["2024-02-29T00:00:00+00:00",1,1,0],["2024-04-01T00:00:00+00:00",1,1,0],["2024-05-03T00:00:00+00:00",1,1,0],["2024-07-06T00:00:00+00:00",1,1,0],["2024-09-06T00:00:00+00:00",1,1,0],["2024-12-01T00:00:00+00:00",1,1,0],["2025-02-25T00:00:00+00:00",1,1,0],["2025-04-04T00:00:00+00:00",1,1,0],["2025-07-08T00:00:00+00:00",1,1,0],["2025-09-23T00:00:00+00:00",1,1,0]]},"geometry":{"type":"Point","coordinates":[34.488033,31.495546]}},{"type":"Feature","properties":{"site_id":26,"event_code":"CE20231007PSE","latest_date":"2025-09-23T00:00:00+00:00","latest_class":1,"pass_count":14,"h":[["2023-10-15T00:00:00+00:00",3,2,null],["2023-11-07T00:00:00+00:00",3,2,0],["2023-11-26T00:00:00+00:00",3,2,0],["2024-01-06T00:00:00+00:00",1,1,1],["2024-02-29T00:00:00+00:00",1,1,0],["2024-04-01T00:00:00+00:00",1,1,0],["2024-05-03T00:00:00+00:00",1,1,0],["2024-07-06T00:00:00+00:00",1,1,0],["2024-09-06T00:00:00+00:00",1,1,0],["2024-12-01T00:00:00+00:00",1,1,0],["2025-02-25T00:00:00+00:00",1,1,0],["2025-04-04T00:00:00+00:00",1,1,0],["2025-07-08T00:00:00+00:00",1,1,0],["2025-09-23T00:00:00+00:00",1,1,0]]},"geometry":{"type":"Point","coordinates":[34.487984,31.495324]}},{"type":"Feature","properties":{"site_id":26,"event_code":"CE20231007PSE","latest_date":"2025-09-23T00:00:00+00:00","latest_class":1,"pass_count":14,"h":[["2023-10-15T00:00:00+00:00",3,2,null],["2023-11-07T00:00:00+00:00",3,2,0],["2023-11-26T00:00:00+00:00",3,2,0],["2024-01-06T00:00:00+00:00",1,1,1],["2024-02-29T00:00:00+00:00",1,1,0],["2024-04-01T00:00:00+00:00",1,1,0],["2024-05-03T00:00:00+00:00",1,1,0],["2024-07-06T00:00:00+00:00",1,1,0],["2024-09-06T00:00:00+00:00",1,1,0],["2024-12-01T00:00:00+00:00",1,1,0],["2025-02-25T00:00:00+00:00",1,1,0],["2025-04-04T00:00:00+00:00",1,1,0],["2025-07-08T00:00:00+00:00",1,1,0],["2025-09-23T00:00:00+00:00",1,1,0]]},"geometry":{"type":"Point","coordinates":[34.487938,31.49524]}},{"type":"Feature","properties":{"site_id":26,"event_code":"CE20231007PSE","latest_date":"2025-09-23T00:00:00+00:00","latest_class":1,"pass_count":14,"h":[["2023-10-15T00:00:00+00:00",3,2,null],["2023-11-07T00:00:00+00:00",3,2,0],["2023-11-26T00:00:00+00:00",3,2,0],["2024-01-06T00:00:00+00:00",1,1,1],["2024-02-29T00:00:00+00:00",1,1,0],["2024-04-01T00:00:00+00:00",1,1,0],["2024-05-03T00:00:00+00:00",1,1,0],["2024-07-06T00:00:00+00:00",1,1,0],["2024-09-06T00:00:00+00:00",1,1,0],["2024-12-01T00:00:00+00:00",1,1,0],["2025-02-25T00:00:00+00:00",1,1,0],["2025-04-04T00:00:00+00:00",1,1,0],["2025-07-08T00:00:00+00:00",1,1,0],["2025-09-23T00:00:00+00:00",1,1,0]]},"geometry":{"type":"Point","coordinates":[34.487796,31.49551]}},{"type":"Feature","properties":{"site_id":26,"event_code":"CE20231007PSE","latest_date":"2025-09-23T00:00:00+00:00","latest_class":1,"pass_count":14,"h":[["2023-10-15T00:00:00+00:00",3,2,null],["2023-11-07T00:00:00+00:00",3,2,0],["2023-11-26T00:00:00+00:00",3,2,0],["2024-01-06T00:00:00+00:00",1,1,1],["2024-02-29T00:00:00+00:00",1,1,0],["2024-04-01T00:00:00+00:00",1,1,0],["2024-05-03T00:00:00+00:00",1,1,0],["2024-07-06T00:00:00+00:00",1,1,0],["2024-09-06T00:00:00+00:00",1,1,0],["2024-12-01T00:00:00+00:00",1,1,0],["2025-02-25T00:00:00+00:00",1,1,0],["2025-04-04T00:00:00+00:00",1,1,0],["2025-07-08T00:00:00+00:00",1,1,0],["2025-09-23T00:00:00+00:00",1,1,0]]},"geometry":{"type":"Point","coordinates":[34.487719,31.495091]}},{"type":"Feature","properties":{"site_id":26,"event_code":"CE20231007PSE","latest_date":"2025-09-23T00:00:00+00:00","latest_class":1,"pass_count":14,"h":[["2023-10-15T00:00:00+00:00",3,2,null],["2023-11-07T00:00:00+00:00",3,2,0],["2023-11-26T00:00:00+00:00",3,2,0],["2024-01-06T00:00:00+00:00",1,1,1],["2024-02-29T00:00:00+00:00",1,1,0],["2024-04-01T00:00:00+00:00",1,1,0],["2024-05-03T00:00:00+00:00",1,1,0],["2024-07-06T00:00:00+00:00",1,1,0],["2024-09-06T00:00:00+00:00",1,1,0],["2024-12-01T00:00:00+00:00",1,1,0],["2025-02-25T00:00:00+00:00",1,1,0],["2025-04-04T00:00:00+00:00",1,1,0],["2025-07-08T00:00:00+00:00",1,1,0],["2025-09-23T00:00:00+00:00",1,1,0]]},"geometry":{"type":"Point","coordinates":[34.487693,31.495572]}},{"type":"Feature","properties":{"site_id":26,"event_code":"CE20231007PSE","latest_date":"2025-09-23T00:00:00+00:00","latest_class":1,"pass_count":14,"h":[["2023-10-15T00:00:00+00:00",3,2,null],["2023-11-07T00:00:00+00:00",3,2,0],["2023-11-26T00:00:00+00:00",3,2,0],["2024-01-06T00:00:00+00:00",1,1,1],["2024-02-29T00:00:00+00:00",1,1,0],["2024-04-01T00:00:00+00:00",1,1,0],["2024-05-03T00:00:00+00:00",1,1,0],["2024-07-06T00:00:00+00:00",1,1,0],["2024-09-06T00:00:00+00:00",1,1,0],["2024-12-01T00:00:00+00:00",1,1,0],["2025-02-25T00:00:00+00:00",1,1,0],["2025-04-04T00:00:00+00:00",1,1,0],["2025-07-08T00:00:00+00:00",1,1,0],["2025-09-23T00:00:00+00:00",1,1,0]]},"geometry":{"type":"Point","coordinates":[34.487577,31.495634]}},{"type":"Feature","properties":{"site_id":26,"event_code":"CE20231007PSE","latest_date":"2025-09-23T00:00:00+00:00","latest_class":1,"pass_count":14,"h":[["2023-10-15T00:00:00+00:00",3,2,null],["2023-11-07T00:00:00+00:00",3,2,0],["2023-11-26T00:00:00+00:00",3,2,0],["2024-01-06T00:00:00+00:00",1,1,1],["2024-02-29T00:00:00+00:00",1,1,0],["2024-04-01T00:00:00+00:00",1,1,0],["2024-05-03T00:00:00+00:00",1,1,0],["2024-07-06T00:00:00+00:00",1,1,0],["2024-09-06T00:00:00+00:00",1,1,0],["2024-12-01T00:00:00+00:00",1,1,0],["2025-02-25T00:00:00+00:00",1,1,0],["2025-04-04T00:00:00+00:00",1,1,0],["2025-07-08T00:00:00+00:00",1,1,0],["2025-09-23T00:00:00+00:00",1,1,0]]},"geometry":{"type":"Point","coordinates":[34.487384,31.49563]}},{"type":"Feature","properties":{"site_id":26,"event_code":"CE20231007PSE","latest_date":"2025-09-23T00:00:00+00:00","latest_class":1,"pass_count":14,"h":[["2023-10-15T00:00:00+00:00",3,2,null],["2023-11-07T00:00:00+00:00",3,2,0],["2023-11-26T00:00:00+00:00",3,2,0],["2024-01-06T00:00:00+00:00",1,1,1],["2024-02-29T00:00:00+00:00",1,1,0],["2024-04-01T00:00:00+00:00",1,1,0],["2024-05-03T00:00:00+00:00",1,1,0],["2024-07-06T00:00:00+00:00",1,1,0],["2024-09-06T00:00:00+00:00",1,1,0],["2024-12-01T00:00:00+00:00",1,1,0],["2025-02-25T00:00:00+00:00",1,1,0],["2025-04-04T00:00:00+00:00",1,1,0],["2025-07-08T00:00:00+00:00",1,1,0],["2025-09-23T00:00:00+00:00",1,1,0]]},"geometry":{"type":"Point","coordinates":[34.487294,31.495517]}},{"type":"Feature","properties":{"site_id":26,"event_code":"CE20231007PSE","latest_date":"2025-09-23T00:00:00+00:00","latest_class":1,"pass_count":14,"h":[["2023-10-15T00:00:00+00:00",3,2,null],["2023-11-07T00:00:00+00:00",3,2,0],["2023-11-26T00:00:00+00:00",3,2,0],["2024-01-06T00:00:00+00:00",1,1,1],["2024-02-29T00:00:00+00:00",1,1,0],["2024-04-01T00:00:00+00:00",1,1,0],["2024-05-03T00:00:00+00:00",1,1,0],["2024-07-06T00:00:00+00:00",1,1,0],["2024-09-06T00:00:00+00:00",1,1,0],["2024-12-01T00:00:00+00:00",1,1,0],["2025-02-25T00:00:00+00:00",1,1,0],["2025-04-04T00:00:00+00:00",1,1,0],["2025-07-08T00:00:00+00:00",1,1,0],["2025-09-23T00:00:00+00:00",1,1,0]]},"geometry":{"type":"Point","coordinates":[34.487203,31.495416]}},{"type":"Feature","properties":{"site_id":26,"event_code":"CE20231007PSE","latest_date":"2025-09-23T00:00:00+00:00","latest_class":1,"pass_count":14,"h":[["2023-10-15T00:00:00+00:00",3,2,null],["2023-11-07T00:00:00+00:00",3,2,0],["2023-11-26T00:00:00+00:00",3,2,0],["2024-01-06T00:00:00+00:00",1,1,1],["2024-02-29T00:00:00+00:00",1,1,0],["2024-04-01T00:00:00+00:00",1,1,0],["2024-05-03T00:00:00+00:00",1,1,0],["2024-07-06T00:00:00+00:00",1,1,0],["2024-09-06T00:00:00+00:00",1,1,0],["2024-12-01T00:00:00+00:00",1,1,0],["2025-02-25T00:00:00+00:00",1,1,0],["2025-04-04T00:00:00+00:00",1,1,0],["2025-07-08T00:00:00+00:00",1,1,0],["2025-09-23T00:00:00+00:00",1,1,0]]},"geometry":{"type":"Point","coordinates":[34.487333,31.495817]}},{"type":"Feature","properties":{"site_id":26,"event_code":"CE20231007PSE","latest_date":"2025-09-23T00:00:00+00:00","latest_class":1,"pass_count":14,"h":[["2023-10-15T00:00:00+00:00",3,2,null],["2023-11-07T00:00:00+00:00",3,2,0],["2023-11-26T00:00:00+00:00",3,2,0],["2024-01-06T00:00:00+00:00",1,1,1],["2024-02-29T00:00:00+00:00",1,1,0],["2024-04-01T00:00:00+00:00",1,1,0],["2024-05-03T00:00:00+00:00",1,1,0],["2024-07-06T00:00:00+00:00",1,1,0],["2024-09-06T00:00:00+00:00",1,1,0],["2024-12-01T00:00:00+00:00",1,1,0],["2025-02-25T00:00:00+00:00",1,1,0],["2025-04-04T00:00:00+00:00",1,1,0],["2025-07-08T00:00:00+00:00",1,1,0],["2025-09-23T00:00:00+00:00",1,1,0]]},"geometry":{"type":"Point","coordinates":[34.487089,31.49554]}},{"type":"Feature","properties":{"site_id":26,"event_code":"CE20231007PSE","latest_date":"2025-09-23T00:00:00+00:00","latest_class":1,"pass_count":14,"h":[["2023-10-15T00:00:00+00:00",3,2,null],["2023-11-07T00:00:00+00:00",3,2,0],["2023-11-26T00:00:00+00:00",3,2,0],["2024-01-06T00:00:00+00:00",1,1,1],["2024-02-29T00:00:00+00:00",1,1,0],["2024-04-01T00:00:00+00:00",1,1,0],["2024-05-03T00:00:00+00:00",1,1,0],["2024-07-06T00:00:00+00:00",1,1,0],["2024-09-06T00:00:00+00:00",1,1,0],["2024-12-01T00:00:00+00:00",1,1,0],["2025-02-25T00:00:00+00:00",1,1,0],["2025-04-04T00:00:00+00:00",1,1,0],["2025-07-08T00:00:00+00:00",1,1,0],["2025-09-23T00:00:00+00:00",1,1,0]]},"geometry":{"type":"Point","coordinates":[34.486928,31.495672]}},{"type":"Feature","properties":{"site_id":26,"event_code":"CE20231007PSE","latest_date":"2025-09-23T00:00:00+00:00","latest_class":1,"pass_count":14,"h":[["2023-10-15T00:00:00+00:00",3,2,null],["2023-11-07T00:00:00+00:00",3,2,0],["2023-11-26T00:00:00+00:00",3,2,0],["2024-01-06T00:00:00+00:00",1,1,1],["2024-02-29T00:00:00+00:00",1,1,0],["2024-04-01T00:00:00+00:00",1,1,0],["2024-05-03T00:00:00+00:00",1,1,0],["2024-07-06T00:00:00+00:00",1,1,0],["2024-09-06T00:00:00+00:00",1,1,0],["2024-12-01T00:00:00+00:00",1,1,0],["2025-02-25T00:00:00+00:00",1,1,0],["2025-04-04T00:00:00+00:00",1,1,0],["2025-07-08T00:00:00+00:00",1,1,0],["2025-09-23T00:00:00+00:00",1,1,0]]},"geometry":{"type":"Point","coordinates":[34.487009,31.495815]}},{"type":"Feature","properties":{"site_id":26,"event_code":"CE20231007PSE","latest_date":"2025-09-23T00:00:00+00:00","latest_class":1,"pass_count":14,"h":[["2023-10-15T00:00:00+00:00",3,2,null],["2023-11-07T00:00:00+00:00",3,2,0],["2023-11-26T00:00:00+00:00",3,2,0],["2024-01-06T00:00:00+00:00",1,1,1],["2024-02-29T00:00:00+00:00",1,1,0],["2024-04-01T00:00:00+00:00",1,1,0],["2024-05-03T00:00:00+00:00",1,1,0],["2024-07-06T00:00:00+00:00",1,1,0],["2024-09-06T00:00:00+00:00",1,1,0],["2024-12-01T00:00:00+00:00",1,1,0],["2025-02-25T00:00:00+00:00",1,1,0],["2025-04-04T00:00:00+00:00",1,1,0],["2025-07-08T00:00:00+00:00",1,1,0],["2025-09-23T00:00:00+00:00",1,1,0]]},"geometry":{"type":"Point","coordinates":[34.487201,31.495827]}},{"type":"Feature","properties":{"site_id":26,"event_code":"CE20231007PSE","latest_date":"2025-09-23T00:00:00+00:00","latest_class":1,"pass_count":14,"h":[["2023-10-15T00:00:00+00:00",3,2,null],["2023-11-07T00:00:00+00:00",3,2,0],["2023-11-26T00:00:00+00:00",3,2,0],["2024-01-06T00:00:00+00:00",1,1,1],["2024-02-29T00:00:00+00:00",1,1,0],["2024-04-01T00:00:00+00:00",1,1,0],["2024-05-03T00:00:00+00:00",1,1,0],["2024-07-06T00:00:00+00:00",1,1,0],["2024-09-06T00:00:00+00:00",1,1,0],["2024-12-01T00:00:00+00:00",1,1,0],["2025-02-25T00:00:00+00:00",1,1,0],["2025-04-04T00:00:00+00:00",1,1,0],["2025-07-08T00:00:00+00:00",1,1,0],["2025-09-23T00:00:00+00:00",1,1,0]]},"geometry":{"type":"Point","coordinates":[34.487659,31.495287]}},{"type":"Feature","properties":{"site_id":26,"event_code":"CE20231007PSE","latest_date":"2025-09-23T00:00:00+00:00","latest_class":1,"pass_count":14,"h":[["2023-10-15T00:00:00+00:00",3,2,null],["2023-11-07T00:00:00+00:00",3,2,0],["2023-11-26T00:00:00+00:00",3,2,0],["2024-01-06T00:00:00+00:00",1,1,1],["2024-02-29T00:00:00+00:00",1,1,0],["2024-04-01T00:00:00+00:00",1,1,0],["2024-05-03T00:00:00+00:00",1,1,0],["2024-07-06T00:00:00+00:00",1,1,0],["2024-09-06T00:00:00+00:00",1,1,0],["2024-12-01T00:00:00+00:00",1,1,0],["2025-02-25T00:00:00+00:00",1,1,0],["2025-04-04T00:00:00+00:00",1,1,0],["2025-07-08T00:00:00+00:00",1,1,0],["2025-09-23T00:00:00+00:00",1,1,0]]},"geometry":{"type":"Point","coordinates":[34.488149,31.495374]}},{"type":"Feature","properties":{"site_id":26,"event_code":"CE20231007PSE","latest_date":"2025-09-23T00:00:00+00:00","latest_class":1,"pass_count":14,"h":[["2023-10-15T00:00:00+00:00",2,1,null],["2023-11-07T00:00:00+00:00",2,1,0],["2023-11-26T00:00:00+00:00",2,1,0],["2024-01-06T00:00:00+00:00",1,1,1],["2024-02-29T00:00:00+00:00",1,1,0],["2024-04-01T00:00:00+00:00",1,1,0],["2024-05-03T00:00:00+00:00",1,1,0],["2024-07-06T00:00:00+00:00",1,1,0],["2024-09-06T00:00:00+00:00",1,1,0],["2024-12-01T00:00:00+00:00",1,1,0],["2025-02-25T00:00:00+00:00",1,1,0],["2025-04-04T00:00:00+00:00",1,1,0],["2025-07-08T00:00:00+00:00",1,1,0],["2025-09-23T00:00:00+00:00",1,1,0]]},"geometry":{"type":"Point","coordinates":[34.486855,31.495152]}},{"type":"Feature","properties":{"site_id":26,"event_code":"CE20231007PSE","latest_date":"2025-09-23T00:00:00+00:00","latest_class":1,"pass_count":14,"h":[["2023-10-15T00:00:00+00:00",3,2,null],["2023-11-07T00:00:00+00:00",3,2,0],["2023-11-26T00:00:00+00:00",3,2,0],["2024-01-06T00:00:00+00:00",1,1,1],["2024-02-29T00:00:00+00:00",1,1,0],["2024-04-01T00:00:00+00:00",1,1,0],["2024-05-03T00:00:00+00:00",1,1,0],["2024-07-06T00:00:00+00:00",1,1,0],["2024-09-06T00:00:00+00:00",1,1,0],["2024-12-01T00:00:00+00:00",1,1,0],["2025-02-25T00:00:00+00:00",1,1,0],["2025-04-04T00:00:00+00:00",1,1,0],["2025-07-08T00:00:00+00:00",1,1,0],["2025-09-23T00:00:00+00:00",1,1,0]]},"geometry":{"type":"Point","coordinates":[34.486297,31.495437]}},{"type":"Feature","properties":{"site_id":26,"event_code":"CE20231007PSE","latest_date":"2025-09-23T00:00:00+00:00","latest_class":1,"pass_count":13,"h":[["2023-11-07T00:00:00+00:00",1,1,3],["2023-11-26T00:00:00+00:00",1,1,0],["2024-01-06T00:00:00+00:00",1,1,0],["2024-02-29T00:00:00+00:00",1,1,0],["2024-04-01T00:00:00+00:00",1,1,0],["2024-05-03T00:00:00+00:00",1,1,0],["2024-07-06T00:00:00+00:00",1,1,0],["2024-09-06T00:00:00+00:00",1,1,0],["2024-12-01T00:00:00+00:00",1,1,0],["2025-02-25T00:00:00+00:00",1,1,0],["2025-04-04T00:00:00+00:00",1,1,0],["2025-07-08T00:00:00+00:00",1,1,0],["2025-09-23T00:00:00+00:00",1,1,0]]},"geometry":{"type":"Point","coordinates":[34.489025,31.493687]}},{"type":"Feature","properties":{"site_id":26,"event_code":"CE20231007PSE","latest_date":"2025-09-23T00:00:00+00:00","latest_class":1,"pass_count":13,"h":[["2023-11-07T00:00:00+00:00",1,1,3],["2023-11-26T00:00:00+00:00",1,1,0],["2024-01-06T00:00:00+00:00",1,1,0],["2024-02-29T00:00:00+00:00",1,1,0],["2024-04-01T00:00:00+00:00",1,1,0],["2024-05-03T00:00:00+00:00",1,1,0],["2024-07-06T00:00:00+00:00",1,1,0],["2024-09-06T00:00:00+00:00",1,1,0],["2024-12-01T00:00:00+00:00",1,1,0],["2025-02-25T00:00:00+00:00",1,1,0],["2025-04-04T00:00:00+00:00",1,1,0],["2025-07-08T00:00:00+00:00",1,1,0],["2025-09-23T00:00:00+00:00",1,1,0]]},"geometry":{"type":"Point","coordinates":[34.4888,31.49353]}},{"type":"Feature","properties":{"site_id":26,"event_code":"CE20231007PSE","latest_date":"2025-09-23T00:00:00+00:00","latest_class":1,"pass_count":13,"h":[["2023-11-07T00:00:00+00:00",3,2,3],["2023-11-26T00:00:00+00:00",3,2,0],["2024-01-06T00:00:00+00:00",1,1,1],["2024-02-29T00:00:00+00:00",1,1,0],["2024-04-01T00:00:00+00:00",1,1,0],["2024-05-03T00:00:00+00:00",1,1,0],["2024-07-06T00:00:00+00:00",1,1,0],["2024-09-06T00:00:00+00:00",1,1,0],["2024-12-01T00:00:00+00:00",1,1,0],["2025-02-25T00:00:00+00:00",1,1,0],["2025-04-04T00:00:00+00:00",1,1,0],["2025-07-08T00:00:00+00:00",1,1,0],["2025-09-23T00:00:00+00:00",1,1,0]]},"geometry":{"type":"Point","coordinates":[34.488897,31.493858]}},{"type":"Feature","properties":{"site_id":26,"event_code":"CE20231007PSE","latest_date":"2025-09-23T00:00:00+00:00","latest_class":1,"pass_count":13,"h":[["2023-11-07T00:00:00+00:00",1,1,3],["2023-11-26T00:00:00+00:00",1,1,0],["2024-01-06T00:00:00+00:00",1,1,0],["2024-02-29T00:00:00+00:00",1,1,0],["2024-04-01T00:00:00+00:00",1,1,0],["2024-05-03T00:00:00+00:00",1,1,0],["2024-07-06T00:00:00+00:00",1,1,0],["2024-09-06T00:00:00+00:00",1,1,0],["2024-12-01T00:00:00+00:00",1,1,0],["2025-02-25T00:00:00+00:00",1,1,0],["2025-04-04T00:00:00+00:00",1,1,0],["2025-07-08T00:00:00+00:00",1,1,0],["2025-09-23T00:00:00+00:00",1,1,0]]},"geometry":{"type":"Point","coordinates":[34.486303,31.493377]}},{"type":"Feature","properties":{"site_id":26,"event_code":"CE20231007PSE","latest_date":"2025-09-23T00:00:00+00:00","latest_class":1,"pass_count":13,"h":[["2023-11-07T00:00:00+00:00",1,1,3],["2023-11-26T00:00:00+00:00",1,1,0],["2024-01-06T00:00:00+00:00",1,1,0],["2024-02-29T00:00:00+00:00",1,1,0],["2024-04-01T00:00:00+00:00",1,1,0],["2024-05-03T00:00:00+00:00",1,1,0],["2024-07-06T00:00:00+00:00",1,1,0],["2024-09-06T00:00:00+00:00",1,1,0],["2024-12-01T00:00:00+00:00",1,1,0],["2025-02-25T00:00:00+00:00",1,1,0],["2025-04-04T00:00:00+00:00",1,1,0],["2025-07-08T00:00:00+00:00",1,1,0],["2025-09-23T00:00:00+00:00",1,1,0]]},"geometry":{"type":"Point","coordinates":[34.486307,31.493594]}},{"type":"Feature","properties":{"site_id":26,"event_code":"CE20231007PSE","latest_date":"2025-09-23T00:00:00+00:00","latest_class":1,"pass_count":13,"h":[["2023-11-07T00:00:00+00:00",1,1,3],["2023-11-26T00:00:00+00:00",1,1,0],["2024-01-06T00:00:00+00:00",1,1,0],["2024-02-29T00:00:00+00:00",1,1,0],["2024-04-01T00:00:00+00:00",1,1,0],["2024-05-03T00:00:00+00:00",1,1,0],["2024-07-06T00:00:00+00:00",1,1,0],["2024-09-06T00:00:00+00:00",1,1,0],["2024-12-01T00:00:00+00:00",1,1,0],["2025-02-25T00:00:00+00:00",1,1,0],["2025-04-04T00:00:00+00:00",1,1,0],["2025-07-08T00:00:00+00:00",1,1,0],["2025-09-23T00:00:00+00:00",1,1,0]]},"geometry":{"type":"Point","coordinates":[34.486169,31.493252]}},{"type":"Feature","properties":{"site_id":26,"event_code":"CE20231007PSE","latest_date":"2025-09-22T00:00:00+00:00","latest_class":1,"pass_count":13,"h":[["2023-11-07T00:00:00+00:00",1,1,3],["2023-11-26T00:00:00+00:00",1,1,0],["2024-01-06T00:00:00+00:00",1,1,0],["2024-02-29T00:00:00+00:00",1,1,0],["2024-04-01T00:00:00+00:00",1,1,0],["2024-05-03T00:00:00+00:00",1,1,0],["2024-07-06T00:00:00+00:00",1,1,0],["2024-09-06T00:00:00+00:00",1,1,0],["2024-12-01T00:00:00+00:00",1,1,0],["2025-02-25T00:00:00+00:00",1,1,0],["2025-04-04T00:00:00+00:00",1,1,0],["2025-07-08T00:00:00+00:00",1,1,0],["2025-09-22T00:00:00+00:00",1,1,0]]},"geometry":{"type":"Point","coordinates":[34.484743,31.494009]}},{"type":"Feature","properties":{"site_id":26,"event_code":"CE20231007PSE","latest_date":"2025-09-23T00:00:00+00:00","latest_class":1,"pass_count":13,"h":[["2023-11-07T00:00:00+00:00",2,1,3],["2023-11-26T00:00:00+00:00",2,1,0],["2024-01-06T00:00:00+00:00",2,1,0],["2024-02-29T00:00:00+00:00",1,1,1],["2024-04-01T00:00:00+00:00",1,1,0],["2024-05-03T00:00:00+00:00",1,1,0],["2024-07-06T00:00:00+00:00",1,1,0],["2024-09-06T00:00:00+00:00",1,1,0],["2024-12-01T00:00:00+00:00",1,1,0],["2025-02-25T00:00:00+00:00",1,1,0],["2025-04-04T00:00:00+00:00",1,1,0],["2025-07-08T00:00:00+00:00",1,1,0],["2025-09-23T00:00:00+00:00",1,1,0]]},"geometry":{"type":"Point","coordinates":[34.48566,31.492812]}},{"type":"Feature","properties":{"site_id":26,"event_code":"CE20231007PSE","latest_date":"2025-09-22T00:00:00+00:00","latest_class":1,"pass_count":13,"h":[["2023-11-07T00:00:00+00:00",3,2,3],["2023-11-26T00:00:00+00:00",3,2,0],["2024-01-06T00:00:00+00:00",2,1,1],["2024-02-29T00:00:00+00:00",2,1,0],["2024-04-01T00:00:00+00:00",2,1,0],["2024-05-03T00:00:00+00:00",2,1,0],["2024-07-06T00:00:00+00:00",2,1,0],["2024-09-06T00:00:00+00:00",2,1,0],["2024-12-01T00:00:00+00:00",2,1,0],["2025-02-25T00:00:00+00:00",2,1,0],["2025-04-04T00:00:00+00:00",1,1,1],["2025-07-08T00:00:00+00:00",1,1,0],["2025-09-22T00:00:00+00:00",1,1,0]]},"geometry":{"type":"Point","coordinates":[34.485543,31.492635]}},{"type":"Feature","properties":{"site_id":26,"event_code":"CE20231007PSE","latest_date":"2025-09-23T00:00:00+00:00","latest_class":1,"pass_count":13,"h":[["2023-11-07T00:00:00+00:00",1,1,3],["2023-11-26T00:00:00+00:00",1,1,0],["2024-01-06T00:00:00+00:00",1,1,0],["2024-02-29T00:00:00+00:00",1,1,0],["2024-04-01T00:00:00+00:00",1,1,0],["2024-05-03T00:00:00+00:00",1,1,0],["2024-07-06T00:00:00+00:00",1,1,0],["2024-09-06T00:00:00+00:00",1,1,0],["2024-12-01T00:00:00+00:00",1,1,0],["2025-02-25T00:00:00+00:00",1,1,0],["2025-04-04T00:00:00+00:00",1,1,0],["2025-07-08T00:00:00+00:00",1,1,0],["2025-09-23T00:00:00+00:00",1,1,0]]},"geometry":{"type":"Point","coordinates":[34.486033,31.494992]}},{"type":"Feature","properties":{"site_id":26,"event_code":"CE20231007PSE","latest_date":"2025-09-23T00:00:00+00:00","latest_class":1,"pass_count":13,"h":[["2023-11-07T00:00:00+00:00",3,2,3],["2023-11-26T00:00:00+00:00",3,2,0],["2024-01-06T00:00:00+00:00",1,1,1],["2024-02-29T00:00:00+00:00",1,1,0],["2024-04-01T00:00:00+00:00",1,1,0],["2024-05-03T00:00:00+00:00",1,1,0],["2024-07-06T00:00:00+00:00",1,1,0],["2024-09-06T00:00:00+00:00",1,1,0],["2024-12-01T00:00:00+00:00",1,1,0],["2025-02-25T00:00:00+00:00",1,1,0],["2025-04-04T00:00:00+00:00",1,1,0],["2025-07-08T00:00:00+00:00",1,1,0],["2025-09-23T00:00:00+00:00",1,1,0]]},"geometry":{"type":"Point","coordinates":[34.48667,31.495457]}},{"type":"Feature","properties":{"site_id":26,"event_code":"CE20231007PSE","latest_date":"2025-09-22T00:00:00+00:00","latest_class":1,"pass_count":11,"h":[["2024-01-06T00:00:00+00:00",1,1,3],["2024-02-29T00:00:00+00:00",1,1,0],["2024-04-01T00:00:00+00:00",1,1,0],["2024-05-03T00:00:00+00:00",1,1,0],["2024-07-06T00:00:00+00:00",1,1,0],["2024-09-06T00:00:00+00:00",1,1,0],["2024-12-01T00:00:00+00:00",1,1,0],["2025-02-25T00:00:00+00:00",1,1,0],["2025-04-04T00:00:00+00:00",1,1,0],["2025-07-08T00:00:00+00:00",1,1,0],["2025-09-22T00:00:00+00:00",1,1,0]]},"geometry":{"type":"Point","coordinates":[34.483221,31.490667]}},{"type":"Feature","properties":{"site_id":26,"event_code":"CE20231007PSE","latest_date":"2025-09-22T00:00:00+00:00","latest_class":1,"pass_count":11,"h":[["2024-01-06T00:00:00+00:00",2,1,3],["2024-02-29T00:00:00+00:00",2,1,0],["2024-04-01T00:00:00+00:00",2,1,0],["2024-05-03T00:00:00+00:00",2,1,0],["2024-07-06T00:00:00+00:00",1,1,1],["2024-09-06T00:00:00+00:00",1,1,0],["2024-12-01T00:00:00+00:00",1,1,0],["2025-02-25T00:00:00+00:00",1,1,0],["2025-04-04T00:00:00+00:00",1,1,0],["2025-07-08T00:00:00+00:00",1,1,0],["2025-09-22T00:00:00+00:00",1,1,0]]},"geometry":{"type":"Point","coordinates":[34.483605,31.490961]}},{"type":"Feature","properties":{"site_id":26,"event_code":"CE20231007PSE","latest_date":"2025-09-22T00:00:00+00:00","latest_class":1,"pass_count":11,"h":[["2024-01-06T00:00:00+00:00",1,1,3],["2024-02-29T00:00:00+00:00",1,1,0],["2024-04-01T00:00:00+00:00",1,1,0],["2024-05-03T00:00:00+00:00",1,1,0],["2024-07-06T00:00:00+00:00",1,1,0],["2024-09-06T00:00:00+00:00",1,1,0],["2024-12-01T00:00:00+00:00",1,1,0],["2025-02-25T00:00:00+00:00",1,1,0],["2025-04-04T00:00:00+00:00",1,1,0],["2025-07-08T00:00:00+00:00",1,1,0],["2025-09-22T00:00:00+00:00",1,1,0]]},"geometry":{"type":"Point","coordinates":[34.484379,31.491585]}},{"type":"Feature","properties":{"site_id":26,"event_code":"CE20231007PSE","latest_date":"2025-09-22T00:00:00+00:00","latest_class":1,"pass_count":11,"h":[["2024-01-06T00:00:00+00:00",1,1,3],["2024-02-29T00:00:00+00:00",1,1,0],["2024-04-01T00:00:00+00:00",1,1,0],["2024-05-03T00:00:00+00:00",1,1,0],["2024-07-06T00:00:00+00:00",1,1,0],["2024-09-06T00:00:00+00:00",1,1,0],["2024-12-01T00:00:00+00:00",1,1,0],["2025-02-25T00:00:00+00:00",1,1,0],["2025-04-04T00:00:00+00:00",1,1,0],["2025-07-08T00:00:00+00:00",1,1,0],["2025-09-22T00:00:00+00:00",1,1,0]]},"geometry":{"type":"Point","coordinates":[34.484264,31.491504]}},{"type":"Feature","properties":{"site_id":26,"event_code":"CE20231007PSE","latest_date":"2025-09-22T00:00:00+00:00","latest_class":1,"pass_count":11,"h":[["2024-01-06T00:00:00+00:00",1,1,3],["2024-02-29T00:00:00+00:00",1,1,0],["2024-04-01T00:00:00+00:00",1,1,0],["2024-05-03T00:00:00+00:00",1,1,0],["2024-07-06T00:00:00+00:00",1,1,0],["2024-09-06T00:00:00+00:00",1,1,0],["2024-12-01T00:00:00+00:00",1,1,0],["2025-02-25T00:00:00+00:00",1,1,0],["2025-04-04T00:00:00+00:00",1,1,0],["2025-07-08T00:00:00+00:00",1,1,0],["2025-09-22T00:00:00+00:00",1,1,0]]},"geometry":{"type":"Point","coordinates":[34.484104,31.491378]}},{"type":"Feature","properties":{"site_id":26,"event_code":"CE20231007PSE","latest_date":"2025-09-22T00:00:00+00:00","latest_class":1,"pass_count":11,"h":[["2024-01-06T00:00:00+00:00",1,1,3],["2024-02-29T00:00:00+00:00",1,1,0],["2024-04-01T00:00:00+00:00",1,1,0],["2024-05-03T00:00:00+00:00",1,1,0],["2024-07-06T00:00:00+00:00",1,1,0],["2024-09-06T00:00:00+00:00",1,1,0],["2024-12-01T00:00:00+00:00",1,1,0],["2025-02-25T00:00:00+00:00",1,1,0],["2025-04-04T00:00:00+00:00",1,1,0],["2025-07-08T00:00:00+00:00",1,1,0],["2025-09-22T00:00:00+00:00",1,1,0]]},"geometry":{"type":"Point","coordinates":[34.484505,31.491706]}},{"type":"Feature","properties":{"site_id":26,"event_code":"CE20231007PSE","latest_date":"2025-09-22T00:00:00+00:00","latest_class":1,"pass_count":11,"h":[["2024-01-06T00:00:00+00:00",2,1,3],["2024-02-29T00:00:00+00:00",2,1,0],["2024-04-01T00:00:00+00:00",2,1,0],["2024-05-03T00:00:00+00:00",2,1,0],["2024-07-06T00:00:00+00:00",2,1,0],["2024-09-06T00:00:00+00:00",2,1,0],["2024-12-01T00:00:00+00:00",2,1,0],["2025-02-25T00:00:00+00:00",2,1,0],["2025-04-04T00:00:00+00:00",1,1,1],["2025-07-08T00:00:00+00:00",1,1,0],["2025-09-22T00:00:00+00:00",1,1,0]]},"geometry":{"type":"Point","coordinates":[34.485177,31.490644]}},{"type":"Feature","properties":{"site_id":26,"event_code":"CE20231007PSE","latest_date":"2025-09-23T00:00:00+00:00","latest_class":1,"pass_count":11,"h":[["2024-01-06T00:00:00+00:00",1,1,3],["2024-02-29T00:00:00+00:00",1,1,0],["2024-04-01T00:00:00+00:00",1,1,0],["2024-05-03T00:00:00+00:00",1,1,0],["2024-07-06T00:00:00+00:00",1,1,0],["2024-09-06T00:00:00+00:00",1,1,0],["2024-12-01T00:00:00+00:00",1,1,0],["2025-02-25T00:00:00+00:00",1,1,0],["2025-04-04T00:00:00+00:00",1,1,0],["2025-07-08T00:00:00+00:00",1,1,0],["2025-09-23T00:00:00+00:00",1,1,0]]},"geometry":{"type":"Point","coordinates":[34.489788,31.490595]}},{"type":"Feature","properties":{"site_id":26,"event_code":"CE20231007PSE","latest_date":"2025-09-23T00:00:00+00:00","latest_class":1,"pass_count":11,"h":[["2024-01-06T00:00:00+00:00",1,1,3],["2024-02-29T00:00:00+00:00",1,1,0],["2024-04-01T00:00:00+00:00",1,1,0],["2024-05-03T00:00:00+00:00",1,1,0],["2024-07-06T00:00:00+00:00",1,1,0],["2024-09-06T00:00:00+00:00",1,1,0],["2024-12-01T00:00:00+00:00",1,1,0],["2025-02-25T00:00:00+00:00",1,1,0],["2025-04-04T00:00:00+00:00",1,1,0],["2025-07-08T00:00:00+00:00",1,1,0],["2025-09-23T00:00:00+00:00",1,1,0]]},"geometry":{"type":"Point","coordinates":[34.490758,31.491367]}},{"type":"Feature","properties":{"site_id":26,"event_code":"CE20231007PSE","latest_date":"2025-09-23T00:00:00+00:00","latest_class":2,"pass_count":11,"h":[["2024-01-06T00:00:00+00:00",2,1,3],["2024-02-29T00:00:00+00:00",2,1,0],["2024-04-01T00:00:00+00:00",2,1,0],["2024-05-03T00:00:00+00:00",2,1,0],["2024-07-06T00:00:00+00:00",2,1,0],["2024-09-06T00:00:00+00:00",2,1,0],["2024-12-01T00:00:00+00:00",2,1,0],["2025-02-25T00:00:00+00:00",2,1,0],["2025-04-04T00:00:00+00:00",2,1,0],["2025-07-08T00:00:00+00:00",2,1,0],["2025-09-23T00:00:00+00:00",2,1,0]]},"geometry":{"type":"Point","coordinates":[34.489733,31.49291]}},{"type":"Feature","properties":{"site_id":26,"event_code":"CE20231007PSE","latest_date":"2025-09-23T00:00:00+00:00","latest_class":1,"pass_count":11,"h":[["2024-01-06T00:00:00+00:00",1,1,3],["2024-02-29T00:00:00+00:00",1,1,0],["2024-04-01T00:00:00+00:00",1,1,0],["2024-05-03T00:00:00+00:00",1,1,0],["2024-07-06T00:00:00+00:00",1,1,0],["2024-09-06T00:00:00+00:00",1,1,0],["2024-12-01T00:00:00+00:00",1,1,0],["2025-02-25T00:00:00+00:00",1,1,0],["2025-04-04T00:00:00+00:00",1,1,0],["2025-07-08T00:00:00+00:00",1,1,0],["2025-09-23T00:00:00+00:00",1,1,0]]},"geometry":{"type":"Point","coordinates":[34.490777,31.493448]}},{"type":"Feature","properties":{"site_id":26,"event_code":"CE20231007PSE","latest_date":"2025-09-23T00:00:00+00:00","latest_class":1,"pass_count":11,"h":[["2024-01-06T00:00:00+00:00",1,1,3],["2024-02-29T00:00:00+00:00",1,1,0],["2024-04-01T00:00:00+00:00",1,1,0],["2024-05-03T00:00:00+00:00",1,1,0],["2024-07-06T00:00:00+00:00",1,1,0],["2024-09-06T00:00:00+00:00",1,1,0],["2024-12-01T00:00:00+00:00",1,1,0],["2025-02-25T00:00:00+00:00",1,1,0],["2025-04-04T00:00:00+00:00",1,1,0],["2025-07-08T00:00:00+00:00",1,1,0],["2025-09-23T00:00:00+00:00",1,1,0]]},"geometry":{"type":"Point","coordinates":[34.490979,31.49328]}},{"type":"Feature","properties":{"site_id":26,"event_code":"CE20231007PSE","latest_date":"2025-09-23T00:00:00+00:00","latest_class":1,"pass_count":11,"h":[["2024-01-06T00:00:00+00:00",1,1,3],["2024-02-29T00:00:00+00:00",1,1,0],["2024-04-01T00:00:00+00:00",1,1,0],["2024-05-03T00:00:00+00:00",1,1,0],["2024-07-06T00:00:00+00:00",1,1,0],["2024-09-06T00:00:00+00:00",1,1,0],["2024-12-01T00:00:00+00:00",1,1,0],["2025-02-25T00:00:00+00:00",1,1,0],["2025-04-04T00:00:00+00:00",1,1,0],["2025-07-08T00:00:00+00:00",1,1,0],["2025-09-23T00:00:00+00:00",1,1,0]]},"geometry":{"type":"Point","coordinates":[34.491184,31.49319]}},{"type":"Feature","properties":{"site_id":26,"event_code":"CE20231007PSE","latest_date":"2025-09-23T00:00:00+00:00","latest_class":1,"pass_count":11,"h":[["2024-01-06T00:00:00+00:00",1,1,3],["2024-02-29T00:00:00+00:00",1,1,0],["2024-04-01T00:00:00+00:00",1,1,0],["2024-05-03T00:00:00+00:00",1,1,0],["2024-07-06T00:00:00+00:00",1,1,0],["2024-09-06T00:00:00+00:00",1,1,0],["2024-12-01T00:00:00+00:00",1,1,0],["2025-02-25T00:00:00+00:00",1,1,0],["2025-04-04T00:00:00+00:00",1,1,0],["2025-07-08T00:00:00+00:00",1,1,0],["2025-09-23T00:00:00+00:00",1,1,0]]},"geometry":{"type":"Point","coordinates":[34.491099,31.493758]}},{"type":"Feature","properties":{"site_id":26,"event_code":"CE20231007PSE","latest_date":"2025-09-23T00:00:00+00:00","latest_class":1,"pass_count":11,"h":[["2024-01-06T00:00:00+00:00",1,1,3],["2024-02-29T00:00:00+00:00",1,1,0],["2024-04-01T00:00:00+00:00",1,1,0],["2024-05-03T00:00:00+00:00",1,1,0],["2024-07-06T00:00:00+00:00",1,1,0],["2024-09-06T00:00:00+00:00",1,1,0],["2024-12-01T00:00:00+00:00",1,1,0],["2025-02-25T00:00:00+00:00",1,1,0],["2025-04-04T00:00:00+00:00",1,1,0],["2025-07-08T00:00:00+00:00",1,1,0],["2025-09-23T00:00:00+00:00",1,1,0]]},"geometry":{"type":"Point","coordinates":[34.490308,31.493605]}},{"type":"Feature","properties":{"site_id":26,"event_code":"CE20231007PSE","latest_date":"2025-09-23T00:00:00+00:00","latest_class":1,"pass_count":11,"h":[["2024-01-06T00:00:00+00:00",1,1,3],["2024-02-29T00:00:00+00:00",1,1,0],["2024-04-01T00:00:00+00:00",1,1,0],["2024-05-03T00:00:00+00:00",1,1,0],["2024-07-06T00:00:00+00:00",1,1,0],["2024-09-06T00:00:00+00:00",1,1,0],["2024-12-01T00:00:00+00:00",1,1,0],["2025-02-25T00:00:00+00:00",1,1,0],["2025-04-04T00:00:00+00:00",1,1,0],["2025-07-08T00:00:00+00:00",1,1,0],["2025-09-23T00:00:00+00:00",1,1,0]]},"geometry":{"type":"Point","coordinates":[34.490033,31.49378]}},{"type":"Feature","properties":{"site_id":26,"event_code":"CE20231007PSE","latest_date":"2025-09-23T00:00:00+00:00","latest_class":1,"pass_count":11,"h":[["2024-01-06T00:00:00+00:00",1,1,3],["2024-02-29T00:00:00+00:00",1,1,0],["2024-04-01T00:00:00+00:00",1,1,0],["2024-05-03T00:00:00+00:00",1,1,0],["2024-07-06T00:00:00+00:00",1,1,0],["2024-09-06T00:00:00+00:00",1,1,0],["2024-12-01T00:00:00+00:00",1,1,0],["2025-02-25T00:00:00+00:00",1,1,0],["2025-04-04T00:00:00+00:00",1,1,0],["2025-07-08T00:00:00+00:00",1,1,0],["2025-09-23T00:00:00+00:00",1,1,0]]},"geometry":{"type":"Point","coordinates":[34.490423,31.493907]}},{"type":"Feature","properties":{"site_id":26,"event_code":"CE20231007PSE","latest_date":"2025-09-23T00:00:00+00:00","latest_class":1,"pass_count":11,"h":[["2024-01-06T00:00:00+00:00",1,1,3],["2024-02-29T00:00:00+00:00",1,1,0],["2024-04-01T00:00:00+00:00",1,1,0],["2024-05-03T00:00:00+00:00",1,1,0],["2024-07-06T00:00:00+00:00",1,1,0],["2024-09-06T00:00:00+00:00",1,1,0],["2024-12-01T00:00:00+00:00",1,1,0],["2025-02-25T00:00:00+00:00",1,1,0],["2025-04-04T00:00:00+00:00",1,1,0],["2025-07-08T00:00:00+00:00",1,1,0],["2025-09-23T00:00:00+00:00",1,1,0]]},"geometry":{"type":"Point","coordinates":[34.489769,31.493558]}},{"type":"Feature","properties":{"site_id":26,"event_code":"CE20231007PSE","latest_date":"2025-09-23T00:00:00+00:00","latest_class":1,"pass_count":11,"h":[["2024-01-06T00:00:00+00:00",1,1,3],["2024-02-29T00:00:00+00:00",1,1,0],["2024-04-01T00:00:00+00:00",1,1,0],["2024-05-03T00:00:00+00:00",1,1,0],["2024-07-06T00:00:00+00:00",1,1,0],["2024-09-06T00:00:00+00:00",1,1,0],["2024-12-01T00:00:00+00:00",1,1,0],["2025-02-25T00:00:00+00:00",1,1,0],["2025-04-04T00:00:00+00:00",1,1,0],["2025-07-08T00:00:00+00:00",1,1,0],["2025-09-23T00:00:00+00:00",1,1,0]]},"geometry":{"type":"Point","coordinates":[34.489975,31.493361]}},{"type":"Feature","properties":{"site_id":26,"event_code":"CE20231007PSE","latest_date":"2025-09-23T00:00:00+00:00","latest_class":1,"pass_count":11,"h":[["2024-01-06T00:00:00+00:00",1,1,3],["2024-02-29T00:00:00+00:00",1,1,0],["2024-04-01T00:00:00+00:00",1,1,0],["2024-05-03T00:00:00+00:00",1,1,0],["2024-07-06T00:00:00+00:00",1,1,0],["2024-09-06T00:00:00+00:00",1,1,0],["2024-12-01T00:00:00+00:00",1,1,0],["2025-02-25T00:00:00+00:00",1,1,0],["2025-04-04T00:00:00+00:00",1,1,0],["2025-07-08T00:00:00+00:00",1,1,0],["2025-09-23T00:00:00+00:00",1,1,0]]},"geometry":{"type":"Point","coordinates":[34.490697,31.493907]}},{"type":"Feature","properties":{"site_id":26,"event_code":"CE20231007PSE","latest_date":"2025-09-23T00:00:00+00:00","latest_class":1,"pass_count":11,"h":[["2024-01-06T00:00:00+00:00",1,1,3],["2024-02-29T00:00:00+00:00",1,1,0],["2024-04-01T00:00:00+00:00",1,1,0],["2024-05-03T00:00:00+00:00",1,1,0],["2024-07-06T00:00:00+00:00",1,1,0],["2024-09-06T00:00:00+00:00",1,1,0],["2024-12-01T00:00:00+00:00",1,1,0],["2025-02-25T00:00:00+00:00",1,1,0],["2025-04-04T00:00:00+00:00",1,1,0],["2025-07-08T00:00:00+00:00",1,1,0],["2025-09-23T00:00:00+00:00",1,1,0]]},"geometry":{"type":"Point","coordinates":[34.491161,31.494937]}},{"type":"Feature","properties":{"site_id":26,"event_code":"CE20231007PSE","latest_date":"2025-09-23T00:00:00+00:00","latest_class":1,"pass_count":11,"h":[["2024-01-06T00:00:00+00:00",1,1,3],["2024-02-29T00:00:00+00:00",1,1,0],["2024-04-01T00:00:00+00:00",1,1,0],["2024-05-03T00:00:00+00:00",1,1,0],["2024-07-06T00:00:00+00:00",1,1,0],["2024-09-06T00:00:00+00:00",1,1,0],["2024-12-01T00:00:00+00:00",1,1,0],["2025-02-25T00:00:00+00:00",1,1,0],["2025-04-04T00:00:00+00:00",1,1,0],["2025-07-08T00:00:00+00:00",1,1,0],["2025-09-23T00:00:00+00:00",1,1,0]]},"geometry":{"type":"Point","coordinates":[34.490965,31.494458]}},{"type":"Feature","properties":{"site_id":26,"event_code":"CE20231007PSE","latest_date":"2025-09-23T00:00:00+00:00","latest_class":1,"pass_count":14,"h":[["2023-10-15T00:00:00+00:00",4,3,null],["2023-11-07T00:00:00+00:00",4,3,0],["2023-11-26T00:00:00+00:00",4,3,0],["2024-01-06T00:00:00+00:00",1,1,1],["2024-02-29T00:00:00+00:00",1,1,0],["2024-04-01T00:00:00+00:00",1,1,0],["2024-05-03T00:00:00+00:00",1,1,0],["2024-07-06T00:00:00+00:00",1,1,0],["2024-09-06T00:00:00+00:00",1,1,0],["2024-12-01T00:00:00+00:00",1,1,0],["2025-02-25T00:00:00+00:00",1,1,0],["2025-04-04T00:00:00+00:00",1,1,0],["2025-07-08T00:00:00+00:00",1,1,0],["2025-09-23T00:00:00+00:00",1,1,0]]},"geometry":{"type":"Point","coordinates":[34.487978,31.492689]}},{"type":"Feature","properties":{"site_id":26,"event_code":"CE20231007PSE","latest_date":"2025-09-23T00:00:00+00:00","latest_class":1,"pass_count":11,"h":[["2024-01-06T00:00:00+00:00",1,1,3],["2024-02-29T00:00:00+00:00",1,1,0],["2024-04-01T00:00:00+00:00",1,1,0],["2024-05-03T00:00:00+00:00",1,1,0],["2024-07-06T00:00:00+00:00",1,1,0],["2024-09-06T00:00:00+00:00",1,1,0],["2024-12-01T00:00:00+00:00",1,1,0],["2025-02-25T00:00:00+00:00",1,1,0],["2025-04-04T00:00:00+00:00",1,1,0],["2025-07-08T00:00:00+00:00",1,1,0],["2025-09-23T00:00:00+00:00",1,1,0]]},"geometry":{"type":"Point","coordinates":[34.487551,31.492274]}},{"type":"Feature","properties":{"site_id":26,"event_code":"CE20231007PSE","latest_date":"2025-09-23T00:00:00+00:00","latest_class":1,"pass_count":11,"h":[["2024-01-06T00:00:00+00:00",1,1,3],["2024-02-29T00:00:00+00:00",1,1,0],["2024-04-01T00:00:00+00:00",1,1,0],["2024-05-03T00:00:00+00:00",1,1,0],["2024-07-06T00:00:00+00:00",1,1,0],["2024-09-06T00:00:00+00:00",1,1,0],["2024-12-01T00:00:00+00:00",1,1,0],["2025-02-25T00:00:00+00:00",1,1,0],["2025-04-04T00:00:00+00:00",1,1,0],["2025-07-08T00:00:00+00:00",1,1,0],["2025-09-23T00:00:00+00:00",1,1,0]]},"geometry":{"type":"Point","coordinates":[34.486714,31.49195]}},{"type":"Feature","properties":{"site_id":26,"event_code":"CE20231007PSE","latest_date":"2025-09-23T00:00:00+00:00","latest_class":1,"pass_count":11,"h":[["2024-01-06T00:00:00+00:00",1,1,3],["2024-02-29T00:00:00+00:00",1,1,0],["2024-04-01T00:00:00+00:00",1,1,0],["2024-05-03T00:00:00+00:00",1,1,0],["2024-07-06T00:00:00+00:00",1,1,0],["2024-09-06T00:00:00+00:00",1,1,0],["2024-12-01T00:00:00+00:00",1,1,0],["2025-02-25T00:00:00+00:00",1,1,0],["2025-04-04T00:00:00+00:00",1,1,0],["2025-07-08T00:00:00+00:00",1,1,0],["2025-09-23T00:00:00+00:00",1,1,0]]},"geometry":{"type":"Point","coordinates":[34.487613,31.491918]}},{"type":"Feature","properties":{"site_id":26,"event_code":"CE20231007PSE","latest_date":"2025-09-23T00:00:00+00:00","latest_class":1,"pass_count":13,"h":[["2023-11-07T00:00:00+00:00",4,3,3],["2023-11-26T00:00:00+00:00",4,3,0],["2024-01-06T00:00:00+00:00",1,1,1],["2024-02-29T00:00:00+00:00",1,1,0],["2024-04-01T00:00:00+00:00",1,1,0],["2024-05-03T00:00:00+00:00",1,1,0],["2024-07-06T00:00:00+00:00",1,1,0],["2024-09-06T00:00:00+00:00",1,1,0],["2024-12-01T00:00:00+00:00",1,1,0],["2025-02-25T00:00:00+00:00",1,1,0],["2025-04-04T00:00:00+00:00",1,1,0],["2025-07-08T00:00:00+00:00",1,1,0],["2025-09-23T00:00:00+00:00",1,1,0]]},"geometry":{"type":"Point","coordinates":[34.488478,31.49407]}},{"type":"Feature","properties":{"site_id":26,"event_code":"CE20231007PSE","latest_date":"2025-09-23T00:00:00+00:00","latest_class":2,"pass_count":13,"h":[["2023-11-07T00:00:00+00:00",4,3,3],["2023-11-26T00:00:00+00:00",4,3,0],["2024-01-06T00:00:00+00:00",2,1,1],["2024-02-29T00:00:00+00:00",2,1,0],["2024-04-01T00:00:00+00:00",2,1,0],["2024-05-03T00:00:00+00:00",2,1,0],["2024-07-06T00:00:00+00:00",2,1,0],["2024-09-06T00:00:00+00:00",2,1,0],["2024-12-01T00:00:00+00:00",2,1,0],["2025-02-25T00:00:00+00:00",2,1,0],["2025-04-04T00:00:00+00:00",2,1,0],["2025-07-08T00:00:00+00:00",2,1,0],["2025-09-23T00:00:00+00:00",2,1,0]]},"geometry":{"type":"Point","coordinates":[34.488614,31.493884]}},{"type":"Feature","properties":{"site_id":26,"event_code":"CE20231007PSE","latest_date":"2025-09-23T00:00:00+00:00","latest_class":1,"pass_count":13,"h":[["2023-11-07T00:00:00+00:00",4,3,3],["2023-11-26T00:00:00+00:00",4,3,0],["2024-01-06T00:00:00+00:00",1,1,1],["2024-02-29T00:00:00+00:00",1,1,0],["2024-04-01T00:00:00+00:00",1,1,0],["2024-05-03T00:00:00+00:00",1,1,0],["2024-07-06T00:00:00+00:00",1,1,0],["2024-09-06T00:00:00+00:00",1,1,0],["2024-12-01T00:00:00+00:00",1,1,0],["2025-02-25T00:00:00+00:00",1,1,0],["2025-04-04T00:00:00+00:00",1,1,0],["2025-07-08T00:00:00+00:00",1,1,0],["2025-09-23T00:00:00+00:00",1,1,0]]},"geometry":{"type":"Point","coordinates":[34.488416,31.493699]}},{"type":"Feature","properties":{"site_id":26,"event_code":"CE20231007PSE","latest_date":"2025-09-23T00:00:00+00:00","latest_class":1,"pass_count":11,"h":[["2024-01-06T00:00:00+00:00",1,1,3],["2024-02-29T00:00:00+00:00",1,1,0],["2024-04-01T00:00:00+00:00",1,1,0],["2024-05-03T00:00:00+00:00",1,1,0],["2024-07-06T00:00:00+00:00",1,1,0],["2024-09-06T00:00:00+00:00",1,1,0],["2024-12-01T00:00:00+00:00",1,1,0],["2025-02-25T00:00:00+00:00",1,1,0],["2025-04-04T00:00:00+00:00",1,1,0],["2025-07-08T00:00:00+00:00",1,1,0],["2025-09-23T00:00:00+00:00",1,1,0]]},"geometry":{"type":"Point","coordinates":[34.487727,31.493533]}},{"type":"Feature","properties":{"site_id":26,"event_code":"CE20231007PSE","latest_date":"2025-09-23T00:00:00+00:00","latest_class":1,"pass_count":11,"h":[["2024-01-06T00:00:00+00:00",1,1,3],["2024-02-29T00:00:00+00:00",1,1,0],["2024-04-01T00:00:00+00:00",1,1,0],["2024-05-03T00:00:00+00:00",1,1,0],["2024-07-06T00:00:00+00:00",1,1,0],["2024-09-06T00:00:00+00:00",1,1,0],["2024-12-01T00:00:00+00:00",1,1,0],["2025-02-25T00:00:00+00:00",1,1,0],["2025-04-04T00:00:00+00:00",1,1,0],["2025-07-08T00:00:00+00:00",1,1,0],["2025-09-23T00:00:00+00:00",1,1,0]]},"geometry":{"type":"Point","coordinates":[34.487664,31.494001]}},{"type":"Feature","properties":{"site_id":26,"event_code":"CE20231007PSE","latest_date":"2025-09-23T00:00:00+00:00","latest_class":1,"pass_count":11,"h":[["2024-01-06T00:00:00+00:00",1,1,3],["2024-02-29T00:00:00+00:00",1,1,0],["2024-04-01T00:00:00+00:00",1,1,0],["2024-05-03T00:00:00+00:00",1,1,0],["2024-07-06T00:00:00+00:00",1,1,0],["2024-09-06T00:00:00+00:00",1,1,0],["2024-12-01T00:00:00+00:00",1,1,0],["2025-02-25T00:00:00+00:00",1,1,0],["2025-04-04T00:00:00+00:00",1,1,0],["2025-07-08T00:00:00+00:00",1,1,0],["2025-09-23T00:00:00+00:00",1,1,0]]},"geometry":{"type":"Point","coordinates":[34.488996,31.493255]}},{"type":"Feature","properties":{"site_id":26,"event_code":"CE20231007PSE","latest_date":"2025-09-23T00:00:00+00:00","latest_class":1,"pass_count":11,"h":[["2024-01-06T00:00:00+00:00",1,1,3],["2024-02-29T00:00:00+00:00",1,1,0],["2024-04-01T00:00:00+00:00",1,1,0],["2024-05-03T00:00:00+00:00",1,1,0],["2024-07-06T00:00:00+00:00",1,1,0],["2024-09-06T00:00:00+00:00",1,1,0],["2024-12-01T00:00:00+00:00",1,1,0],["2025-02-25T00:00:00+00:00",1,1,0],["2025-04-04T00:00:00+00:00",1,1,0],["2025-07-08T00:00:00+00:00",1,1,0],["2025-09-23T00:00:00+00:00",1,1,0]]},"geometry":{"type":"Point","coordinates":[34.489601,31.492965]}},{"type":"Feature","properties":{"site_id":26,"event_code":"CE20231007PSE","latest_date":"2025-09-23T00:00:00+00:00","latest_class":1,"pass_count":11,"h":[["2024-01-06T00:00:00+00:00",1,1,3],["2024-02-29T00:00:00+00:00",1,1,0],["2024-04-01T00:00:00+00:00",1,1,0],["2024-05-03T00:00:00+00:00",1,1,0],["2024-07-06T00:00:00+00:00",1,1,0],["2024-09-06T00:00:00+00:00",1,1,0],["2024-12-01T00:00:00+00:00",1,1,0],["2025-02-25T00:00:00+00:00",1,1,0],["2025-04-04T00:00:00+00:00",1,1,0],["2025-07-08T00:00:00+00:00",1,1,0],["2025-09-23T00:00:00+00:00",1,1,0]]},"geometry":{"type":"Point","coordinates":[34.488363,31.494756]}},{"type":"Feature","properties":{"site_id":26,"event_code":"CE20231007PSE","latest_date":"2025-09-23T00:00:00+00:00","latest_class":1,"pass_count":14,"h":[["2023-10-15T00:00:00+00:00",4,3,null],["2023-11-07T00:00:00+00:00",4,3,0],["2023-11-26T00:00:00+00:00",4,3,0],["2024-01-06T00:00:00+00:00",1,1,1],["2024-02-29T00:00:00+00:00",1,1,0],["2024-04-01T00:00:00+00:00",1,1,0],["2024-05-03T00:00:00+00:00",1,1,0],["2024-07-06T00:00:00+00:00",1,1,0],["2024-09-06T00:00:00+00:00",1,1,0],["2024-12-01T00:00:00+00:00",1,1,0],["2025-02-25T00:00:00+00:00",1,1,0],["2025-04-04T00:00:00+00:00",1,1,0],["2025-07-08T00:00:00+00:00",1,1,0],["2025-09-23T00:00:00+00:00",1,1,0]]},"geometry":{"type":"Point","coordinates":[34.488284,31.495018]}},{"type":"Feature","properties":{"site_id":26,"event_code":"CE20231007PSE","latest_date":"2025-09-23T00:00:00+00:00","latest_class":1,"pass_count":11,"h":[["2024-01-06T00:00:00+00:00",1,1,3],["2024-02-29T00:00:00+00:00",1,1,0],["2024-04-01T00:00:00+00:00",1,1,0],["2024-05-03T00:00:00+00:00",1,1,0],["2024-07-06T00:00:00+00:00",1,1,0],["2024-09-06T00:00:00+00:00",1,1,0],["2024-12-01T00:00:00+00:00",1,1,0],["2025-02-25T00:00:00+00:00",1,1,0],["2025-04-04T00:00:00+00:00",1,1,0],["2025-07-08T00:00:00+00:00",1,1,0],["2025-09-23T00:00:00+00:00",1,1,0]]},"geometry":{"type":"Point","coordinates":[34.488066,31.494831]}},{"type":"Feature","properties":{"site_id":26,"event_code":"CE20231007PSE","latest_date":"2025-09-23T00:00:00+00:00","latest_class":1,"pass_count":11,"h":[["2024-01-06T00:00:00+00:00",1,1,3],["2024-02-29T00:00:00+00:00",1,1,0],["2024-04-01T00:00:00+00:00",1,1,0],["2024-05-03T00:00:00+00:00",1,1,0],["2024-07-06T00:00:00+00:00",1,1,0],["2024-09-06T00:00:00+00:00",1,1,0],["2024-12-01T00:00:00+00:00",1,1,0],["2025-02-25T00:00:00+00:00",1,1,0],["2025-04-04T00:00:00+00:00",1,1,0],["2025-07-08T00:00:00+00:00",1,1,0],["2025-09-23T00:00:00+00:00",1,1,0]]},"geometry":{"type":"Point","coordinates":[34.488624,31.494893]}},{"type":"Feature","properties":{"site_id":26,"event_code":"CE20231007PSE","latest_date":"2025-09-23T00:00:00+00:00","latest_class":1,"pass_count":11,"h":[["2024-01-06T00:00:00+00:00",1,1,3],["2024-02-29T00:00:00+00:00",1,1,0],["2024-04-01T00:00:00+00:00",1,1,0],["2024-05-03T00:00:00+00:00",1,1,0],["2024-07-06T00:00:00+00:00",1,1,0],["2024-09-06T00:00:00+00:00",1,1,0],["2024-12-01T00:00:00+00:00",1,1,0],["2025-02-25T00:00:00+00:00",1,1,0],["2025-04-04T00:00:00+00:00",1,1,0],["2025-07-08T00:00:00+00:00",1,1,0],["2025-09-23T00:00:00+00:00",1,1,0]]},"geometry":{"type":"Point","coordinates":[34.488786,31.495082]}},{"type":"Feature","properties":{"site_id":26,"event_code":"CE20231007PSE","latest_date":"2025-09-23T00:00:00+00:00","latest_class":1,"pass_count":11,"h":[["2024-01-06T00:00:00+00:00",1,1,3],["2024-02-29T00:00:00+00:00",1,1,0],["2024-04-01T00:00:00+00:00",1,1,0],["2024-05-03T00:00:00+00:00",1,1,0],["2024-07-06T00:00:00+00:00",1,1,0],["2024-09-06T00:00:00+00:00",1,1,0],["2024-12-01T00:00:00+00:00",1,1,0],["2025-02-25T00:00:00+00:00",1,1,0],["2025-04-04T00:00:00+00:00",1,1,0],["2025-07-08T00:00:00+00:00",1,1,0],["2025-09-23T00:00:00+00:00",1,1,0]]},"geometry":{"type":"Point","coordinates":[34.488634,31.495155]}},{"type":"Feature","properties":{"site_id":26,"event_code":"CE20231007PSE","latest_date":"2025-09-23T00:00:00+00:00","latest_class":1,"pass_count":11,"h":[["2024-01-06T00:00:00+00:00",1,1,3],["2024-02-29T00:00:00+00:00",1,1,0],["2024-04-01T00:00:00+00:00",1,1,0],["2024-05-03T00:00:00+00:00",1,1,0],["2024-07-06T00:00:00+00:00",1,1,0],["2024-09-06T00:00:00+00:00",1,1,0],["2024-12-01T00:00:00+00:00",1,1,0],["2025-02-25T00:00:00+00:00",1,1,0],["2025-04-04T00:00:00+00:00",1,1,0],["2025-07-08T00:00:00+00:00",1,1,0],["2025-09-23T00:00:00+00:00",1,1,0]]},"geometry":{"type":"Point","coordinates":[34.488215,31.494932]}},{"type":"Feature","properties":{"site_id":26,"event_code":"CE20231007PSE","latest_date":"2025-09-23T00:00:00+00:00","latest_class":1,"pass_count":11,"h":[["2024-01-06T00:00:00+00:00",1,1,3],["2024-02-29T00:00:00+00:00",1,1,0],["2024-04-01T00:00:00+00:00",1,1,0],["2024-05-03T00:00:00+00:00",1,1,0],["2024-07-06T00:00:00+00:00",1,1,0],["2024-09-06T00:00:00+00:00",1,1,0],["2024-12-01T00:00:00+00:00",1,1,0],["2025-02-25T00:00:00+00:00",1,1,0],["2025-04-04T00:00:00+00:00",1,1,0],["2025-07-08T00:00:00+00:00",1,1,0],["2025-09-23T00:00:00+00:00",1,1,0]]},"geometry":{"type":"Point","coordinates":[34.487633,31.494589]}},{"type":"Feature","properties":{"site_id":26,"event_code":"CE20231007PSE","latest_date":"2025-09-23T00:00:00+00:00","latest_class":1,"pass_count":11,"h":[["2024-01-06T00:00:00+00:00",1,1,3],["2024-02-29T00:00:00+00:00",1,1,0],["2024-04-01T00:00:00+00:00",1,1,0],["2024-05-03T00:00:00+00:00",1,1,0],["2024-07-06T00:00:00+00:00",1,1,0],["2024-09-06T00:00:00+00:00",1,1,0],["2024-12-01T00:00:00+00:00",1,1,0],["2025-02-25T00:00:00+00:00",1,1,0],["2025-04-04T00:00:00+00:00",1,1,0],["2025-07-08T00:00:00+00:00",1,1,0],["2025-09-23T00:00:00+00:00",1,1,0]]},"geometry":{"type":"Point","coordinates":[34.487558,31.494809]}},{"type":"Feature","properties":{"site_id":26,"event_code":"CE20231007PSE","latest_date":"2025-09-23T00:00:00+00:00","latest_class":1,"pass_count":11,"h":[["2024-01-06T00:00:00+00:00",2,1,3],["2024-02-29T00:00:00+00:00",2,1,0],["2024-04-01T00:00:00+00:00",2,1,0],["2024-05-03T00:00:00+00:00",2,1,0],["2024-07-06T00:00:00+00:00",1,1,1],["2024-09-06T00:00:00+00:00",1,1,0],["2024-12-01T00:00:00+00:00",1,1,0],["2025-02-25T00:00:00+00:00",1,1,0],["2025-04-04T00:00:00+00:00",1,1,0],["2025-07-08T00:00:00+00:00",1,1,0],["2025-09-23T00:00:00+00:00",1,1,0]]},"geometry":{"type":"Point","coordinates":[34.48894,31.496124]}},{"type":"Feature","properties":{"site_id":26,"event_code":"CE20231007PSE","latest_date":"2025-09-23T00:00:00+00:00","latest_class":1,"pass_count":11,"h":[["2024-01-06T00:00:00+00:00",2,1,3],["2024-02-29T00:00:00+00:00",2,1,0],["2024-04-01T00:00:00+00:00",2,1,0],["2024-05-03T00:00:00+00:00",2,1,0],["2024-07-06T00:00:00+00:00",1,1,1],["2024-09-06T00:00:00+00:00",1,1,0],["2024-12-01T00:00:00+00:00",1,1,0],["2025-02-25T00:00:00+00:00",1,1,0],["2025-04-04T00:00:00+00:00",1,1,0],["2025-07-08T00:00:00+00:00",1,1,0],["2025-09-23T00:00:00+00:00",1,1,0]]},"geometry":{"type":"Point","coordinates":[34.490932,31.495378]}},{"type":"Feature","properties":{"site_id":26,"event_code":"CE20231007PSE","latest_date":"2025-09-23T00:00:00+00:00","latest_class":2,"pass_count":14,"h":[["2023-10-15T00:00:00+00:00",4,3,null],["2023-11-07T00:00:00+00:00",4,3,0],["2023-11-26T00:00:00+00:00",4,3,0],["2024-01-06T00:00:00+00:00",2,1,1],["2024-02-29T00:00:00+00:00",2,1,0],["2024-04-01T00:00:00+00:00",2,1,0],["2024-05-03T00:00:00+00:00",2,1,0],["2024-07-06T00:00:00+00:00",2,1,0],["2024-09-06T00:00:00+00:00",2,1,0],["2024-12-01T00:00:00+00:00",2,1,0],["2025-02-25T00:00:00+00:00",2,1,0],["2025-04-04T00:00:00+00:00",2,1,0],["2025-07-08T00:00:00+00:00",2,1,0],["2025-09-23T00:00:00+00:00",2,1,0]]},"geometry":{"type":"Point","coordinates":[34.489941,31.495551]}},{"type":"Feature","properties":{"site_id":26,"event_code":"CE20231007PSE","latest_date":"2025-09-22T00:00:00+00:00","latest_class":1,"pass_count":11,"h":[["2024-01-06T00:00:00+00:00",1,1,3],["2024-02-29T00:00:00+00:00",1,1,0],["2024-04-01T00:00:00+00:00",1,1,0],["2024-05-03T00:00:00+00:00",1,1,0],["2024-07-06T00:00:00+00:00",1,1,0],["2024-09-06T00:00:00+00:00",1,1,0],["2024-12-01T00:00:00+00:00",1,1,0],["2025-02-25T00:00:00+00:00",1,1,0],["2025-04-04T00:00:00+00:00",1,1,0],["2025-07-08T00:00:00+00:00",1,1,0],["2025-09-22T00:00:00+00:00",1,1,0]]},"geometry":{"type":"Point","coordinates":[34.48449,31.492438]}},{"type":"Feature","properties":{"site_id":26,"event_code":"CE20231007PSE","latest_date":"2025-09-22T00:00:00+00:00","latest_class":1,"pass_count":11,"h":[["2024-01-06T00:00:00+00:00",1,1,3],["2024-02-29T00:00:00+00:00",1,1,0],["2024-04-01T00:00:00+00:00",1,1,0],["2024-05-03T00:00:00+00:00",1,1,0],["2024-07-06T00:00:00+00:00",1,1,0],["2024-09-06T00:00:00+00:00",1,1,0],["2024-12-01T00:00:00+00:00",1,1,0],["2025-02-25T00:00:00+00:00",1,1,0],["2025-04-04T00:00:00+00:00",1,1,0],["2025-07-08T00:00:00+00:00",1,1,0],["2025-09-22T00:00:00+00:00",1,1,0]]},"geometry":{"type":"Point","coordinates":[34.484384,31.492289]}},{"type":"Feature","properties":{"site_id":26,"event_code":"CE20231007PSE","latest_date":"2025-09-22T00:00:00+00:00","latest_class":1,"pass_count":11,"h":[["2024-01-06T00:00:00+00:00",1,1,3],["2024-02-29T00:00:00+00:00",1,1,0],["2024-04-01T00:00:00+00:00",1,1,0],["2024-05-03T00:00:00+00:00",1,1,0],["2024-07-06T00:00:00+00:00",1,1,0],["2024-09-06T00:00:00+00:00",1,1,0],["2024-12-01T00:00:00+00:00",1,1,0],["2025-02-25T00:00:00+00:00",1,1,0],["2025-04-04T00:00:00+00:00",1,1,0],["2025-07-08T00:00:00+00:00",1,1,0],["2025-09-22T00:00:00+00:00",1,1,0]]},"geometry":{"type":"Point","coordinates":[34.484626,31.492232]}},{"type":"Feature","properties":{"site_id":26,"event_code":"CE20231007PSE","latest_date":"2025-09-22T00:00:00+00:00","latest_class":1,"pass_count":11,"h":[["2024-01-06T00:00:00+00:00",1,1,3],["2024-02-29T00:00:00+00:00",1,1,0],["2024-04-01T00:00:00+00:00",1,1,0],["2024-05-03T00:00:00+00:00",1,1,0],["2024-07-06T00:00:00+00:00",1,1,0],["2024-09-06T00:00:00+00:00",1,1,0],["2024-12-01T00:00:00+00:00",1,1,0],["2025-02-25T00:00:00+00:00",1,1,0],["2025-04-04T00:00:00+00:00",1,1,0],["2025-07-08T00:00:00+00:00",1,1,0],["2025-09-22T00:00:00+00:00",1,1,0]]},"geometry":{"type":"Point","coordinates":[34.484695,31.491822]}},{"type":"Feature","properties":{"site_id":26,"event_code":"CE20231007PSE","latest_date":"2025-09-22T00:00:00+00:00","latest_class":1,"pass_count":11,"h":[["2024-01-06T00:00:00+00:00",1,1,3],["2024-02-29T00:00:00+00:00",1,1,0],["2024-04-01T00:00:00+00:00",1,1,0],["2024-05-03T00:00:00+00:00",1,1,0],["2024-07-06T00:00:00+00:00",1,1,0],["2024-09-06T00:00:00+00:00",1,1,0],["2024-12-01T00:00:00+00:00",1,1,0],["2025-02-25T00:00:00+00:00",1,1,0],["2025-04-04T00:00:00+00:00",1,1,0],["2025-07-08T00:00:00+00:00",1,1,0],["2025-09-22T00:00:00+00:00",1,1,0]]},"geometry":{"type":"Point","coordinates":[34.484741,31.491984]}},{"type":"Feature","properties":{"site_id":26,"event_code":"CE20231007PSE","latest_date":"2025-09-22T00:00:00+00:00","latest_class":1,"pass_count":11,"h":[["2024-01-06T00:00:00+00:00",1,1,3],["2024-02-29T00:00:00+00:00",1,1,0],["2024-04-01T00:00:00+00:00",1,1,0],["2024-05-03T00:00:00+00:00",1,1,0],["2024-07-06T00:00:00+00:00",1,1,0],["2024-09-06T00:00:00+00:00",1,1,0],["2024-12-01T00:00:00+00:00",1,1,0],["2025-02-25T00:00:00+00:00",1,1,0],["2025-04-04T00:00:00+00:00",1,1,0],["2025-07-08T00:00:00+00:00",1,1,0],["2025-09-22T00:00:00+00:00",1,1,0]]},"geometry":{"type":"Point","coordinates":[34.484995,31.492184]}},{"type":"Feature","properties":{"site_id":26,"event_code":"CE20231007PSE","latest_date":"2025-09-22T00:00:00+00:00","latest_class":1,"pass_count":11,"h":[["2024-01-06T00:00:00+00:00",1,1,3],["2024-02-29T00:00:00+00:00",1,1,0],["2024-04-01T00:00:00+00:00",1,1,0],["2024-05-03T00:00:00+00:00",1,1,0],["2024-07-06T00:00:00+00:00",1,1,0],["2024-09-06T00:00:00+00:00",1,1,0],["2024-12-01T00:00:00+00:00",1,1,0],["2025-02-25T00:00:00+00:00",1,1,0],["2025-04-04T00:00:00+00:00",1,1,0],["2025-07-08T00:00:00+00:00",1,1,0],["2025-09-22T00:00:00+00:00",1,1,0]]},"geometry":{"type":"Point","coordinates":[34.485245,31.492394]}},{"type":"Feature","properties":{"site_id":26,"event_code":"CE20231007PSE","latest_date":"2025-09-22T00:00:00+00:00","latest_class":1,"pass_count":13,"h":[["2023-11-07T00:00:00+00:00",4,3,3],["2023-11-26T00:00:00+00:00",4,3,0],["2024-01-06T00:00:00+00:00",1,1,1],["2024-02-29T00:00:00+00:00",1,1,0],["2024-04-01T00:00:00+00:00",1,1,0],["2024-05-03T00:00:00+00:00",1,1,0],["2024-07-06T00:00:00+00:00",1,1,0],["2024-09-06T00:00:00+00:00",1,1,0],["2024-12-01T00:00:00+00:00",1,1,0],["2025-02-25T00:00:00+00:00",1,1,0],["2025-04-04T00:00:00+00:00",1,1,0],["2025-07-08T00:00:00+00:00",1,1,0],["2025-09-22T00:00:00+00:00",1,1,0]]},"geometry":{"type":"Point","coordinates":[34.485346,31.492469]}},{"type":"Feature","properties":{"site_id":26,"event_code":"CE20231007PSE","latest_date":"2025-09-22T00:00:00+00:00","latest_class":1,"pass_count":13,"h":[["2023-11-07T00:00:00+00:00",4,3,3],["2023-11-26T00:00:00+00:00",4,3,0],["2024-01-06T00:00:00+00:00",1,1,1],["2024-02-29T00:00:00+00:00",1,1,0],["2024-04-01T00:00:00+00:00",1,1,0],["2024-05-03T00:00:00+00:00",1,1,0],["2024-07-06T00:00:00+00:00",1,1,0],["2024-09-06T00:00:00+00:00",1,1,0],["2024-12-01T00:00:00+00:00",1,1,0],["2025-02-25T00:00:00+00:00",1,1,0],["2025-04-04T00:00:00+00:00",1,1,0],["2025-07-08T00:00:00+00:00",1,1,0],["2025-09-22T00:00:00+00:00",1,1,0]]},"geometry":{"type":"Point","coordinates":[34.485429,31.492527]}},{"type":"Feature","properties":{"site_id":26,"event_code":"CE20231007PSE","latest_date":"2025-09-23T00:00:00+00:00","latest_class":1,"pass_count":13,"h":[["2023-11-07T00:00:00+00:00",4,3,3],["2023-11-26T00:00:00+00:00",4,3,0],["2024-01-06T00:00:00+00:00",1,1,1],["2024-02-29T00:00:00+00:00",1,1,0],["2024-04-01T00:00:00+00:00",1,1,0],["2024-05-03T00:00:00+00:00",1,1,0],["2024-07-06T00:00:00+00:00",1,1,0],["2024-09-06T00:00:00+00:00",1,1,0],["2024-12-01T00:00:00+00:00",1,1,0],["2025-02-25T00:00:00+00:00",1,1,0],["2025-04-04T00:00:00+00:00",1,1,0],["2025-07-08T00:00:00+00:00",1,1,0],["2025-09-23T00:00:00+00:00",1,1,0]]},"geometry":{"type":"Point","coordinates":[34.486071,31.493146]}},{"type":"Feature","properties":{"site_id":26,"event_code":"CE20231007PSE","latest_date":"2025-09-23T00:00:00+00:00","latest_class":1,"pass_count":13,"h":[["2023-11-07T00:00:00+00:00",4,3,3],["2023-11-26T00:00:00+00:00",4,3,0],["2024-01-06T00:00:00+00:00",1,1,1],["2024-02-29T00:00:00+00:00",1,1,0],["2024-04-01T00:00:00+00:00",1,1,0],["2024-05-03T00:00:00+00:00",1,1,0],["2024-07-06T00:00:00+00:00",1,1,0],["2024-09-06T00:00:00+00:00",1,1,0],["2024-12-01T00:00:00+00:00",1,1,0],["2025-02-25T00:00:00+00:00",1,1,0],["2025-04-04T00:00:00+00:00",1,1,0],["2025-07-08T00:00:00+00:00",1,1,0],["2025-09-23T00:00:00+00:00",1,1,0]]},"geometry":{"type":"Point","coordinates":[34.485932,31.493244]}},{"type":"Feature","properties":{"site_id":26,"event_code":"CE20231007PSE","latest_date":"2025-09-23T00:00:00+00:00","latest_class":1,"pass_count":13,"h":[["2023-11-07T00:00:00+00:00",4,3,3],["2023-11-26T00:00:00+00:00",4,3,0],["2024-01-06T00:00:00+00:00",1,1,1],["2024-02-29T00:00:00+00:00",1,1,0],["2024-04-01T00:00:00+00:00",1,1,0],["2024-05-03T00:00:00+00:00",1,1,0],["2024-07-06T00:00:00+00:00",1,1,0],["2024-09-06T00:00:00+00:00",1,1,0],["2024-12-01T00:00:00+00:00",1,1,0],["2025-02-25T00:00:00+00:00",1,1,0],["2025-04-04T00:00:00+00:00",1,1,0],["2025-07-08T00:00:00+00:00",1,1,0],["2025-09-23T00:00:00+00:00",1,1,0]]},"geometry":{"type":"Point","coordinates":[34.486023,31.493328]}},{"type":"Feature","properties":{"site_id":26,"event_code":"CE20231007PSE","latest_date":"2025-09-23T00:00:00+00:00","latest_class":1,"pass_count":13,"h":[["2023-11-07T00:00:00+00:00",4,3,3],["2023-11-26T00:00:00+00:00",4,3,0],["2024-01-06T00:00:00+00:00",1,1,1],["2024-02-29T00:00:00+00:00",1,1,0],["2024-04-01T00:00:00+00:00",1,1,0],["2024-05-03T00:00:00+00:00",1,1,0],["2024-07-06T00:00:00+00:00",1,1,0],["2024-09-06T00:00:00+00:00",1,1,0],["2024-12-01T00:00:00+00:00",1,1,0],["2025-02-25T00:00:00+00:00",1,1,0],["2025-04-04T00:00:00+00:00",1,1,0],["2025-07-08T00:00:00+00:00",1,1,0],["2025-09-23T00:00:00+00:00",1,1,0]]},"geometry":{"type":"Point","coordinates":[34.486103,31.493426]}},{"type":"Feature","properties":{"site_id":26,"event_code":"CE20231007PSE","latest_date":"2025-09-23T00:00:00+00:00","latest_class":1,"pass_count":11,"h":[["2024-01-06T00:00:00+00:00",1,1,3],["2024-02-29T00:00:00+00:00",1,1,0],["2024-04-01T00:00:00+00:00",1,1,0],["2024-05-03T00:00:00+00:00",1,1,0],["2024-07-06T00:00:00+00:00",1,1,0],["2024-09-06T00:00:00+00:00",1,1,0],["2024-12-01T00:00:00+00:00",1,1,0],["2025-02-25T00:00:00+00:00",1,1,0],["2025-04-04T00:00:00+00:00",1,1,0],["2025-07-08T00:00:00+00:00",1,1,0],["2025-09-23T00:00:00+00:00",1,1,0]]},"geometry":{"type":"Point","coordinates":[34.486186,31.493486]}},{"type":"Feature","properties":{"site_id":26,"event_code":"CE20231007PSE","latest_date":"2025-09-23T00:00:00+00:00","latest_class":1,"pass_count":13,"h":[["2023-11-07T00:00:00+00:00",4,3,3],["2023-11-26T00:00:00+00:00",4,3,0],["2024-01-06T00:00:00+00:00",1,1,1],["2024-02-29T00:00:00+00:00",1,1,0],["2024-04-01T00:00:00+00:00",1,1,0],["2024-05-03T00:00:00+00:00",1,1,0],["2024-07-06T00:00:00+00:00",1,1,0],["2024-09-06T00:00:00+00:00",1,1,0],["2024-12-01T00:00:00+00:00",1,1,0],["2025-02-25T00:00:00+00:00",1,1,0],["2025-04-04T00:00:00+00:00",1,1,0],["2025-07-08T00:00:00+00:00",1,1,0],["2025-09-23T00:00:00+00:00",1,1,0]]},"geometry":{"type":"Point","coordinates":[34.485898,31.49341]}},{"type":"Feature","properties":{"site_id":26,"event_code":"CE20231007PSE","latest_date":"2025-09-23T00:00:00+00:00","latest_class":1,"pass_count":11,"h":[["2024-01-06T00:00:00+00:00",1,1,3],["2024-02-29T00:00:00+00:00",1,1,0],["2024-04-01T00:00:00+00:00",1,1,0],["2024-05-03T00:00:00+00:00",1,1,0],["2024-07-06T00:00:00+00:00",1,1,0],["2024-09-06T00:00:00+00:00",1,1,0],["2024-12-01T00:00:00+00:00",1,1,0],["2025-02-25T00:00:00+00:00",1,1,0],["2025-04-04T00:00:00+00:00",1,1,0],["2025-07-08T00:00:00+00:00",1,1,0],["2025-09-23T00:00:00+00:00",1,1,0]]},"geometry":{"type":"Point","coordinates":[34.485938,31.493599]}},{"type":"Feature","properties":{"site_id":26,"event_code":"CE20231007PSE","latest_date":"2025-09-23T00:00:00+00:00","latest_class":1,"pass_count":11,"h":[["2024-01-06T00:00:00+00:00",1,1,3],["2024-02-29T00:00:00+00:00",1,1,0],["2024-04-01T00:00:00+00:00",1,1,0],["2024-05-03T00:00:00+00:00",1,1,0],["2024-07-06T00:00:00+00:00",1,1,0],["2024-09-06T00:00:00+00:00",1,1,0],["2024-12-01T00:00:00+00:00",1,1,0],["2025-02-25T00:00:00+00:00",1,1,0],["2025-04-04T00:00:00+00:00",1,1,0],["2025-07-08T00:00:00+00:00",1,1,0],["2025-09-23T00:00:00+00:00",1,1,0]]},"geometry":{"type":"Point","coordinates":[34.485741,31.49383]}},{"type":"Feature","properties":{"site_id":26,"event_code":"CE20231007PSE","latest_date":"2025-09-22T00:00:00+00:00","latest_class":1,"pass_count":11,"h":[["2024-01-06T00:00:00+00:00",1,1,3],["2024-02-29T00:00:00+00:00",1,1,0],["2024-04-01T00:00:00+00:00",1,1,0],["2024-05-03T00:00:00+00:00",1,1,0],["2024-07-06T00:00:00+00:00",1,1,0],["2024-09-06T00:00:00+00:00",1,1,0],["2024-12-01T00:00:00+00:00",1,1,0],["2025-02-25T00:00:00+00:00",1,1,0],["2025-04-04T00:00:00+00:00",1,1,0],["2025-07-08T00:00:00+00:00",1,1,0],["2025-09-22T00:00:00+00:00",1,1,0]]},"geometry":{"type":"Point","coordinates":[34.48544,31.49391]}},{"type":"Feature","properties":{"site_id":26,"event_code":"CE20231007PSE","latest_date":"2025-09-22T00:00:00+00:00","latest_class":1,"pass_count":11,"h":[["2024-01-06T00:00:00+00:00",1,1,3],["2024-02-29T00:00:00+00:00",1,1,0],["2024-04-01T00:00:00+00:00",1,1,0],["2024-05-03T00:00:00+00:00",1,1,0],["2024-07-06T00:00:00+00:00",1,1,0],["2024-09-06T00:00:00+00:00",1,1,0],["2024-12-01T00:00:00+00:00",1,1,0],["2025-02-25T00:00:00+00:00",1,1,0],["2025-04-04T00:00:00+00:00",1,1,0],["2025-07-08T00:00:00+00:00",1,1,0],["2025-09-22T00:00:00+00:00",1,1,0]]},"geometry":{"type":"Point","coordinates":[34.485279,31.493998]}},{"type":"Feature","properties":{"site_id":26,"event_code":"CE20231007PSE","latest_date":"2025-09-22T00:00:00+00:00","latest_class":1,"pass_count":11,"h":[["2024-01-06T00:00:00+00:00",1,1,3],["2024-02-29T00:00:00+00:00",1,1,0],["2024-04-01T00:00:00+00:00",1,1,0],["2024-05-03T00:00:00+00:00",1,1,0],["2024-07-06T00:00:00+00:00",1,1,0],["2024-09-06T00:00:00+00:00",1,1,0],["2024-12-01T00:00:00+00:00",1,1,0],["2025-02-25T00:00:00+00:00",1,1,0],["2025-04-04T00:00:00+00:00",1,1,0],["2025-07-08T00:00:00+00:00",1,1,0],["2025-09-22T00:00:00+00:00",1,1,0]]},"geometry":{"type":"Point","coordinates":[34.485372,31.494126]}},{"type":"Feature","properties":{"site_id":26,"event_code":"CE20231007PSE","latest_date":"2025-09-23T00:00:00+00:00","latest_class":1,"pass_count":11,"h":[["2024-01-06T00:00:00+00:00",1,1,3],["2024-02-29T00:00:00+00:00",1,1,0],["2024-04-01T00:00:00+00:00",1,1,0],["2024-05-03T00:00:00+00:00",1,1,0],["2024-07-06T00:00:00+00:00",1,1,0],["2024-09-06T00:00:00+00:00",1,1,0],["2024-12-01T00:00:00+00:00",1,1,0],["2025-02-25T00:00:00+00:00",1,1,0],["2025-04-04T00:00:00+00:00",1,1,0],["2025-07-08T00:00:00+00:00",1,1,0],["2025-09-23T00:00:00+00:00",1,1,0]]},"geometry":{"type":"Point","coordinates":[34.485698,31.49413]}},{"type":"Feature","properties":{"site_id":26,"event_code":"CE20231007PSE","latest_date":"2025-09-23T00:00:00+00:00","latest_class":1,"pass_count":11,"h":[["2024-01-06T00:00:00+00:00",1,1,3],["2024-02-29T00:00:00+00:00",1,1,0],["2024-04-01T00:00:00+00:00",1,1,0],["2024-05-03T00:00:00+00:00",1,1,0],["2024-07-06T00:00:00+00:00",1,1,0],["2024-09-06T00:00:00+00:00",1,1,0],["2024-12-01T00:00:00+00:00",1,1,0],["2025-02-25T00:00:00+00:00",1,1,0],["2025-04-04T00:00:00+00:00",1,1,0],["2025-07-08T00:00:00+00:00",1,1,0],["2025-09-23T00:00:00+00:00",1,1,0]]},"geometry":{"type":"Point","coordinates":[34.485859,31.494114]}},{"type":"Feature","properties":{"site_id":26,"event_code":"CE20231007PSE","latest_date":"2025-09-23T00:00:00+00:00","latest_class":1,"pass_count":13,"h":[["2023-11-07T00:00:00+00:00",4,3,3],["2023-11-26T00:00:00+00:00",4,3,0],["2024-01-06T00:00:00+00:00",1,1,1],["2024-02-29T00:00:00+00:00",1,1,0],["2024-04-01T00:00:00+00:00",1,1,0],["2024-05-03T00:00:00+00:00",1,1,0],["2024-07-06T00:00:00+00:00",1,1,0],["2024-09-06T00:00:00+00:00",1,1,0],["2024-12-01T00:00:00+00:00",1,1,0],["2025-02-25T00:00:00+00:00",1,1,0],["2025-04-04T00:00:00+00:00",1,1,0],["2025-07-08T00:00:00+00:00",1,1,0],["2025-09-23T00:00:00+00:00",1,1,0]]},"geometry":{"type":"Point","coordinates":[34.485957,31.494042]}},{"type":"Feature","properties":{"site_id":26,"event_code":"CE20231007PSE","latest_date":"2025-09-23T00:00:00+00:00","latest_class":1,"pass_count":13,"h":[["2023-11-07T00:00:00+00:00",4,3,3],["2023-11-26T00:00:00+00:00",4,3,0],["2024-01-06T00:00:00+00:00",1,1,1],["2024-02-29T00:00:00+00:00",1,1,0],["2024-04-01T00:00:00+00:00",1,1,0],["2024-05-03T00:00:00+00:00",1,1,0],["2024-07-06T00:00:00+00:00",1,1,0],["2024-09-06T00:00:00+00:00",1,1,0],["2024-12-01T00:00:00+00:00",1,1,0],["2025-02-25T00:00:00+00:00",1,1,0],["2025-04-04T00:00:00+00:00",1,1,0],["2025-07-08T00:00:00+00:00",1,1,0],["2025-09-23T00:00:00+00:00",1,1,0]]},"geometry":{"type":"Point","coordinates":[34.486216,31.493799]}},{"type":"Feature","properties":{"site_id":26,"event_code":"CE20231007PSE","latest_date":"2025-09-23T00:00:00+00:00","latest_class":1,"pass_count":11,"h":[["2024-01-06T00:00:00+00:00",1,1,3],["2024-02-29T00:00:00+00:00",1,1,0],["2024-04-01T00:00:00+00:00",1,1,0],["2024-05-03T00:00:00+00:00",1,1,0],["2024-07-06T00:00:00+00:00",1,1,0],["2024-09-06T00:00:00+00:00",1,1,0],["2024-12-01T00:00:00+00:00",1,1,0],["2025-02-25T00:00:00+00:00",1,1,0],["2025-04-04T00:00:00+00:00",1,1,0],["2025-07-08T00:00:00+00:00",1,1,0],["2025-09-23T00:00:00+00:00",1,1,0]]},"geometry":{"type":"Point","coordinates":[34.485856,31.494284]}},{"type":"Feature","properties":{"site_id":26,"event_code":"CE20231007PSE","latest_date":"2025-09-23T00:00:00+00:00","latest_class":1,"pass_count":11,"h":[["2024-01-06T00:00:00+00:00",1,1,3],["2024-02-29T00:00:00+00:00",1,1,0],["2024-04-01T00:00:00+00:00",1,1,0],["2024-05-03T00:00:00+00:00",1,1,0],["2024-07-06T00:00:00+00:00",1,1,0],["2024-09-06T00:00:00+00:00",1,1,0],["2024-12-01T00:00:00+00:00",1,1,0],["2025-02-25T00:00:00+00:00",1,1,0],["2025-04-04T00:00:00+00:00",1,1,0],["2025-07-08T00:00:00+00:00",1,1,0],["2025-09-23T00:00:00+00:00",1,1,0]]},"geometry":{"type":"Point","coordinates":[34.485815,31.494422]}},{"type":"Feature","properties":{"site_id":26,"event_code":"CE20231007PSE","latest_date":"2025-09-23T00:00:00+00:00","latest_class":1,"pass_count":11,"h":[["2024-01-06T00:00:00+00:00",1,1,3],["2024-02-29T00:00:00+00:00",1,1,0],["2024-04-01T00:00:00+00:00",1,1,0],["2024-05-03T00:00:00+00:00",1,1,0],["2024-07-06T00:00:00+00:00",1,1,0],["2024-09-06T00:00:00+00:00",1,1,0],["2024-12-01T00:00:00+00:00",1,1,0],["2025-02-25T00:00:00+00:00",1,1,0],["2025-04-04T00:00:00+00:00",1,1,0],["2025-07-08T00:00:00+00:00",1,1,0],["2025-09-23T00:00:00+00:00",1,1,0]]},"geometry":{"type":"Point","coordinates":[34.486723,31.493715]}},{"type":"Feature","properties":{"site_id":26,"event_code":"CE20231007PSE","latest_date":"2025-09-23T00:00:00+00:00","latest_class":1,"pass_count":11,"h":[["2024-01-06T00:00:00+00:00",1,1,3],["2024-02-29T00:00:00+00:00",1,1,0],["2024-04-01T00:00:00+00:00",1,1,0],["2024-05-03T00:00:00+00:00",1,1,0],["2024-07-06T00:00:00+00:00",1,1,0],["2024-09-06T00:00:00+00:00",1,1,0],["2024-12-01T00:00:00+00:00",1,1,0],["2025-02-25T00:00:00+00:00",1,1,0],["2025-04-04T00:00:00+00:00",1,1,0],["2025-07-08T00:00:00+00:00",1,1,0],["2025-09-23T00:00:00+00:00",1,1,0]]},"geometry":{"type":"Point","coordinates":[34.486493,31.493504]}},{"type":"Feature","properties":{"site_id":26,"event_code":"CE20231007PSE","latest_date":"2025-09-23T00:00:00+00:00","latest_class":1,"pass_count":11,"h":[["2024-01-06T00:00:00+00:00",1,1,3],["2024-02-29T00:00:00+00:00",1,1,0],["2024-04-01T00:00:00+00:00",1,1,0],["2024-05-03T00:00:00+00:00",1,1,0],["2024-07-06T00:00:00+00:00",1,1,0],["2024-09-06T00:00:00+00:00",1,1,0],["2024-12-01T00:00:00+00:00",1,1,0],["2025-02-25T00:00:00+00:00",1,1,0],["2025-04-04T00:00:00+00:00",1,1,0],["2025-07-08T00:00:00+00:00",1,1,0],["2025-09-23T00:00:00+00:00",1,1,0]]},"geometry":{"type":"Point","coordinates":[34.485793,31.495162]}},{"type":"Feature","properties":{"site_id":26,"event_code":"CE20231007PSE","latest_date":"2025-09-23T00:00:00+00:00","latest_class":1,"pass_count":11,"h":[["2024-01-06T00:00:00+00:00",1,1,3],["2024-02-29T00:00:00+00:00",1,1,0],["2024-04-01T00:00:00+00:00",1,1,0],["2024-05-03T00:00:00+00:00",1,1,0],["2024-07-06T00:00:00+00:00",1,1,0],["2024-09-06T00:00:00+00:00",1,1,0],["2024-12-01T00:00:00+00:00",1,1,0],["2025-02-25T00:00:00+00:00",1,1,0],["2025-04-04T00:00:00+00:00",1,1,0],["2025-07-08T00:00:00+00:00",1,1,0],["2025-09-23T00:00:00+00:00",1,1,0]]},"geometry":{"type":"Point","coordinates":[34.486672,31.494638]}},{"type":"Feature","properties":{"site_id":26,"event_code":"CE20231007PSE","latest_date":"2025-09-23T00:00:00+00:00","latest_class":1,"pass_count":11,"h":[["2024-01-06T00:00:00+00:00",2,1,3],["2024-02-29T00:00:00+00:00",2,1,0],["2024-04-01T00:00:00+00:00",2,1,0],["2024-05-03T00:00:00+00:00",2,1,0],["2024-07-06T00:00:00+00:00",1,1,1],["2024-09-06T00:00:00+00:00",1,1,0],["2024-12-01T00:00:00+00:00",1,1,0],["2025-02-25T00:00:00+00:00",1,1,0],["2025-04-04T00:00:00+00:00",1,1,0],["2025-07-08T00:00:00+00:00",1,1,0],["2025-09-23T00:00:00+00:00",1,1,0]]},"geometry":{"type":"Point","coordinates":[34.487171,31.494067]}},{"type":"Feature","properties":{"site_id":26,"event_code":"CE20231007PSE","latest_date":"2025-09-23T00:00:00+00:00","latest_class":1,"pass_count":11,"h":[["2024-01-06T00:00:00+00:00",1,1,3],["2024-02-29T00:00:00+00:00",1,1,0],["2024-04-01T00:00:00+00:00",1,1,0],["2024-05-03T00:00:00+00:00",1,1,0],["2024-07-06T00:00:00+00:00",1,1,0],["2024-09-06T00:00:00+00:00",1,1,0],["2024-12-01T00:00:00+00:00",1,1,0],["2025-02-25T00:00:00+00:00",1,1,0],["2025-04-04T00:00:00+00:00",1,1,0],["2025-07-08T00:00:00+00:00",1,1,0],["2025-09-23T00:00:00+00:00",1,1,0]]},"geometry":{"type":"Point","coordinates":[34.486547,31.494756]}},{"type":"Feature","properties":{"site_id":26,"event_code":"CE20231007PSE","latest_date":"2025-09-23T00:00:00+00:00","latest_class":1,"pass_count":11,"h":[["2024-01-06T00:00:00+00:00",1,1,3],["2024-02-29T00:00:00+00:00",1,1,0],["2024-04-01T00:00:00+00:00",1,1,0],["2024-05-03T00:00:00+00:00",1,1,0],["2024-07-06T00:00:00+00:00",1,1,0],["2024-09-06T00:00:00+00:00",1,1,0],["2024-12-01T00:00:00+00:00",1,1,0],["2025-02-25T00:00:00+00:00",1,1,0],["2025-04-04T00:00:00+00:00",1,1,0],["2025-07-08T00:00:00+00:00",1,1,0],["2025-09-23T00:00:00+00:00",1,1,0]]},"geometry":{"type":"Point","coordinates":[34.486425,31.494827]}},{"type":"Feature","properties":{"site_id":26,"event_code":"CE20231007PSE","latest_date":"2025-09-23T00:00:00+00:00","latest_class":1,"pass_count":13,"h":[["2023-11-07T00:00:00+00:00",4,3,3],["2023-11-26T00:00:00+00:00",4,3,0],["2024-01-06T00:00:00+00:00",1,1,1],["2024-02-29T00:00:00+00:00",1,1,0],["2024-04-01T00:00:00+00:00",1,1,0],["2024-05-03T00:00:00+00:00",1,1,0],["2024-07-06T00:00:00+00:00",1,1,0],["2024-09-06T00:00:00+00:00",1,1,0],["2024-12-01T00:00:00+00:00",1,1,0],["2025-02-25T00:00:00+00:00",1,1,0],["2025-04-04T00:00:00+00:00",1,1,0],["2025-07-08T00:00:00+00:00",1,1,0],["2025-09-23T00:00:00+00:00",1,1,0]]},"geometry":{"type":"Point","coordinates":[34.486283,31.494971]}},{"type":"Feature","properties":{"site_id":26,"event_code":"CE20231007PSE","latest_date":"2025-09-23T00:00:00+00:00","latest_class":1,"pass_count":11,"h":[["2024-01-06T00:00:00+00:00",2,1,3],["2024-02-29T00:00:00+00:00",2,1,0],["2024-04-01T00:00:00+00:00",2,1,0],["2024-05-03T00:00:00+00:00",2,1,0],["2024-07-06T00:00:00+00:00",1,1,1],["2024-09-06T00:00:00+00:00",1,1,0],["2024-12-01T00:00:00+00:00",1,1,0],["2025-02-25T00:00:00+00:00",1,1,0],["2025-04-04T00:00:00+00:00",1,1,0],["2025-07-08T00:00:00+00:00",1,1,0],["2025-09-23T00:00:00+00:00",1,1,0]]},"geometry":{"type":"Point","coordinates":[34.486993,31.494734]}},{"type":"Feature","properties":{"site_id":26,"event_code":"CE20231007PSE","latest_date":"2025-09-23T00:00:00+00:00","latest_class":1,"pass_count":11,"h":[["2024-01-06T00:00:00+00:00",1,1,3],["2024-02-29T00:00:00+00:00",1,1,0],["2024-04-01T00:00:00+00:00",1,1,0],["2024-05-03T00:00:00+00:00",1,1,0],["2024-07-06T00:00:00+00:00",1,1,0],["2024-09-06T00:00:00+00:00",1,1,0],["2024-12-01T00:00:00+00:00",1,1,0],["2025-02-25T00:00:00+00:00",1,1,0],["2025-04-04T00:00:00+00:00",1,1,0],["2025-07-08T00:00:00+00:00",1,1,0],["2025-09-23T00:00:00+00:00",1,1,0]]},"geometry":{"type":"Point","coordinates":[34.487143,31.494796]}},{"type":"Feature","properties":{"site_id":26,"event_code":"CE20231007PSE","latest_date":"2025-09-23T00:00:00+00:00","latest_class":1,"pass_count":11,"h":[["2024-01-06T00:00:00+00:00",1,1,3],["2024-02-29T00:00:00+00:00",1,1,0],["2024-04-01T00:00:00+00:00",1,1,0],["2024-05-03T00:00:00+00:00",1,1,0],["2024-07-06T00:00:00+00:00",1,1,0],["2024-09-06T00:00:00+00:00",1,1,0],["2024-12-01T00:00:00+00:00",1,1,0],["2025-02-25T00:00:00+00:00",1,1,0],["2025-04-04T00:00:00+00:00",1,1,0],["2025-07-08T00:00:00+00:00",1,1,0],["2025-09-23T00:00:00+00:00",1,1,0]]},"geometry":{"type":"Point","coordinates":[34.487258,31.494681]}},{"type":"Feature","properties":{"site_id":26,"event_code":"CE20231007PSE","latest_date":"2025-09-23T00:00:00+00:00","latest_class":1,"pass_count":11,"h":[["2024-01-06T00:00:00+00:00",1,1,3],["2024-02-29T00:00:00+00:00",1,1,0],["2024-04-01T00:00:00+00:00",1,1,0],["2024-05-03T00:00:00+00:00",1,1,0],["2024-07-06T00:00:00+00:00",1,1,0],["2024-09-06T00:00:00+00:00",1,1,0],["2024-12-01T00:00:00+00:00",1,1,0],["2025-02-25T00:00:00+00:00",1,1,0],["2025-04-04T00:00:00+00:00",1,1,0],["2025-07-08T00:00:00+00:00",1,1,0],["2025-09-23T00:00:00+00:00",1,1,0]]},"geometry":{"type":"Point","coordinates":[34.487287,31.495028]}},{"type":"Feature","properties":{"site_id":26,"event_code":"CE20231007PSE","latest_date":"2025-09-22T00:00:00+00:00","latest_class":1,"pass_count":11,"h":[["2024-01-06T00:00:00+00:00",1,1,3],["2024-02-29T00:00:00+00:00",1,1,0],["2024-04-01T00:00:00+00:00",1,1,0],["2024-05-03T00:00:00+00:00",1,1,0],["2024-07-06T00:00:00+00:00",1,1,0],["2024-09-06T00:00:00+00:00",1,1,0],["2024-12-01T00:00:00+00:00",1,1,0],["2025-02-25T00:00:00+00:00",1,1,0],["2025-04-04T00:00:00+00:00",1,1,0],["2025-07-08T00:00:00+00:00",1,1,0],["2025-09-22T00:00:00+00:00",1,1,0]]},"geometry":{"type":"Point","coordinates":[34.486608,31.496155]}},{"type":"Feature","properties":{"site_id":26,"event_code":"CE20231007PSE","latest_date":"2025-09-23T00:00:00+00:00","latest_class":1,"pass_count":11,"h":[["2024-01-06T00:00:00+00:00",1,1,3],["2024-02-29T00:00:00+00:00",1,1,0],["2024-04-01T00:00:00+00:00",1,1,0],["2024-05-03T00:00:00+00:00",1,1,0],["2024-07-06T00:00:00+00:00",1,1,0],["2024-09-06T00:00:00+00:00",1,1,0],["2024-12-01T00:00:00+00:00",1,1,0],["2025-02-25T00:00:00+00:00",1,1,0],["2025-04-04T00:00:00+00:00",1,1,0],["2025-07-08T00:00:00+00:00",1,1,0],["2025-09-23T00:00:00+00:00",1,1,0]]},"geometry":{"type":"Point","coordinates":[34.48627,31.495984]}},{"type":"Feature","properties":{"site_id":26,"event_code":"CE20231007PSE","latest_date":"2025-09-22T00:00:00+00:00","latest_class":1,"pass_count":11,"h":[["2024-01-06T00:00:00+00:00",1,1,3],["2024-02-29T00:00:00+00:00",1,1,0],["2024-04-01T00:00:00+00:00",1,1,0],["2024-05-03T00:00:00+00:00",1,1,0],["2024-07-06T00:00:00+00:00",1,1,0],["2024-09-06T00:00:00+00:00",1,1,0],["2024-12-01T00:00:00+00:00",1,1,0],["2025-02-25T00:00:00+00:00",1,1,0],["2025-04-04T00:00:00+00:00",1,1,0],["2025-07-08T00:00:00+00:00",1,1,0],["2025-09-22T00:00:00+00:00",1,1,0]]},"geometry":{"type":"Point","coordinates":[34.486882,31.496188]}},{"type":"Feature","properties":{"site_id":26,"event_code":"CE20231007PSE","latest_date":"2025-09-22T00:00:00+00:00","latest_class":1,"pass_count":11,"h":[["2024-01-06T00:00:00+00:00",1,1,3],["2024-02-29T00:00:00+00:00",1,1,0],["2024-04-01T00:00:00+00:00",1,1,0],["2024-05-03T00:00:00+00:00",1,1,0],["2024-07-06T00:00:00+00:00",1,1,0],["2024-09-06T00:00:00+00:00",1,1,0],["2024-12-01T00:00:00+00:00",1,1,0],["2025-02-25T00:00:00+00:00",1,1,0],["2025-04-04T00:00:00+00:00",1,1,0],["2025-07-08T00:00:00+00:00",1,1,0],["2025-09-22T00:00:00+00:00",1,1,0]]},"geometry":{"type":"Point","coordinates":[34.48468,31.493509]}},{"type":"Feature","properties":{"site_id":26,"event_code":"CE20231007PSE","latest_date":"2025-09-22T00:00:00+00:00","latest_class":1,"pass_count":11,"h":[["2024-01-06T00:00:00+00:00",1,1,3],["2024-02-29T00:00:00+00:00",1,1,0],["2024-04-01T00:00:00+00:00",1,1,0],["2024-05-03T00:00:00+00:00",1,1,0],["2024-07-06T00:00:00+00:00",1,1,0],["2024-09-06T00:00:00+00:00",1,1,0],["2024-12-01T00:00:00+00:00",1,1,0],["2025-02-25T00:00:00+00:00",1,1,0],["2025-04-04T00:00:00+00:00",1,1,0],["2025-07-08T00:00:00+00:00",1,1,0],["2025-09-22T00:00:00+00:00",1,1,0]]},"geometry":{"type":"Point","coordinates":[34.483967,31.493606]}},{"type":"Feature","properties":{"site_id":26,"event_code":"CE20231007PSE","latest_date":"2025-09-22T00:00:00+00:00","latest_class":1,"pass_count":11,"h":[["2024-01-06T00:00:00+00:00",1,1,3],["2024-02-29T00:00:00+00:00",1,1,0],["2024-04-01T00:00:00+00:00",1,1,0],["2024-05-03T00:00:00+00:00",1,1,0],["2024-07-06T00:00:00+00:00",1,1,0],["2024-09-06T00:00:00+00:00",1,1,0],["2024-12-01T00:00:00+00:00",1,1,0],["2025-02-25T00:00:00+00:00",1,1,0],["2025-04-04T00:00:00+00:00",1,1,0],["2025-07-08T00:00:00+00:00",1,1,0],["2025-09-22T00:00:00+00:00",1,1,0]]},"geometry":{"type":"Point","coordinates":[34.484768,31.493771]}},{"type":"Feature","properties":{"site_id":26,"event_code":"CE20231007PSE","latest_date":"2025-09-23T00:00:00+00:00","latest_class":1,"pass_count":11,"h":[["2024-01-06T00:00:00+00:00",1,1,3],["2024-02-29T00:00:00+00:00",1,1,0],["2024-04-01T00:00:00+00:00",1,1,0],["2024-05-03T00:00:00+00:00",1,1,0],["2024-07-06T00:00:00+00:00",1,1,0],["2024-09-06T00:00:00+00:00",1,1,0],["2024-12-01T00:00:00+00:00",1,1,0],["2025-02-25T00:00:00+00:00",1,1,0],["2025-04-04T00:00:00+00:00",1,1,0],["2025-07-08T00:00:00+00:00",1,1,0],["2025-09-23T00:00:00+00:00",1,1,0]]},"geometry":{"type":"Point","coordinates":[34.487418,31.496482]}},{"type":"Feature","properties":{"site_id":26,"event_code":"CE20231007PSE","latest_date":"2025-09-23T00:00:00+00:00","latest_class":1,"pass_count":11,"h":[["2024-01-06T00:00:00+00:00",1,1,3],["2024-02-29T00:00:00+00:00",1,1,0],["2024-04-01T00:00:00+00:00",1,1,0],["2024-05-03T00:00:00+00:00",1,1,0],["2024-07-06T00:00:00+00:00",1,1,0],["2024-09-06T00:00:00+00:00",1,1,0],["2024-12-01T00:00:00+00:00",1,1,0],["2025-02-25T00:00:00+00:00",1,1,0],["2025-04-04T00:00:00+00:00",1,1,0],["2025-07-08T00:00:00+00:00",1,1,0],["2025-09-23T00:00:00+00:00",1,1,0]]},"geometry":{"type":"Point","coordinates":[34.485741,31.495414]}},{"type":"Feature","properties":{"site_id":26,"event_code":"CE20231007PSE","latest_date":"2025-09-22T00:00:00+00:00","latest_class":1,"pass_count":11,"h":[["2024-01-06T00:00:00+00:00",1,1,3],["2024-02-29T00:00:00+00:00",1,1,0],["2024-04-01T00:00:00+00:00",1,1,0],["2024-05-03T00:00:00+00:00",1,1,0],["2024-07-06T00:00:00+00:00",1,1,0],["2024-09-06T00:00:00+00:00",1,1,0],["2024-12-01T00:00:00+00:00",1,1,0],["2025-02-25T00:00:00+00:00",1,1,0],["2025-04-04T00:00:00+00:00",1,1,0],["2025-07-08T00:00:00+00:00",1,1,0],["2025-09-22T00:00:00+00:00",1,1,0]]},"geometry":{"type":"Point","coordinates":[34.485546,31.495267]}},{"type":"Feature","properties":{"site_id":26,"event_code":"CE20231007PSE","latest_date":"2025-09-23T00:00:00+00:00","latest_class":1,"pass_count":14,"h":[["2023-10-15T00:00:00+00:00",4,3,null],["2023-11-07T00:00:00+00:00",4,3,0],["2023-11-26T00:00:00+00:00",4,3,0],["2024-01-06T00:00:00+00:00",1,1,1],["2024-02-29T00:00:00+00:00",1,1,0],["2024-04-01T00:00:00+00:00",1,1,0],["2024-05-03T00:00:00+00:00",1,1,0],["2024-07-06T00:00:00+00:00",1,1,0],["2024-09-06T00:00:00+00:00",1,1,0],["2024-12-01T00:00:00+00:00",1,1,0],["2025-02-25T00:00:00+00:00",1,1,0],["2025-04-04T00:00:00+00:00",1,1,0],["2025-07-08T00:00:00+00:00",1,1,0],["2025-09-23T00:00:00+00:00",1,1,0]]},"geometry":{"type":"Point","coordinates":[34.488225,31.495236]}},{"type":"Feature","properties":{"site_id":26,"event_code":"CE20231007PSE","latest_date":"2025-09-23T00:00:00+00:00","latest_class":1,"pass_count":11,"h":[["2024-01-06T00:00:00+00:00",1,1,3],["2024-02-29T00:00:00+00:00",1,1,0],["2024-04-01T00:00:00+00:00",1,1,0],["2024-05-03T00:00:00+00:00",1,1,0],["2024-07-06T00:00:00+00:00",1,1,0],["2024-09-06T00:00:00+00:00",1,1,0],["2024-12-01T00:00:00+00:00",1,1,0],["2025-02-25T00:00:00+00:00",1,1,0],["2025-04-04T00:00:00+00:00",1,1,0],["2025-07-08T00:00:00+00:00",1,1,0],["2025-09-23T00:00:00+00:00",1,1,0]]},"geometry":{"type":"Point","coordinates":[34.488386,31.495382]}},{"type":"Feature","properties":{"site_id":26,"event_code":"CE20231007PSE","latest_date":"2025-09-23T00:00:00+00:00","latest_class":1,"pass_count":14,"h":[["2023-10-15T00:00:00+00:00",1,1,null],["2023-11-07T00:00:00+00:00",1,1,0],["2023-11-26T00:00:00+00:00",1,1,0],["2024-01-06T00:00:00+00:00",1,1,0],["2024-02-29T00:00:00+00:00",1,1,0],["2024-04-01T00:00:00+00:00",1,1,0],["2024-05-03T00:00:00+00:00",1,1,0],["2024-07-06T00:00:00+00:00",1,1,0],["2024-09-06T00:00:00+00:00",1,1,0],["2024-12-01T00:00:00+00:00",1,1,0],["2025-02-25T00:00:00+00:00",1,1,0],["2025-04-04T00:00:00+00:00",1,1,0],["2025-07-08T00:00:00+00:00",1,1,0],["2025-09-23T00:00:00+00:00",1,1,0]]},"geometry":{"type":"Point","coordinates":[34.491333,31.492188]}},{"type":"Feature","properties":{"site_id":26,"event_code":"CE20231007PSE","latest_date":"2025-09-23T00:00:00+00:00","latest_class":1,"pass_count":11,"h":[["2024-01-06T00:00:00+00:00",1,1,3],["2024-02-29T00:00:00+00:00",1,1,0],["2024-04-01T00:00:00+00:00",1,1,0],["2024-05-03T00:00:00+00:00",1,1,0],["2024-07-06T00:00:00+00:00",1,1,0],["2024-09-06T00:00:00+00:00",1,1,0],["2024-12-01T00:00:00+00:00",1,1,0],["2025-02-25T00:00:00+00:00",1,1,0],["2025-04-04T00:00:00+00:00",1,1,0],["2025-07-08T00:00:00+00:00",1,1,0],["2025-09-23T00:00:00+00:00",1,1,0]]},"geometry":{"type":"Point","coordinates":[34.491333,31.493083]}},{"type":"Feature","properties":{"site_id":26,"event_code":"CE20231007PSE","latest_date":"2025-09-23T00:00:00+00:00","latest_class":1,"pass_count":11,"h":[["2024-01-06T00:00:00+00:00",1,1,3],["2024-02-29T00:00:00+00:00",1,1,0],["2024-04-01T00:00:00+00:00",1,1,0],["2024-05-03T00:00:00+00:00",1,1,0],["2024-07-06T00:00:00+00:00",1,1,0],["2024-09-06T00:00:00+00:00",1,1,0],["2024-12-01T00:00:00+00:00",1,1,0],["2025-02-25T00:00:00+00:00",1,1,0],["2025-04-04T00:00:00+00:00",1,1,0],["2025-07-08T00:00:00+00:00",1,1,0],["2025-09-23T00:00:00+00:00",1,1,0]]},"geometry":{"type":"Point","coordinates":[34.491582,31.492775]}},{"type":"Feature","properties":{"site_id":26,"event_code":"CE20231007PSE","latest_date":"2025-09-23T00:00:00+00:00","latest_class":1,"pass_count":11,"h":[["2024-01-06T00:00:00+00:00",1,1,3],["2024-02-29T00:00:00+00:00",1,1,0],["2024-04-01T00:00:00+00:00",1,1,0],["2024-05-03T00:00:00+00:00",1,1,0],["2024-07-06T00:00:00+00:00",1,1,0],["2024-09-06T00:00:00+00:00",1,1,0],["2024-12-01T00:00:00+00:00",1,1,0],["2025-02-25T00:00:00+00:00",1,1,0],["2025-04-04T00:00:00+00:00",1,1,0],["2025-07-08T00:00:00+00:00",1,1,0],["2025-09-23T00:00:00+00:00",1,1,0]]},"geometry":{"type":"Point","coordinates":[34.491302,31.493631]}},{"type":"Feature","properties":{"site_id":26,"event_code":"CE20231007PSE","latest_date":"2025-09-23T00:00:00+00:00","latest_class":1,"pass_count":11,"h":[["2024-01-06T00:00:00+00:00",1,1,3],["2024-02-29T00:00:00+00:00",1,1,0],["2024-04-01T00:00:00+00:00",1,1,0],["2024-05-03T00:00:00+00:00",1,1,0],["2024-07-06T00:00:00+00:00",1,1,0],["2024-09-06T00:00:00+00:00",1,1,0],["2024-12-01T00:00:00+00:00",1,1,0],["2025-02-25T00:00:00+00:00",1,1,0],["2025-04-04T00:00:00+00:00",1,1,0],["2025-07-08T00:00:00+00:00",1,1,0],["2025-09-23T00:00:00+00:00",1,1,0]]},"geometry":{"type":"Point","coordinates":[34.491623,31.494675]}},{"type":"Feature","properties":{"site_id":26,"event_code":"CE20231007PSE","latest_date":"2025-09-23T00:00:00+00:00","latest_class":1,"pass_count":11,"h":[["2024-01-06T00:00:00+00:00",1,1,3],["2024-02-29T00:00:00+00:00",1,1,0],["2024-04-01T00:00:00+00:00",1,1,0],["2024-05-03T00:00:00+00:00",1,1,0],["2024-07-06T00:00:00+00:00",1,1,0],["2024-09-06T00:00:00+00:00",1,1,0],["2024-12-01T00:00:00+00:00",1,1,0],["2025-02-25T00:00:00+00:00",1,1,0],["2025-04-04T00:00:00+00:00",1,1,0],["2025-07-08T00:00:00+00:00",1,1,0],["2025-09-23T00:00:00+00:00",1,1,0]]},"geometry":{"type":"Point","coordinates":[34.491735,31.495395]}},{"type":"Feature","properties":{"site_id":26,"event_code":"CE20231007PSE","latest_date":"2025-09-23T00:00:00+00:00","latest_class":1,"pass_count":13,"h":[["2023-11-07T00:00:00+00:00",3,2,3],["2023-11-26T00:00:00+00:00",3,2,0],["2024-01-06T00:00:00+00:00",1,1,1],["2024-02-29T00:00:00+00:00",1,1,0],["2024-04-01T00:00:00+00:00",1,1,0],["2024-05-03T00:00:00+00:00",1,1,0],["2024-07-06T00:00:00+00:00",1,1,0],["2024-09-06T00:00:00+00:00",1,1,0],["2024-12-01T00:00:00+00:00",1,1,0],["2025-02-25T00:00:00+00:00",1,1,0],["2025-04-04T00:00:00+00:00",1,1,0],["2025-07-08T00:00:00+00:00",1,1,0],["2025-09-23T00:00:00+00:00",1,1,0]]},"geometry":{"type":"Point","coordinates":[34.49203,31.493216]}},{"type":"Feature","properties":{"site_id":26,"event_code":"CE20231007PSE","latest_date":"2025-09-22T00:00:00+00:00","latest_class":2,"pass_count":13,"h":[["2023-11-07T00:00:00+00:00",2,1,3],["2023-11-26T00:00:00+00:00",2,1,0],["2024-01-06T00:00:00+00:00",2,1,0],["2024-02-29T00:00:00+00:00",2,1,0],["2024-04-01T00:00:00+00:00",2,1,0],["2024-05-03T00:00:00+00:00",2,1,0],["2024-07-06T00:00:00+00:00",2,1,0],["2024-09-06T00:00:00+00:00",2,1,0],["2024-12-01T00:00:00+00:00",2,1,0],["2025-02-25T00:00:00+00:00",2,1,0],["2025-04-04T00:00:00+00:00",2,1,0],["2025-07-08T00:00:00+00:00",2,1,0],["2025-09-22T00:00:00+00:00",2,1,0]]},"geometry":{"type":"Point","coordinates":[34.496109,31.493964]}},{"type":"Feature","properties":{"site_id":26,"event_code":"CE20231007PSE","latest_date":"2025-09-23T00:00:00+00:00","latest_class":1,"pass_count":11,"h":[["2024-01-06T00:00:00+00:00",1,1,3],["2024-02-29T00:00:00+00:00",1,1,0],["2024-04-01T00:00:00+00:00",1,1,0],["2024-05-03T00:00:00+00:00",1,1,0],["2024-07-06T00:00:00+00:00",1,1,0],["2024-09-06T00:00:00+00:00",1,1,0],["2024-12-01T00:00:00+00:00",1,1,0],["2025-02-25T00:00:00+00:00",1,1,0],["2025-04-04T00:00:00+00:00",1,1,0],["2025-07-08T00:00:00+00:00",1,1,0],["2025-09-23T00:00:00+00:00",1,1,0]]},"geometry":{"type":"Point","coordinates":[34.492679,31.494257]}},{"type":"Feature","properties":{"site_id":26,"event_code":"CE20231007PSE","latest_date":"2025-09-23T00:00:00+00:00","latest_class":1,"pass_count":11,"h":[["2024-01-06T00:00:00+00:00",1,1,3],["2024-02-29T00:00:00+00:00",1,1,0],["2024-04-01T00:00:00+00:00",1,1,0],["2024-05-03T00:00:00+00:00",1,1,0],["2024-07-06T00:00:00+00:00",1,1,0],["2024-09-06T00:00:00+00:00",1,1,0],["2024-12-01T00:00:00+00:00",1,1,0],["2025-02-25T00:00:00+00:00",1,1,0],["2025-04-04T00:00:00+00:00",1,1,0],["2025-07-08T00:00:00+00:00",1,1,0],["2025-09-23T00:00:00+00:00",1,1,0]]},"geometry":{"type":"Point","coordinates":[34.492303,31.495455]}},{"type":"Feature","properties":{"site_id":26,"event_code":"CE20231007PSE","latest_date":"2025-09-23T00:00:00+00:00","latest_class":1,"pass_count":11,"h":[["2024-01-06T00:00:00+00:00",1,1,3],["2024-02-29T00:00:00+00:00",1,1,0],["2024-04-01T00:00:00+00:00",1,1,0],["2024-05-03T00:00:00+00:00",1,1,0],["2024-07-06T00:00:00+00:00",1,1,0],["2024-09-06T00:00:00+00:00",1,1,0],["2024-12-01T00:00:00+00:00",1,1,0],["2025-02-25T00:00:00+00:00",1,1,0],["2025-04-04T00:00:00+00:00",1,1,0],["2025-07-08T00:00:00+00:00",1,1,0],["2025-09-23T00:00:00+00:00",1,1,0]]},"geometry":{"type":"Point","coordinates":[34.492177,31.495247]}},{"type":"Feature","properties":{"site_id":26,"event_code":"CE20231007PSE","latest_date":"2025-09-23T00:00:00+00:00","latest_class":1,"pass_count":14,"h":[["2023-10-15T00:00:00+00:00",2,1,null],["2023-11-07T00:00:00+00:00",2,1,0],["2023-11-26T00:00:00+00:00",2,1,0],["2024-01-06T00:00:00+00:00",1,1,1],["2024-02-29T00:00:00+00:00",1,1,0],["2024-04-01T00:00:00+00:00",1,1,0],["2024-05-03T00:00:00+00:00",1,1,0],["2024-07-06T00:00:00+00:00",1,1,0],["2024-09-06T00:00:00+00:00",1,1,0],["2024-12-01T00:00:00+00:00",1,1,0],["2025-02-25T00:00:00+00:00",1,1,0],["2025-04-04T00:00:00+00:00",1,1,0],["2025-07-08T00:00:00+00:00",1,1,0],["2025-09-23T00:00:00+00:00",1,1,0]]},"geometry":{"type":"Point","coordinates":[34.490602,31.497895]}},{"type":"Feature","properties":{"site_id":26,"event_code":"CE20231007PSE","latest_date":"2025-09-23T00:00:00+00:00","latest_class":1,"pass_count":11,"h":[["2024-01-06T00:00:00+00:00",2,1,3],["2024-02-29T00:00:00+00:00",2,1,0],["2024-04-01T00:00:00+00:00",1,1,1],["2024-05-03T00:00:00+00:00",1,1,0],["2024-07-06T00:00:00+00:00",1,1,0],["2024-09-06T00:00:00+00:00",1,1,0],["2024-12-01T00:00:00+00:00",1,1,0],["2025-02-25T00:00:00+00:00",1,1,0],["2025-04-04T00:00:00+00:00",1,1,0],["2025-07-08T00:00:00+00:00",1,1,0],["2025-09-23T00:00:00+00:00",1,1,0]]},"geometry":{"type":"Point","coordinates":[34.491081,31.497616]}},{"type":"Feature","properties":{"site_id":26,"event_code":"CE20231007PSE","latest_date":"2025-09-22T00:00:00+00:00","latest_class":1,"pass_count":14,"h":[["2023-10-15T00:00:00+00:00",1,1,null],["2023-11-07T00:00:00+00:00",1,1,0],["2023-11-26T00:00:00+00:00",1,1,0],["2024-01-06T00:00:00+00:00",1,1,0],["2024-02-29T00:00:00+00:00",1,1,0],["2024-04-01T00:00:00+00:00",1,1,0],["2024-05-03T00:00:00+00:00",1,1,0],["2024-07-06T00:00:00+00:00",1,1,0],["2024-09-06T00:00:00+00:00",1,1,0],["2024-12-01T00:00:00+00:00",1,1,0],["2025-02-25T00:00:00+00:00",1,1,0],["2025-04-04T00:00:00+00:00",1,1,0],["2025-07-08T00:00:00+00:00",1,1,0],["2025-09-22T00:00:00+00:00",1,1,0]]},"geometry":{"type":"Point","coordinates":[34.491404,31.501609]}},{"type":"Feature","properties":{"site_id":26,"event_code":"CE20231007PSE","latest_date":"2025-09-22T00:00:00+00:00","latest_class":1,"pass_count":14,"h":[["2023-10-15T00:00:00+00:00",3,2,null],["2023-11-07T00:00:00+00:00",3,2,0],["2023-11-26T00:00:00+00:00",3,2,0],["2024-01-06T00:00:00+00:00",1,1,1],["2024-02-29T00:00:00+00:00",1,1,0],["2024-04-01T00:00:00+00:00",1,1,0],["2024-05-03T00:00:00+00:00",1,1,0],["2024-07-06T00:00:00+00:00",1,1,0],["2024-09-06T00:00:00+00:00",1,1,0],["2024-12-01T00:00:00+00:00",1,1,0],["2025-02-25T00:00:00+00:00",1,1,0],["2025-04-04T00:00:00+00:00",1,1,0],["2025-07-08T00:00:00+00:00",1,1,0],["2025-09-22T00:00:00+00:00",1,1,0]]},"geometry":{"type":"Point","coordinates":[34.491275,31.501227]}},{"type":"Feature","properties":{"site_id":26,"event_code":"CE20231007PSE","latest_date":"2025-09-23T00:00:00+00:00","latest_class":1,"pass_count":14,"h":[["2023-10-15T00:00:00+00:00",2,1,null],["2023-11-07T00:00:00+00:00",2,1,0],["2023-11-26T00:00:00+00:00",2,1,0],["2024-01-06T00:00:00+00:00",2,1,0],["2024-02-29T00:00:00+00:00",2,1,0],["2024-04-01T00:00:00+00:00",2,1,0],["2024-05-03T00:00:00+00:00",2,1,0],["2024-07-06T00:00:00+00:00",2,1,0],["2024-09-06T00:00:00+00:00",2,1,0],["2024-12-01T00:00:00+00:00",2,1,0],["2025-02-25T00:00:00+00:00",2,1,0],["2025-04-04T00:00:00+00:00",2,1,0],["2025-07-08T00:00:00+00:00",1,1,1],["2025-09-23T00:00:00+00:00",1,1,0]]},"geometry":{"type":"Point","coordinates":[34.499654,31.504621]}},{"type":"Feature","properties":{"site_id":26,"event_code":"CE20231007PSE","latest_date":"2025-09-23T00:00:00+00:00","latest_class":1,"pass_count":14,"h":[["2023-10-15T00:00:00+00:00",2,1,null],["2023-11-07T00:00:00+00:00",2,1,0],["2023-11-26T00:00:00+00:00",2,1,0],["2024-01-06T00:00:00+00:00",2,1,0],["2024-02-29T00:00:00+00:00",2,1,0],["2024-04-01T00:00:00+00:00",2,1,0],["2024-05-03T00:00:00+00:00",2,1,0],["2024-07-06T00:00:00+00:00",2,1,0],["2024-09-06T00:00:00+00:00",2,1,0],["2024-12-01T00:00:00+00:00",2,1,0],["2025-02-25T00:00:00+00:00",2,1,0],["2025-04-04T00:00:00+00:00",2,1,0],["2025-07-08T00:00:00+00:00",1,1,1],["2025-09-23T00:00:00+00:00",1,1,0]]},"geometry":{"type":"Point","coordinates":[34.499627,31.504379]}},{"type":"Feature","properties":{"site_id":26,"event_code":"CE20231007PSE","latest_date":"2025-09-23T00:00:00+00:00","latest_class":1,"pass_count":14,"h":[["2023-10-15T00:00:00+00:00",2,1,null],["2023-11-07T00:00:00+00:00",2,1,0],["2023-11-26T00:00:00+00:00",2,1,0],["2024-01-06T00:00:00+00:00",2,1,0],["2024-02-29T00:00:00+00:00",1,1,1],["2024-04-01T00:00:00+00:00",1,1,0],["2024-05-03T00:00:00+00:00",1,1,0],["2024-07-06T00:00:00+00:00",1,1,0],["2024-09-06T00:00:00+00:00",1,1,0],["2024-12-01T00:00:00+00:00",1,1,0],["2025-02-25T00:00:00+00:00",1,1,0],["2025-04-04T00:00:00+00:00",1,1,0],["2025-07-08T00:00:00+00:00",1,1,0],["2025-09-23T00:00:00+00:00",1,1,0]]},"geometry":{"type":"Point","coordinates":[34.499328,31.504476]}},{"type":"Feature","properties":{"site_id":26,"event_code":"CE20231007PSE","latest_date":"2025-09-23T00:00:00+00:00","latest_class":1,"pass_count":14,"h":[["2023-10-15T00:00:00+00:00",3,2,null],["2023-11-07T00:00:00+00:00",3,2,0],["2023-11-26T00:00:00+00:00",3,2,0],["2024-01-06T00:00:00+00:00",1,1,1],["2024-02-29T00:00:00+00:00",1,1,0],["2024-04-01T00:00:00+00:00",1,1,0],["2024-05-03T00:00:00+00:00",1,1,0],["2024-07-06T00:00:00+00:00",1,1,0],["2024-09-06T00:00:00+00:00",1,1,0],["2024-12-01T00:00:00+00:00",1,1,0],["2025-02-25T00:00:00+00:00",1,1,0],["2025-04-04T00:00:00+00:00",1,1,0],["2025-07-08T00:00:00+00:00",1,1,0],["2025-09-23T00:00:00+00:00",1,1,0]]},"geometry":{"type":"Point","coordinates":[34.498652,31.504438]}},{"type":"Feature","properties":{"site_id":26,"event_code":"CE20231007PSE","latest_date":"2025-09-23T00:00:00+00:00","latest_class":1,"pass_count":14,"h":[["2023-10-15T00:00:00+00:00",3,2,null],["2023-11-07T00:00:00+00:00",3,2,0],["2023-11-26T00:00:00+00:00",3,2,0],["2024-01-06T00:00:00+00:00",2,1,1],["2024-02-29T00:00:00+00:00",1,1,1],["2024-04-01T00:00:00+00:00",1,1,0],["2024-05-03T00:00:00+00:00",1,1,0],["2024-07-06T00:00:00+00:00",1,1,0],["2024-09-06T00:00:00+00:00",1,1,0],["2024-12-01T00:00:00+00:00",1,1,0],["2025-02-25T00:00:00+00:00",1,1,0],["2025-04-04T00:00:00+00:00",1,1,0],["2025-07-08T00:00:00+00:00",1,1,0],["2025-09-23T00:00:00+00:00",1,1,0]]},"geometry":{"type":"Point","coordinates":[34.498857,31.504362]}},{"type":"Feature","properties":{"site_id":26,"event_code":"CE20231007PSE","latest_date":"2025-09-23T00:00:00+00:00","latest_class":1,"pass_count":14,"h":[["2023-10-15T00:00:00+00:00",3,2,null],["2023-11-07T00:00:00+00:00",1,1,1],["2023-11-26T00:00:00+00:00",1,1,0],["2024-01-06T00:00:00+00:00",1,1,0],["2024-02-29T00:00:00+00:00",1,1,0],["2024-04-01T00:00:00+00:00",1,1,0],["2024-05-03T00:00:00+00:00",1,1,0],["2024-07-06T00:00:00+00:00",1,1,0],["2024-09-06T00:00:00+00:00",1,1,0],["2024-12-01T00:00:00+00:00",1,1,0],["2025-02-25T00:00:00+00:00",1,1,0],["2025-04-04T00:00:00+00:00",1,1,0],["2025-07-08T00:00:00+00:00",1,1,0],["2025-09-23T00:00:00+00:00",1,1,0]]},"geometry":{"type":"Point","coordinates":[34.499089,31.504566]}},{"type":"Feature","properties":{"site_id":26,"event_code":"CE20231007PSE","latest_date":"2025-09-23T00:00:00+00:00","latest_class":1,"pass_count":14,"h":[["2023-10-15T00:00:00+00:00",3,2,null],["2023-11-07T00:00:00+00:00",3,2,0],["2023-11-26T00:00:00+00:00",3,2,0],["2024-01-06T00:00:00+00:00",2,1,1],["2024-02-29T00:00:00+00:00",2,1,0],["2024-04-01T00:00:00+00:00",2,1,0],["2024-05-03T00:00:00+00:00",2,1,0],["2024-07-06T00:00:00+00:00",2,1,0],["2024-09-06T00:00:00+00:00",2,1,0],["2024-12-01T00:00:00+00:00",2,1,0],["2025-02-25T00:00:00+00:00",2,1,0],["2025-04-04T00:00:00+00:00",2,1,0],["2025-07-08T00:00:00+00:00",1,1,1],["2025-09-23T00:00:00+00:00",1,1,0]]},"geometry":{"type":"Point","coordinates":[34.498423,31.504598]}},{"type":"Feature","properties":{"site_id":26,"event_code":"CE20231007PSE","latest_date":"2025-09-23T00:00:00+00:00","latest_class":1,"pass_count":14,"h":[["2023-10-15T00:00:00+00:00",2,1,null],["2023-11-07T00:00:00+00:00",1,1,1],["2023-11-26T00:00:00+00:00",1,1,0],["2024-01-06T00:00:00+00:00",1,1,0],["2024-02-29T00:00:00+00:00",1,1,0],["2024-04-01T00:00:00+00:00",1,1,0],["2024-05-03T00:00:00+00:00",1,1,0],["2024-07-06T00:00:00+00:00",1,1,0],["2024-09-06T00:00:00+00:00",1,1,0],["2024-12-01T00:00:00+00:00",1,1,0],["2025-02-25T00:00:00+00:00",1,1,0],["2025-04-04T00:00:00+00:00",1,1,0],["2025-07-08T00:00:00+00:00",1,1,0],["2025-09-23T00:00:00+00:00",1,1,0]]},"geometry":{"type":"Point","coordinates":[34.499144,31.504648]}},{"type":"Feature","properties":{"site_id":26,"event_code":"CE20231007PSE","latest_date":"2025-09-23T00:00:00+00:00","latest_class":1,"pass_count":14,"h":[["2023-10-15T00:00:00+00:00",3,2,null],["2023-11-07T00:00:00+00:00",3,2,0],["2023-11-26T00:00:00+00:00",3,2,0],["2024-01-06T00:00:00+00:00",3,2,0],["2024-02-29T00:00:00+00:00",1,1,1],["2024-04-01T00:00:00+00:00",1,1,0],["2024-05-03T00:00:00+00:00",1,1,0],["2024-07-06T00:00:00+00:00",1,1,0],["2024-09-06T00:00:00+00:00",1,1,0],["2024-12-01T00:00:00+00:00",1,1,0],["2025-02-25T00:00:00+00:00",1,1,0],["2025-04-04T00:00:00+00:00",1,1,0],["2025-07-08T00:00:00+00:00",1,1,0],["2025-09-23T00:00:00+00:00",1,1,0]]},"geometry":{"type":"Point","coordinates":[34.499884,31.504201]}},{"type":"Feature","properties":{"site_id":26,"event_code":"CE20231007PSE","latest_date":"2025-09-23T00:00:00+00:00","latest_class":1,"pass_count":11,"h":[["2024-01-06T00:00:00+00:00",1,1,3],["2024-02-29T00:00:00+00:00",1,1,0],["2024-04-01T00:00:00+00:00",1,1,0],["2024-05-03T00:00:00+00:00",1,1,0],["2024-07-06T00:00:00+00:00",1,1,0],["2024-09-06T00:00:00+00:00",1,1,0],["2024-12-01T00:00:00+00:00",1,1,0],["2025-02-25T00:00:00+00:00",1,1,0],["2025-04-04T00:00:00+00:00",1,1,0],["2025-07-08T00:00:00+00:00",1,1,0],["2025-09-23T00:00:00+00:00",1,1,0]]},"geometry":{"type":"Point","coordinates":[34.498402,31.50304]}},{"type":"Feature","properties":{"site_id":26,"event_code":"CE20231007PSE","latest_date":"2025-09-23T00:00:00+00:00","latest_class":1,"pass_count":11,"h":[["2024-01-06T00:00:00+00:00",1,1,3],["2024-02-29T00:00:00+00:00",1,1,0],["2024-04-01T00:00:00+00:00",1,1,0],["2024-05-03T00:00:00+00:00",1,1,0],["2024-07-06T00:00:00+00:00",1,1,0],["2024-09-06T00:00:00+00:00",1,1,0],["2024-12-01T00:00:00+00:00",1,1,0],["2025-02-25T00:00:00+00:00",1,1,0],["2025-04-04T00:00:00+00:00",1,1,0],["2025-07-08T00:00:00+00:00",1,1,0],["2025-09-23T00:00:00+00:00",1,1,0]]},"geometry":{"type":"Point","coordinates":[34.499392,31.500974]}},{"type":"Feature","properties":{"site_id":26,"event_code":"CE20231007PSE","latest_date":"2025-09-23T00:00:00+00:00","latest_class":1,"pass_count":14,"h":[["2023-10-15T00:00:00+00:00",1,1,null],["2023-11-07T00:00:00+00:00",1,1,0],["2023-11-26T00:00:00+00:00",1,1,0],["2024-01-06T00:00:00+00:00",1,1,0],["2024-02-29T00:00:00+00:00",1,1,0],["2024-04-01T00:00:00+00:00",1,1,0],["2024-05-03T00:00:00+00:00",1,1,0],["2024-07-06T00:00:00+00:00",1,1,0],["2024-09-06T00:00:00+00:00",1,1,0],["2024-12-01T00:00:00+00:00",1,1,0],["2025-02-25T00:00:00+00:00",1,1,0],["2025-04-04T00:00:00+00:00",1,1,0],["2025-07-08T00:00:00+00:00",1,1,0],["2025-09-23T00:00:00+00:00",1,1,0]]},"geometry":{"type":"Point","coordinates":[34.504173,31.498123]}},{"type":"Feature","properties":{"site_id":26,"event_code":"CE20231007PSE","latest_date":"2025-09-23T00:00:00+00:00","latest_class":1,"pass_count":11,"h":[["2024-01-06T00:00:00+00:00",1,1,3],["2024-02-29T00:00:00+00:00",1,1,0],["2024-04-01T00:00:00+00:00",1,1,0],["2024-05-03T00:00:00+00:00",1,1,0],["2024-07-06T00:00:00+00:00",1,1,0],["2024-09-06T00:00:00+00:00",1,1,0],["2024-12-01T00:00:00+00:00",1,1,0],["2025-02-25T00:00:00+00:00",1,1,0],["2025-04-04T00:00:00+00:00",1,1,0],["2025-07-08T00:00:00+00:00",1,1,0],["2025-09-23T00:00:00+00:00",1,1,0]]},"geometry":{"type":"Point","coordinates":[34.506852,31.500578]}},{"type":"Feature","properties":{"site_id":26,"event_code":"CE20231007PSE","latest_date":"2025-09-23T00:00:00+00:00","latest_class":1,"pass_count":11,"h":[["2024-01-06T00:00:00+00:00",1,1,3],["2024-02-29T00:00:00+00:00",1,1,0],["2024-04-01T00:00:00+00:00",1,1,0],["2024-05-03T00:00:00+00:00",1,1,0],["2024-07-06T00:00:00+00:00",1,1,0],["2024-09-06T00:00:00+00:00",1,1,0],["2024-12-01T00:00:00+00:00",1,1,0],["2025-02-25T00:00:00+00:00",1,1,0],["2025-04-04T00:00:00+00:00",1,1,0],["2025-07-08T00:00:00+00:00",1,1,0],["2025-09-23T00:00:00+00:00",1,1,0]]},"geometry":{"type":"Point","coordinates":[34.508474,31.503299]}},{"type":"Feature","properties":{"site_id":26,"event_code":"CE20231007PSE","latest_date":"2025-09-23T00:00:00+00:00","latest_class":1,"pass_count":11,"h":[["2024-01-06T00:00:00+00:00",1,1,3],["2024-02-29T00:00:00+00:00",1,1,0],["2024-04-01T00:00:00+00:00",1,1,0],["2024-05-03T00:00:00+00:00",1,1,0],["2024-07-06T00:00:00+00:00",1,1,0],["2024-09-06T00:00:00+00:00",1,1,0],["2024-12-01T00:00:00+00:00",1,1,0],["2025-02-25T00:00:00+00:00",1,1,0],["2025-04-04T00:00:00+00:00",1,1,0],["2025-07-08T00:00:00+00:00",1,1,0],["2025-09-23T00:00:00+00:00",1,1,0]]},"geometry":{"type":"Point","coordinates":[34.508197,31.503356]}},{"type":"Feature","properties":{"site_id":26,"event_code":"CE20231007PSE","latest_date":"2025-09-23T00:00:00+00:00","latest_class":1,"pass_count":11,"h":[["2024-01-06T00:00:00+00:00",1,1,3],["2024-02-29T00:00:00+00:00",1,1,0],["2024-04-01T00:00:00+00:00",1,1,0],["2024-05-03T00:00:00+00:00",1,1,0],["2024-07-06T00:00:00+00:00",1,1,0],["2024-09-06T00:00:00+00:00",1,1,0],["2024-12-01T00:00:00+00:00",1,1,0],["2025-02-25T00:00:00+00:00",1,1,0],["2025-04-04T00:00:00+00:00",1,1,0],["2025-07-08T00:00:00+00:00",1,1,0],["2025-09-23T00:00:00+00:00",1,1,0]]},"geometry":{"type":"Point","coordinates":[34.507967,31.502934]}},{"type":"Feature","properties":{"site_id":26,"event_code":"CE20231007PSE","latest_date":"2025-09-23T00:00:00+00:00","latest_class":1,"pass_count":11,"h":[["2024-01-06T00:00:00+00:00",1,1,3],["2024-02-29T00:00:00+00:00",1,1,0],["2024-04-01T00:00:00+00:00",1,1,0],["2024-05-03T00:00:00+00:00",1,1,0],["2024-07-06T00:00:00+00:00",1,1,0],["2024-09-06T00:00:00+00:00",1,1,0],["2024-12-01T00:00:00+00:00",1,1,0],["2025-02-25T00:00:00+00:00",1,1,0],["2025-04-04T00:00:00+00:00",1,1,0],["2025-07-08T00:00:00+00:00",1,1,0],["2025-09-23T00:00:00+00:00",1,1,0]]},"geometry":{"type":"Point","coordinates":[34.508095,31.503021]}},{"type":"Feature","properties":{"site_id":26,"event_code":"CE20231007PSE","latest_date":"2025-09-23T00:00:00+00:00","latest_class":1,"pass_count":11,"h":[["2024-01-06T00:00:00+00:00",1,1,3],["2024-02-29T00:00:00+00:00",1,1,0],["2024-04-01T00:00:00+00:00",1,1,0],["2024-05-03T00:00:00+00:00",1,1,0],["2024-07-06T00:00:00+00:00",1,1,0],["2024-09-06T00:00:00+00:00",1,1,0],["2024-12-01T00:00:00+00:00",1,1,0],["2025-02-25T00:00:00+00:00",1,1,0],["2025-04-04T00:00:00+00:00",1,1,0],["2025-07-08T00:00:00+00:00",1,1,0],["2025-09-23T00:00:00+00:00",1,1,0]]},"geometry":{"type":"Point","coordinates":[34.50758,31.503122]}},{"type":"Feature","properties":{"site_id":26,"event_code":"CE20231007PSE","latest_date":"2025-09-23T00:00:00+00:00","latest_class":1,"pass_count":11,"h":[["2024-01-06T00:00:00+00:00",1,1,3],["2024-02-29T00:00:00+00:00",1,1,0],["2024-04-01T00:00:00+00:00",1,1,0],["2024-05-03T00:00:00+00:00",1,1,0],["2024-07-06T00:00:00+00:00",1,1,0],["2024-09-06T00:00:00+00:00",1,1,0],["2024-12-01T00:00:00+00:00",1,1,0],["2025-02-25T00:00:00+00:00",1,1,0],["2025-04-04T00:00:00+00:00",1,1,0],["2025-07-08T00:00:00+00:00",1,1,0],["2025-09-23T00:00:00+00:00",1,1,0]]},"geometry":{"type":"Point","coordinates":[34.507758,31.503232]}},{"type":"Feature","properties":{"site_id":26,"event_code":"CE20231007PSE","latest_date":"2025-09-23T00:00:00+00:00","latest_class":1,"pass_count":11,"h":[["2024-01-06T00:00:00+00:00",1,1,3],["2024-02-29T00:00:00+00:00",1,1,0],["2024-04-01T00:00:00+00:00",1,1,0],["2024-05-03T00:00:00+00:00",1,1,0],["2024-07-06T00:00:00+00:00",1,1,0],["2024-09-06T00:00:00+00:00",1,1,0],["2024-12-01T00:00:00+00:00",1,1,0],["2025-02-25T00:00:00+00:00",1,1,0],["2025-04-04T00:00:00+00:00",1,1,0],["2025-07-08T00:00:00+00:00",1,1,0],["2025-09-23T00:00:00+00:00",1,1,0]]},"geometry":{"type":"Point","coordinates":[34.507838,31.503392]}},{"type":"Feature","properties":{"site_id":26,"event_code":"CE20231007PSE","latest_date":"2025-09-23T00:00:00+00:00","latest_class":1,"pass_count":11,"h":[["2024-01-06T00:00:00+00:00",1,1,3],["2024-02-29T00:00:00+00:00",1,1,0],["2024-04-01T00:00:00+00:00",1,1,0],["2024-05-03T00:00:00+00:00",1,1,0],["2024-07-06T00:00:00+00:00",1,1,0],["2024-09-06T00:00:00+00:00",1,1,0],["2024-12-01T00:00:00+00:00",1,1,0],["2025-02-25T00:00:00+00:00",1,1,0],["2025-04-04T00:00:00+00:00",1,1,0],["2025-07-08T00:00:00+00:00",1,1,0],["2025-09-23T00:00:00+00:00",1,1,0]]},"geometry":{"type":"Point","coordinates":[34.508493,31.504245]}},{"type":"Feature","properties":{"site_id":26,"event_code":"CE20231007PSE","latest_date":"2025-09-23T00:00:00+00:00","latest_class":1,"pass_count":11,"h":[["2024-01-06T00:00:00+00:00",1,1,3],["2024-02-29T00:00:00+00:00",1,1,0],["2024-04-01T00:00:00+00:00",1,1,0],["2024-05-03T00:00:00+00:00",1,1,0],["2024-07-06T00:00:00+00:00",1,1,0],["2024-09-06T00:00:00+00:00",1,1,0],["2024-12-01T00:00:00+00:00",1,1,0],["2025-02-25T00:00:00+00:00",1,1,0],["2025-04-04T00:00:00+00:00",1,1,0],["2025-07-08T00:00:00+00:00",1,1,0],["2025-09-23T00:00:00+00:00",1,1,0]]},"geometry":{"type":"Point","coordinates":[34.507583,31.504323]}},{"type":"Feature","properties":{"site_id":26,"event_code":"CE20231007PSE","latest_date":"2025-09-23T00:00:00+00:00","latest_class":1,"pass_count":11,"h":[["2024-01-06T00:00:00+00:00",1,1,3],["2024-02-29T00:00:00+00:00",1,1,0],["2024-04-01T00:00:00+00:00",1,1,0],["2024-05-03T00:00:00+00:00",1,1,0],["2024-07-06T00:00:00+00:00",1,1,0],["2024-09-06T00:00:00+00:00",1,1,0],["2024-12-01T00:00:00+00:00",1,1,0],["2025-02-25T00:00:00+00:00",1,1,0],["2025-04-04T00:00:00+00:00",1,1,0],["2025-07-08T00:00:00+00:00",1,1,0],["2025-09-23T00:00:00+00:00",1,1,0]]},"geometry":{"type":"Point","coordinates":[34.507052,31.503263]}},{"type":"Feature","properties":{"site_id":26,"event_code":"CE20231007PSE","latest_date":"2025-09-23T00:00:00+00:00","latest_class":1,"pass_count":11,"h":[["2024-01-06T00:00:00+00:00",1,1,3],["2024-02-29T00:00:00+00:00",1,1,0],["2024-04-01T00:00:00+00:00",1,1,0],["2024-05-03T00:00:00+00:00",1,1,0],["2024-07-06T00:00:00+00:00",1,1,0],["2024-09-06T00:00:00+00:00",1,1,0],["2024-12-01T00:00:00+00:00",1,1,0],["2025-02-25T00:00:00+00:00",1,1,0],["2025-04-04T00:00:00+00:00",1,1,0],["2025-07-08T00:00:00+00:00",1,1,0],["2025-09-23T00:00:00+00:00",1,1,0]]},"geometry":{"type":"Point","coordinates":[34.506948,31.503111]}},{"type":"Feature","properties":{"site_id":26,"event_code":"CE20231007PSE","latest_date":"2025-09-23T00:00:00+00:00","latest_class":1,"pass_count":11,"h":[["2024-01-06T00:00:00+00:00",1,1,3],["2024-02-29T00:00:00+00:00",1,1,0],["2024-04-01T00:00:00+00:00",1,1,0],["2024-05-03T00:00:00+00:00",1,1,0],["2024-07-06T00:00:00+00:00",1,1,0],["2024-09-06T00:00:00+00:00",1,1,0],["2024-12-01T00:00:00+00:00",1,1,0],["2025-02-25T00:00:00+00:00",1,1,0],["2025-04-04T00:00:00+00:00",1,1,0],["2025-07-08T00:00:00+00:00",1,1,0],["2025-09-23T00:00:00+00:00",1,1,0]]},"geometry":{"type":"Point","coordinates":[34.506612,31.503382]}},{"type":"Feature","properties":{"site_id":26,"event_code":"CE20231007PSE","latest_date":"2025-09-23T00:00:00+00:00","latest_class":1,"pass_count":11,"h":[["2024-01-06T00:00:00+00:00",1,1,3],["2024-02-29T00:00:00+00:00",1,1,0],["2024-04-01T00:00:00+00:00",1,1,0],["2024-05-03T00:00:00+00:00",1,1,0],["2024-07-06T00:00:00+00:00",1,1,0],["2024-09-06T00:00:00+00:00",1,1,0],["2024-12-01T00:00:00+00:00",1,1,0],["2025-02-25T00:00:00+00:00",1,1,0],["2025-04-04T00:00:00+00:00",1,1,0],["2025-07-08T00:00:00+00:00",1,1,0],["2025-09-23T00:00:00+00:00",1,1,0]]},"geometry":{"type":"Point","coordinates":[34.506911,31.503322]}},{"type":"Feature","properties":{"site_id":26,"event_code":"CE20231007PSE","latest_date":"2025-09-23T00:00:00+00:00","latest_class":1,"pass_count":11,"h":[["2024-01-06T00:00:00+00:00",1,1,3],["2024-02-29T00:00:00+00:00",1,1,0],["2024-04-01T00:00:00+00:00",1,1,0],["2024-05-03T00:00:00+00:00",1,1,0],["2024-07-06T00:00:00+00:00",1,1,0],["2024-09-06T00:00:00+00:00",1,1,0],["2024-12-01T00:00:00+00:00",1,1,0],["2025-02-25T00:00:00+00:00",1,1,0],["2025-04-04T00:00:00+00:00",1,1,0],["2025-07-08T00:00:00+00:00",1,1,0],["2025-09-23T00:00:00+00:00",1,1,0]]},"geometry":{"type":"Point","coordinates":[34.506866,31.503533]}},{"type":"Feature","properties":{"site_id":26,"event_code":"CE20231007PSE","latest_date":"2025-09-23T00:00:00+00:00","latest_class":2,"pass_count":11,"h":[["2024-01-06T00:00:00+00:00",2,1,3],["2024-02-29T00:00:00+00:00",2,1,0],["2024-04-01T00:00:00+00:00",2,1,0],["2024-05-03T00:00:00+00:00",2,1,0],["2024-07-06T00:00:00+00:00",2,1,0],["2024-09-06T00:00:00+00:00",2,1,0],["2024-12-01T00:00:00+00:00",2,1,0],["2025-02-25T00:00:00+00:00",2,1,0],["2025-04-04T00:00:00+00:00",2,1,0],["2025-07-08T00:00:00+00:00",2,1,0],["2025-09-23T00:00:00+00:00",2,1,0]]},"geometry":{"type":"Point","coordinates":[34.506554,31.50269]}},{"type":"Feature","properties":{"site_id":26,"event_code":"CE20231007PSE","latest_date":"2025-09-23T00:00:00+00:00","latest_class":1,"pass_count":11,"h":[["2024-01-06T00:00:00+00:00",1,1,3],["2024-02-29T00:00:00+00:00",1,1,0],["2024-04-01T00:00:00+00:00",1,1,0],["2024-05-03T00:00:00+00:00",1,1,0],["2024-07-06T00:00:00+00:00",1,1,0],["2024-09-06T00:00:00+00:00",1,1,0],["2024-12-01T00:00:00+00:00",1,1,0],["2025-02-25T00:00:00+00:00",1,1,0],["2025-04-04T00:00:00+00:00",1,1,0],["2025-07-08T00:00:00+00:00",1,1,0],["2025-09-23T00:00:00+00:00",1,1,0]]},"geometry":{"type":"Point","coordinates":[34.504134,31.499315]}},{"type":"Feature","properties":{"site_id":26,"event_code":"CE20231007PSE","latest_date":"2025-09-23T00:00:00+00:00","latest_class":1,"pass_count":11,"h":[["2024-01-06T00:00:00+00:00",1,1,3],["2024-02-29T00:00:00+00:00",1,1,0],["2024-04-01T00:00:00+00:00",1,1,0],["2024-05-03T00:00:00+00:00",1,1,0],["2024-07-06T00:00:00+00:00",1,1,0],["2024-09-06T00:00:00+00:00",1,1,0],["2024-12-01T00:00:00+00:00",1,1,0],["2025-02-25T00:00:00+00:00",1,1,0],["2025-04-04T00:00:00+00:00",1,1,0],["2025-07-08T00:00:00+00:00",1,1,0],["2025-09-23T00:00:00+00:00",1,1,0]]},"geometry":{"type":"Point","coordinates":[34.502927,31.504095]}},{"type":"Feature","properties":{"site_id":26,"event_code":"CE20231007PSE","latest_date":"2025-09-23T00:00:00+00:00","latest_class":1,"pass_count":11,"h":[["2024-01-06T00:00:00+00:00",1,1,3],["2024-02-29T00:00:00+00:00",1,1,0],["2024-04-01T00:00:00+00:00",1,1,0],["2024-05-03T00:00:00+00:00",1,1,0],["2024-07-06T00:00:00+00:00",1,1,0],["2024-09-06T00:00:00+00:00",1,1,0],["2024-12-01T00:00:00+00:00",1,1,0],["2025-02-25T00:00:00+00:00",1,1,0],["2025-04-04T00:00:00+00:00",1,1,0],["2025-07-08T00:00:00+00:00",1,1,0],["2025-09-23T00:00:00+00:00",1,1,0]]},"geometry":{"type":"Point","coordinates":[34.502406,31.498209]}},{"type":"Feature","properties":{"site_id":26,"event_code":"CE20231007PSE","latest_date":"2025-09-23T00:00:00+00:00","latest_class":1,"pass_count":11,"h":[["2024-01-06T00:00:00+00:00",1,1,3],["2024-02-29T00:00:00+00:00",1,1,0],["2024-04-01T00:00:00+00:00",1,1,0],["2024-05-03T00:00:00+00:00",1,1,0],["2024-07-06T00:00:00+00:00",1,1,0],["2024-09-06T00:00:00+00:00",1,1,0],["2024-12-01T00:00:00+00:00",1,1,0],["2025-02-25T00:00:00+00:00",1,1,0],["2025-04-04T00:00:00+00:00",1,1,0],["2025-07-08T00:00:00+00:00",1,1,0],["2025-09-23T00:00:00+00:00",1,1,0]]},"geometry":{"type":"Point","coordinates":[34.503893,31.498942]}},{"type":"Feature","properties":{"site_id":26,"event_code":"CE20231007PSE","latest_date":"2025-09-23T00:00:00+00:00","latest_class":1,"pass_count":11,"h":[["2024-01-06T00:00:00+00:00",1,1,3],["2024-02-29T00:00:00+00:00",1,1,0],["2024-04-01T00:00:00+00:00",1,1,0],["2024-05-03T00:00:00+00:00",1,1,0],["2024-07-06T00:00:00+00:00",1,1,0],["2024-09-06T00:00:00+00:00",1,1,0],["2024-12-01T00:00:00+00:00",1,1,0],["2025-02-25T00:00:00+00:00",1,1,0],["2025-04-04T00:00:00+00:00",1,1,0],["2025-07-08T00:00:00+00:00",1,1,0],["2025-09-23T00:00:00+00:00",1,1,0]]},"geometry":{"type":"Point","coordinates":[34.503838,31.499134]}},{"type":"Feature","properties":{"site_id":26,"event_code":"CE20231007PSE","latest_date":"2025-09-23T00:00:00+00:00","latest_class":1,"pass_count":11,"h":[["2024-01-06T00:00:00+00:00",1,1,3],["2024-02-29T00:00:00+00:00",1,1,0],["2024-04-01T00:00:00+00:00",1,1,0],["2024-05-03T00:00:00+00:00",1,1,0],["2024-07-06T00:00:00+00:00",1,1,0],["2024-09-06T00:00:00+00:00",1,1,0],["2024-12-01T00:00:00+00:00",1,1,0],["2025-02-25T00:00:00+00:00",1,1,0],["2025-04-04T00:00:00+00:00",1,1,0],["2025-07-08T00:00:00+00:00",1,1,0],["2025-09-23T00:00:00+00:00",1,1,0]]},"geometry":{"type":"Point","coordinates":[34.508743,31.503029]}},{"type":"Feature","properties":{"site_id":26,"event_code":"CE20231007PSE","latest_date":"2025-09-22T00:00:00+00:00","latest_class":1,"pass_count":14,"h":[["2023-10-15T00:00:00+00:00",1,1,null],["2023-11-07T00:00:00+00:00",1,1,0],["2023-11-26T00:00:00+00:00",1,1,0],["2024-01-06T00:00:00+00:00",1,1,0],["2024-02-29T00:00:00+00:00",1,1,0],["2024-04-01T00:00:00+00:00",1,1,0],["2024-05-03T00:00:00+00:00",1,1,0],["2024-07-06T00:00:00+00:00",1,1,0],["2024-09-06T00:00:00+00:00",1,1,0],["2024-12-01T00:00:00+00:00",1,1,0],["2025-02-25T00:00:00+00:00",1,1,0],["2025-04-04T00:00:00+00:00",1,1,0],["2025-07-08T00:00:00+00:00",1,1,0],["2025-09-22T00:00:00+00:00",1,1,0]]},"geometry":{"type":"Point","coordinates":[34.510066,31.501984]}},{"type":"Feature","properties":{"site_id":19,"event_code":"CE20231007PSE","latest_date":"2025-09-22T00:00:00+00:00","latest_class":3,"pass_count":10,"h":[["2024-02-29T00:00:00+00:00",3,2,3],["2024-04-01T00:00:00+00:00",3,2,0],["2024-05-03T00:00:00+00:00",3,2,0],["2024-07-06T00:00:00+00:00",3,2,0],["2024-09-06T00:00:00+00:00",3,2,0],["2024-12-01T00:00:00+00:00",3,2,0],["2025-02-25T00:00:00+00:00",3,2,0],["2025-04-04T00:00:00+00:00",3,2,0],["2025-07-08T00:00:00+00:00",3,2,0],["2025-09-22T00:00:00+00:00",3,2,0]]},"geometry":{"type":"Point","coordinates":[34.514091,31.502783]}},{"type":"Feature","properties":{"site_id":26,"event_code":"CE20231007PSE","latest_date":"2025-09-23T00:00:00+00:00","latest_class":1,"pass_count":14,"h":[["2023-10-15T00:00:00+00:00",2,1,null],["2023-11-07T00:00:00+00:00",1,1,1],["2023-11-26T00:00:00+00:00",1,1,0],["2024-01-06T00:00:00+00:00",1,1,0],["2024-02-29T00:00:00+00:00",1,1,0],["2024-04-01T00:00:00+00:00",1,1,0],["2024-05-03T00:00:00+00:00",1,1,0],["2024-07-06T00:00:00+00:00",1,1,0],["2024-09-06T00:00:00+00:00",1,1,0],["2024-12-01T00:00:00+00:00",1,1,0],["2025-02-25T00:00:00+00:00",1,1,0],["2025-04-04T00:00:00+00:00",1,1,0],["2025-07-08T00:00:00+00:00",1,1,0],["2025-09-23T00:00:00+00:00",1,1,0]]},"geometry":{"type":"Point","coordinates":[34.499344,31.504735]}},{"type":"Feature","properties":{"site_id":26,"event_code":"CE20231007PSE","latest_date":"2025-09-22T00:00:00+00:00","latest_class":1,"pass_count":14,"h":[["2023-10-15T00:00:00+00:00",2,1,null],["2023-11-07T00:00:00+00:00",2,1,0],["2023-11-26T00:00:00+00:00",2,1,0],["2024-01-06T00:00:00+00:00",2,1,0],["2024-02-29T00:00:00+00:00",2,1,0],["2024-04-01T00:00:00+00:00",2,1,0],["2024-05-03T00:00:00+00:00",2,1,0],["2024-07-06T00:00:00+00:00",2,1,0],["2024-09-06T00:00:00+00:00",2,1,0],["2024-12-01T00:00:00+00:00",2,1,0],["2025-02-25T00:00:00+00:00",2,1,0],["2025-04-04T00:00:00+00:00",2,1,0],["2025-07-08T00:00:00+00:00",1,1,1],["2025-09-22T00:00:00+00:00",1,1,0]]},"geometry":{"type":"Point","coordinates":[34.496365,31.505027]}},{"type":"Feature","properties":{"site_id":26,"event_code":"CE20231007PSE","latest_date":"2025-09-22T00:00:00+00:00","latest_class":1,"pass_count":14,"h":[["2023-10-15T00:00:00+00:00",2,1,null],["2023-11-07T00:00:00+00:00",2,1,0],["2023-11-26T00:00:00+00:00",2,1,0],["2024-01-06T00:00:00+00:00",1,1,1],["2024-02-29T00:00:00+00:00",1,1,0],["2024-04-01T00:00:00+00:00",1,1,0],["2024-05-03T00:00:00+00:00",1,1,0],["2024-07-06T00:00:00+00:00",1,1,0],["2024-09-06T00:00:00+00:00",1,1,0],["2024-12-01T00:00:00+00:00",1,1,0],["2025-02-25T00:00:00+00:00",1,1,0],["2025-04-04T00:00:00+00:00",1,1,0],["2025-07-08T00:00:00+00:00",1,1,0],["2025-09-22T00:00:00+00:00",1,1,0]]},"geometry":{"type":"Point","coordinates":[34.495855,31.50535]}},{"type":"Feature","properties":{"site_id":26,"event_code":"CE20231007PSE","latest_date":"2025-09-22T00:00:00+00:00","latest_class":1,"pass_count":13,"h":[["2023-11-07T00:00:00+00:00",3,2,3],["2023-11-26T00:00:00+00:00",3,2,0],["2024-01-06T00:00:00+00:00",2,1,1],["2024-02-29T00:00:00+00:00",2,1,0],["2024-04-01T00:00:00+00:00",2,1,0],["2024-05-03T00:00:00+00:00",2,1,0],["2024-07-06T00:00:00+00:00",2,1,0],["2024-09-06T00:00:00+00:00",2,1,0],["2024-12-01T00:00:00+00:00",2,1,0],["2025-02-25T00:00:00+00:00",2,1,0],["2025-04-04T00:00:00+00:00",2,1,0],["2025-07-08T00:00:00+00:00",1,1,1],["2025-09-22T00:00:00+00:00",1,1,0]]},"geometry":{"type":"Point","coordinates":[34.495424,31.50574]}},{"type":"Feature","properties":{"site_id":26,"event_code":"CE20231007PSE","latest_date":"2025-09-22T00:00:00+00:00","latest_class":1,"pass_count":11,"h":[["2024-01-06T00:00:00+00:00",1,1,3],["2024-02-29T00:00:00+00:00",1,1,0],["2024-04-01T00:00:00+00:00",1,1,0],["2024-05-03T00:00:00+00:00",1,1,0],["2024-07-06T00:00:00+00:00",1,1,0],["2024-09-06T00:00:00+00:00",1,1,0],["2024-12-01T00:00:00+00:00",1,1,0],["2025-02-25T00:00:00+00:00",1,1,0],["2025-04-04T00:00:00+00:00",1,1,0],["2025-07-08T00:00:00+00:00",1,1,0],["2025-09-22T00:00:00+00:00",1,1,0]]},"geometry":{"type":"Point","coordinates":[34.494011,31.50482]}},{"type":"Feature","properties":{"site_id":26,"event_code":"CE20231007PSE","latest_date":"2025-09-22T00:00:00+00:00","latest_class":1,"pass_count":11,"h":[["2024-01-06T00:00:00+00:00",1,1,3],["2024-02-29T00:00:00+00:00",1,1,0],["2024-04-01T00:00:00+00:00",1,1,0],["2024-05-03T00:00:00+00:00",1,1,0],["2024-07-06T00:00:00+00:00",1,1,0],["2024-09-06T00:00:00+00:00",1,1,0],["2024-12-01T00:00:00+00:00",1,1,0],["2025-02-25T00:00:00+00:00",1,1,0],["2025-04-04T00:00:00+00:00",1,1,0],["2025-07-08T00:00:00+00:00",1,1,0],["2025-09-22T00:00:00+00:00",1,1,0]]},"geometry":{"type":"Point","coordinates":[34.49386,31.504916]}},{"type":"Feature","properties":{"site_id":26,"event_code":"CE20231007PSE","latest_date":"2025-09-22T00:00:00+00:00","latest_class":1,"pass_count":11,"h":[["2024-01-06T00:00:00+00:00",2,1,3],["2024-02-29T00:00:00+00:00",2,1,0],["2024-04-01T00:00:00+00:00",2,1,0],["2024-05-03T00:00:00+00:00",2,1,0],["2024-07-06T00:00:00+00:00",2,1,0],["2024-09-06T00:00:00+00:00",2,1,0],["2024-12-01T00:00:00+00:00",2,1,0],["2025-02-25T00:00:00+00:00",1,1,1],["2025-04-04T00:00:00+00:00",1,1,0],["2025-07-08T00:00:00+00:00",1,1,0],["2025-09-22T00:00:00+00:00",1,1,0]]},"geometry":{"type":"Point","coordinates":[34.49416,31.504909]}},{"type":"Feature","properties":{"site_id":26,"event_code":"CE20231007PSE","latest_date":"2025-09-22T00:00:00+00:00","latest_class":1,"pass_count":14,"h":[["2023-10-15T00:00:00+00:00",3,2,null],["2023-11-07T00:00:00+00:00",3,2,0],["2023-11-26T00:00:00+00:00",3,2,0],["2024-01-06T00:00:00+00:00",3,2,0],["2024-02-29T00:00:00+00:00",1,1,1],["2024-04-01T00:00:00+00:00",1,1,0],["2024-05-03T00:00:00+00:00",1,1,0],["2024-07-06T00:00:00+00:00",1,1,0],["2024-09-06T00:00:00+00:00",1,1,0],["2024-12-01T00:00:00+00:00",1,1,0],["2025-02-25T00:00:00+00:00",1,1,0],["2025-04-04T00:00:00+00:00",1,1,0],["2025-07-08T00:00:00+00:00",1,1,0],["2025-09-22T00:00:00+00:00",1,1,0]]},"geometry":{"type":"Point","coordinates":[34.500353,31.509664]}},{"type":"Feature","properties":{"site_id":26,"event_code":"CE20231007PSE","latest_date":"2025-09-22T00:00:00+00:00","latest_class":1,"pass_count":11,"h":[["2024-01-06T00:00:00+00:00",1,1,3],["2024-02-29T00:00:00+00:00",1,1,0],["2024-04-01T00:00:00+00:00",1,1,0],["2024-05-03T00:00:00+00:00",1,1,0],["2024-07-06T00:00:00+00:00",1,1,0],["2024-09-06T00:00:00+00:00",1,1,0],["2024-12-01T00:00:00+00:00",1,1,0],["2025-02-25T00:00:00+00:00",1,1,0],["2025-04-04T00:00:00+00:00",1,1,0],["2025-07-08T00:00:00+00:00",1,1,0],["2025-09-22T00:00:00+00:00",1,1,0]]},"geometry":{"type":"Point","coordinates":[34.500419,31.507584]}},{"type":"Feature","properties":{"site_id":26,"event_code":"CE20231007PSE","latest_date":"2025-09-23T00:00:00+00:00","latest_class":1,"pass_count":14,"h":[["2023-10-15T00:00:00+00:00",2,1,null],["2023-11-07T00:00:00+00:00",2,1,0],["2023-11-26T00:00:00+00:00",2,1,0],["2024-01-06T00:00:00+00:00",2,1,0],["2024-02-29T00:00:00+00:00",2,1,0],["2024-04-01T00:00:00+00:00",2,1,0],["2024-05-03T00:00:00+00:00",2,1,0],["2024-07-06T00:00:00+00:00",2,1,0],["2024-09-06T00:00:00+00:00",2,1,0],["2024-12-01T00:00:00+00:00",2,1,0],["2025-02-25T00:00:00+00:00",2,1,0],["2025-04-04T00:00:00+00:00",2,1,0],["2025-07-08T00:00:00+00:00",1,1,1],["2025-09-23T00:00:00+00:00",1,1,0]]},"geometry":{"type":"Point","coordinates":[34.502458,31.51183]}},{"type":"Feature","properties":{"site_id":1,"event_code":"CE20231007PSE","latest_date":"2025-09-23T00:00:00+00:00","latest_class":1,"pass_count":11,"h":[["2024-01-06T00:00:00+00:00",1,1,3],["2024-02-29T00:00:00+00:00",1,1,0],["2024-04-01T00:00:00+00:00",1,1,0],["2024-05-03T00:00:00+00:00",1,1,0],["2024-07-06T00:00:00+00:00",1,1,0],["2024-09-06T00:00:00+00:00",1,1,0],["2024-12-01T00:00:00+00:00",1,1,0],["2025-02-25T00:00:00+00:00",1,1,0],["2025-04-04T00:00:00+00:00",1,1,0],["2025-07-08T00:00:00+00:00",1,1,0],["2025-09-23T00:00:00+00:00",1,1,0]]},"geometry":{"type":"Point","coordinates":[34.505445,31.505496]}},{"type":"Feature","properties":{"site_id":26,"event_code":"CE20231007PSE","latest_date":"2025-09-23T00:00:00+00:00","latest_class":1,"pass_count":11,"h":[["2024-01-06T00:00:00+00:00",1,1,3],["2024-02-29T00:00:00+00:00",1,1,0],["2024-04-01T00:00:00+00:00",1,1,0],["2024-05-03T00:00:00+00:00",1,1,0],["2024-07-06T00:00:00+00:00",1,1,0],["2024-09-06T00:00:00+00:00",1,1,0],["2024-12-01T00:00:00+00:00",1,1,0],["2025-02-25T00:00:00+00:00",1,1,0],["2025-04-04T00:00:00+00:00",1,1,0],["2025-07-08T00:00:00+00:00",1,1,0],["2025-09-23T00:00:00+00:00",1,1,0]]},"geometry":{"type":"Point","coordinates":[34.505571,31.505414]}},{"type":"Feature","properties":{"site_id":26,"event_code":"CE20231007PSE","latest_date":"2025-09-23T00:00:00+00:00","latest_class":1,"pass_count":11,"h":[["2024-01-06T00:00:00+00:00",1,1,3],["2024-02-29T00:00:00+00:00",1,1,0],["2024-04-01T00:00:00+00:00",1,1,0],["2024-05-03T00:00:00+00:00",1,1,0],["2024-07-06T00:00:00+00:00",1,1,0],["2024-09-06T00:00:00+00:00",1,1,0],["2024-12-01T00:00:00+00:00",1,1,0],["2025-02-25T00:00:00+00:00",1,1,0],["2025-04-04T00:00:00+00:00",1,1,0],["2025-07-08T00:00:00+00:00",1,1,0],["2025-09-23T00:00:00+00:00",1,1,0]]},"geometry":{"type":"Point","coordinates":[34.50536,31.505355]}},{"type":"Feature","properties":{"site_id":26,"event_code":"CE20231007PSE","latest_date":"2025-09-23T00:00:00+00:00","latest_class":1,"pass_count":11,"h":[["2024-01-06T00:00:00+00:00",2,1,3],["2024-02-29T00:00:00+00:00",1,1,1],["2024-04-01T00:00:00+00:00",1,1,0],["2024-05-03T00:00:00+00:00",1,1,0],["2024-07-06T00:00:00+00:00",1,1,0],["2024-09-06T00:00:00+00:00",1,1,0],["2024-12-01T00:00:00+00:00",1,1,0],["2025-02-25T00:00:00+00:00",1,1,0],["2025-04-04T00:00:00+00:00",1,1,0],["2025-07-08T00:00:00+00:00",1,1,0],["2025-09-23T00:00:00+00:00",1,1,0]]},"geometry":{"type":"Point","coordinates":[34.503746,31.510882]}},{"type":"Feature","properties":{"site_id":26,"event_code":"CE20231007PSE","latest_date":"2025-09-23T00:00:00+00:00","latest_class":1,"pass_count":11,"h":[["2024-01-06T00:00:00+00:00",3,2,3],["2024-02-29T00:00:00+00:00",2,2,1],["2024-04-01T00:00:00+00:00",2,2,0],["2024-05-03T00:00:00+00:00",2,2,0],["2024-07-06T00:00:00+00:00",2,2,0],["2024-09-06T00:00:00+00:00",2,2,0],["2024-12-01T00:00:00+00:00",2,2,0],["2025-02-25T00:00:00+00:00",2,2,0],["2025-04-04T00:00:00+00:00",2,2,0],["2025-07-08T00:00:00+00:00",1,1,1],["2025-09-23T00:00:00+00:00",1,1,0]]},"geometry":{"type":"Point","coordinates":[34.502078,31.510971]}},{"type":"Feature","properties":{"site_id":26,"event_code":"CE20231007PSE","latest_date":"2025-09-23T00:00:00+00:00","latest_class":1,"pass_count":11,"h":[["2024-01-06T00:00:00+00:00",2,1,3],["2024-02-29T00:00:00+00:00",2,1,0],["2024-04-01T00:00:00+00:00",2,1,0],["2024-05-03T00:00:00+00:00",2,1,0],["2024-07-06T00:00:00+00:00",2,1,0],["2024-09-06T00:00:00+00:00",2,1,0],["2024-12-01T00:00:00+00:00",2,1,0],["2025-02-25T00:00:00+00:00",2,1,0],["2025-04-04T00:00:00+00:00",2,1,0],["2025-07-08T00:00:00+00:00",1,1,1],["2025-09-23T00:00:00+00:00",1,1,0]]},"geometry":{"type":"Point","coordinates":[34.501317,31.510301]}},{"type":"Feature","properties":{"site_id":26,"event_code":"CE20231007PSE","latest_date":"2025-09-23T00:00:00+00:00","latest_class":1,"pass_count":11,"h":[["2024-01-06T00:00:00+00:00",2,1,3],["2024-02-29T00:00:00+00:00",1,1,1],["2024-04-01T00:00:00+00:00",1,1,0],["2024-05-03T00:00:00+00:00",1,1,0],["2024-07-06T00:00:00+00:00",1,1,0],["2024-09-06T00:00:00+00:00",1,1,0],["2024-12-01T00:00:00+00:00",1,1,0],["2025-02-25T00:00:00+00:00",1,1,0],["2025-04-04T00:00:00+00:00",1,1,0],["2025-07-08T00:00:00+00:00",1,1,0],["2025-09-23T00:00:00+00:00",1,1,0]]},"geometry":{"type":"Point","coordinates":[34.500921,31.508337]}},{"type":"Feature","properties":{"site_id":26,"event_code":"CE20231007PSE","latest_date":"2025-09-23T00:00:00+00:00","latest_class":1,"pass_count":11,"h":[["2024-01-06T00:00:00+00:00",3,2,3],["2024-02-29T00:00:00+00:00",1,1,1],["2024-04-01T00:00:00+00:00",1,1,0],["2024-05-03T00:00:00+00:00",1,1,0],["2024-07-06T00:00:00+00:00",1,1,0],["2024-09-06T00:00:00+00:00",1,1,0],["2024-12-01T00:00:00+00:00",1,1,0],["2025-02-25T00:00:00+00:00",1,1,0],["2025-04-04T00:00:00+00:00",1,1,0],["2025-07-08T00:00:00+00:00",1,1,0],["2025-09-23T00:00:00+00:00",1,1,0]]},"geometry":{"type":"Point","coordinates":[34.501077,31.508237]}},{"type":"Feature","properties":{"site_id":26,"event_code":"CE20231007PSE","latest_date":"2025-09-23T00:00:00+00:00","latest_class":1,"pass_count":11,"h":[["2024-01-06T00:00:00+00:00",1,1,3],["2024-02-29T00:00:00+00:00",1,1,0],["2024-04-01T00:00:00+00:00",1,1,0],["2024-05-03T00:00:00+00:00",1,1,0],["2024-07-06T00:00:00+00:00",1,1,0],["2024-09-06T00:00:00+00:00",1,1,0],["2024-12-01T00:00:00+00:00",1,1,0],["2025-02-25T00:00:00+00:00",1,1,0],["2025-04-04T00:00:00+00:00",1,1,0],["2025-07-08T00:00:00+00:00",1,1,0],["2025-09-23T00:00:00+00:00",1,1,0]]},"geometry":{"type":"Point","coordinates":[34.501917,31.506151]}},{"type":"Feature","properties":{"site_id":26,"event_code":"CE20231007PSE","latest_date":"2025-09-23T00:00:00+00:00","latest_class":1,"pass_count":11,"h":[["2024-01-06T00:00:00+00:00",2,1,3],["2024-02-29T00:00:00+00:00",2,1,0],["2024-04-01T00:00:00+00:00",2,1,0],["2024-05-03T00:00:00+00:00",2,1,0],["2024-07-06T00:00:00+00:00",2,1,0],["2024-09-06T00:00:00+00:00",2,1,0],["2024-12-01T00:00:00+00:00",2,1,0],["2025-02-25T00:00:00+00:00",2,1,0],["2025-04-04T00:00:00+00:00",2,1,0],["2025-07-08T00:00:00+00:00",1,1,1],["2025-09-23T00:00:00+00:00",1,1,0]]},"geometry":{"type":"Point","coordinates":[34.501814,31.506064]}},{"type":"Feature","properties":{"site_id":26,"event_code":"CE20231007PSE","latest_date":"2025-09-23T00:00:00+00:00","latest_class":1,"pass_count":11,"h":[["2024-01-06T00:00:00+00:00",2,1,3],["2024-02-29T00:00:00+00:00",1,1,1],["2024-04-01T00:00:00+00:00",1,1,0],["2024-05-03T00:00:00+00:00",1,1,0],["2024-07-06T00:00:00+00:00",1,1,0],["2024-09-06T00:00:00+00:00",1,1,0],["2024-12-01T00:00:00+00:00",1,1,0],["2025-02-25T00:00:00+00:00",1,1,0],["2025-04-04T00:00:00+00:00",1,1,0],["2025-07-08T00:00:00+00:00",1,1,0],["2025-09-23T00:00:00+00:00",1,1,0]]},"geometry":{"type":"Point","coordinates":[34.501537,31.506254]}},{"type":"Feature","properties":{"site_id":26,"event_code":"CE20231007PSE","latest_date":"2025-09-23T00:00:00+00:00","latest_class":1,"pass_count":11,"h":[["2024-01-06T00:00:00+00:00",1,1,3],["2024-02-29T00:00:00+00:00",1,1,0],["2024-04-01T00:00:00+00:00",1,1,0],["2024-05-03T00:00:00+00:00",1,1,0],["2024-07-06T00:00:00+00:00",1,1,0],["2024-09-06T00:00:00+00:00",1,1,0],["2024-12-01T00:00:00+00:00",1,1,0],["2025-02-25T00:00:00+00:00",1,1,0],["2025-04-04T00:00:00+00:00",1,1,0],["2025-07-08T00:00:00+00:00",1,1,0],["2025-09-23T00:00:00+00:00",1,1,0]]},"geometry":{"type":"Point","coordinates":[34.50179,31.506594]}},{"type":"Feature","properties":{"site_id":26,"event_code":"CE20231007PSE","latest_date":"2025-09-23T00:00:00+00:00","latest_class":1,"pass_count":11,"h":[["2024-01-06T00:00:00+00:00",1,1,3],["2024-02-29T00:00:00+00:00",1,1,0],["2024-04-01T00:00:00+00:00",1,1,0],["2024-05-03T00:00:00+00:00",1,1,0],["2024-07-06T00:00:00+00:00",1,1,0],["2024-09-06T00:00:00+00:00",1,1,0],["2024-12-01T00:00:00+00:00",1,1,0],["2025-02-25T00:00:00+00:00",1,1,0],["2025-04-04T00:00:00+00:00",1,1,0],["2025-07-08T00:00:00+00:00",1,1,0],["2025-09-23T00:00:00+00:00",1,1,0]]},"geometry":{"type":"Point","coordinates":[34.501905,31.506699]}},{"type":"Feature","properties":{"site_id":26,"event_code":"CE20231007PSE","latest_date":"2025-09-23T00:00:00+00:00","latest_class":1,"pass_count":11,"h":[["2024-01-06T00:00:00+00:00",1,1,3],["2024-02-29T00:00:00+00:00",1,1,0],["2024-04-01T00:00:00+00:00",1,1,0],["2024-05-03T00:00:00+00:00",1,1,0],["2024-07-06T00:00:00+00:00",1,1,0],["2024-09-06T00:00:00+00:00",1,1,0],["2024-12-01T00:00:00+00:00",1,1,0],["2025-02-25T00:00:00+00:00",1,1,0],["2025-04-04T00:00:00+00:00",1,1,0],["2025-07-08T00:00:00+00:00",1,1,0],["2025-09-23T00:00:00+00:00",1,1,0]]},"geometry":{"type":"Point","coordinates":[34.501917,31.507111]}},{"type":"Feature","properties":{"site_id":26,"event_code":"CE20231007PSE","latest_date":"2025-09-23T00:00:00+00:00","latest_class":1,"pass_count":11,"h":[["2024-01-06T00:00:00+00:00",1,1,3],["2024-02-29T00:00:00+00:00",1,1,0],["2024-04-01T00:00:00+00:00",1,1,0],["2024-05-03T00:00:00+00:00",1,1,0],["2024-07-06T00:00:00+00:00",1,1,0],["2024-09-06T00:00:00+00:00",1,1,0],["2024-12-01T00:00:00+00:00",1,1,0],["2025-02-25T00:00:00+00:00",1,1,0],["2025-04-04T00:00:00+00:00",1,1,0],["2025-07-08T00:00:00+00:00",1,1,0],["2025-09-23T00:00:00+00:00",1,1,0]]},"geometry":{"type":"Point","coordinates":[34.50245,31.507024]}},{"type":"Feature","properties":{"site_id":26,"event_code":"CE20231007PSE","latest_date":"2025-09-23T00:00:00+00:00","latest_class":1,"pass_count":11,"h":[["2024-01-06T00:00:00+00:00",1,1,3],["2024-02-29T00:00:00+00:00",1,1,0],["2024-04-01T00:00:00+00:00",1,1,0],["2024-05-03T00:00:00+00:00",1,1,0],["2024-07-06T00:00:00+00:00",1,1,0],["2024-09-06T00:00:00+00:00",1,1,0],["2024-12-01T00:00:00+00:00",1,1,0],["2025-02-25T00:00:00+00:00",1,1,0],["2025-04-04T00:00:00+00:00",1,1,0],["2025-07-08T00:00:00+00:00",1,1,0],["2025-09-23T00:00:00+00:00",1,1,0]]},"geometry":{"type":"Point","coordinates":[34.500851,31.507422]}},{"type":"Feature","properties":{"site_id":26,"event_code":"CE20231007PSE","latest_date":"2025-09-23T00:00:00+00:00","latest_class":1,"pass_count":11,"h":[["2024-01-06T00:00:00+00:00",2,1,3],["2024-02-29T00:00:00+00:00",2,1,0],["2024-04-01T00:00:00+00:00",2,1,0],["2024-05-03T00:00:00+00:00",2,1,0],["2024-07-06T00:00:00+00:00",2,1,0],["2024-09-06T00:00:00+00:00",2,1,0],["2024-12-01T00:00:00+00:00",2,1,0],["2025-02-25T00:00:00+00:00",2,1,0],["2025-04-04T00:00:00+00:00",2,1,0],["2025-07-08T00:00:00+00:00",1,1,1],["2025-09-23T00:00:00+00:00",1,1,0]]},"geometry":{"type":"Point","coordinates":[34.501386,31.506143]}},{"type":"Feature","properties":{"site_id":26,"event_code":"CE20231007PSE","latest_date":"2025-09-22T00:00:00+00:00","latest_class":1,"pass_count":14,"h":[["2023-10-15T00:00:00+00:00",4,3,null],["2023-11-07T00:00:00+00:00",4,3,0],["2023-11-26T00:00:00+00:00",4,3,0],["2024-01-06T00:00:00+00:00",4,3,0],["2024-02-29T00:00:00+00:00",1,1,1],["2024-04-01T00:00:00+00:00",1,1,0],["2024-05-03T00:00:00+00:00",1,1,0],["2024-07-06T00:00:00+00:00",1,1,0],["2024-09-06T00:00:00+00:00",1,1,0],["2024-12-01T00:00:00+00:00",1,1,0],["2025-02-25T00:00:00+00:00",1,1,0],["2025-04-04T00:00:00+00:00",1,1,0],["2025-07-08T00:00:00+00:00",1,1,0],["2025-09-22T00:00:00+00:00",1,1,0]]},"geometry":{"type":"Point","coordinates":[34.500461,31.509709]}},{"type":"Feature","properties":{"site_id":26,"event_code":"CE20231007PSE","latest_date":"2025-09-23T00:00:00+00:00","latest_class":1,"pass_count":11,"h":[["2024-01-06T00:00:00+00:00",4,3,3],["2024-02-29T00:00:00+00:00",1,1,1],["2024-04-01T00:00:00+00:00",1,1,0],["2024-05-03T00:00:00+00:00",1,1,0],["2024-07-06T00:00:00+00:00",1,1,0],["2024-09-06T00:00:00+00:00",1,1,0],["2024-12-01T00:00:00+00:00",1,1,0],["2025-02-25T00:00:00+00:00",1,1,0],["2025-04-04T00:00:00+00:00",1,1,0],["2025-07-08T00:00:00+00:00",1,1,0],["2025-09-23T00:00:00+00:00",1,1,0]]},"geometry":{"type":"Point","coordinates":[34.501374,31.508024]}},{"type":"Feature","properties":{"site_id":26,"event_code":"CE20231007PSE","latest_date":"2025-09-23T00:00:00+00:00","latest_class":1,"pass_count":10,"h":[["2024-02-29T00:00:00+00:00",1,1,3],["2024-04-01T00:00:00+00:00",1,1,0],["2024-05-03T00:00:00+00:00",1,1,0],["2024-07-06T00:00:00+00:00",1,1,0],["2024-09-06T00:00:00+00:00",1,1,0],["2024-12-01T00:00:00+00:00",1,1,0],["2025-02-25T00:00:00+00:00",1,1,0],["2025-04-04T00:00:00+00:00",1,1,0],["2025-07-08T00:00:00+00:00",1,1,0],["2025-09-23T00:00:00+00:00",1,1,0]]},"geometry":{"type":"Point","coordinates":[34.501576,31.507917]}},{"type":"Feature","properties":{"site_id":26,"event_code":"CE20231007PSE","latest_date":"2025-09-23T00:00:00+00:00","latest_class":1,"pass_count":10,"h":[["2024-02-29T00:00:00+00:00",1,1,3],["2024-04-01T00:00:00+00:00",1,1,0],["2024-05-03T00:00:00+00:00",1,1,0],["2024-07-06T00:00:00+00:00",1,1,0],["2024-09-06T00:00:00+00:00",1,1,0],["2024-12-01T00:00:00+00:00",1,1,0],["2025-02-25T00:00:00+00:00",1,1,0],["2025-04-04T00:00:00+00:00",1,1,0],["2025-07-08T00:00:00+00:00",1,1,0],["2025-09-23T00:00:00+00:00",1,1,0]]},"geometry":{"type":"Point","coordinates":[34.501855,31.505406]}},{"type":"Feature","properties":{"site_id":26,"event_code":"CE20231007PSE","latest_date":"2025-09-23T00:00:00+00:00","latest_class":1,"pass_count":10,"h":[["2024-02-29T00:00:00+00:00",1,1,3],["2024-04-01T00:00:00+00:00",1,1,0],["2024-05-03T00:00:00+00:00",1,1,0],["2024-07-06T00:00:00+00:00",1,1,0],["2024-09-06T00:00:00+00:00",1,1,0],["2024-12-01T00:00:00+00:00",1,1,0],["2025-02-25T00:00:00+00:00",1,1,0],["2025-04-04T00:00:00+00:00",1,1,0],["2025-07-08T00:00:00+00:00",1,1,0],["2025-09-23T00:00:00+00:00",1,1,0]]},"geometry":{"type":"Point","coordinates":[34.501599,31.50528]}},{"type":"Feature","properties":{"site_id":26,"event_code":"CE20231007PSE","latest_date":"2025-09-23T00:00:00+00:00","latest_class":1,"pass_count":10,"h":[["2024-02-29T00:00:00+00:00",1,1,3],["2024-04-01T00:00:00+00:00",1,1,0],["2024-05-03T00:00:00+00:00",1,1,0],["2024-07-06T00:00:00+00:00",1,1,0],["2024-09-06T00:00:00+00:00",1,1,0],["2024-12-01T00:00:00+00:00",1,1,0],["2025-02-25T00:00:00+00:00",1,1,0],["2025-04-04T00:00:00+00:00",1,1,0],["2025-07-08T00:00:00+00:00",1,1,0],["2025-09-23T00:00:00+00:00",1,1,0]]},"geometry":{"type":"Point","coordinates":[34.502847,31.509661]}},{"type":"Feature","properties":{"site_id":26,"event_code":"CE20231007PSE","latest_date":"2025-09-23T00:00:00+00:00","latest_class":2,"pass_count":10,"h":[["2024-02-29T00:00:00+00:00",2,2,3],["2024-04-01T00:00:00+00:00",2,2,0],["2024-05-03T00:00:00+00:00",2,2,0],["2024-07-06T00:00:00+00:00",2,2,0],["2024-09-06T00:00:00+00:00",2,2,0],["2024-12-01T00:00:00+00:00",2,2,0],["2025-02-25T00:00:00+00:00",2,2,0],["2025-04-04T00:00:00+00:00",2,2,0],["2025-07-08T00:00:00+00:00",2,2,0],["2025-09-23T00:00:00+00:00",2,2,0]]},"geometry":{"type":"Point","coordinates":[34.502747,31.509551]}},{"type":"Feature","properties":{"site_id":26,"event_code":"CE20231007PSE","latest_date":"2025-09-23T00:00:00+00:00","latest_class":1,"pass_count":10,"h":[["2024-02-29T00:00:00+00:00",1,1,3],["2024-04-01T00:00:00+00:00",1,1,0],["2024-05-03T00:00:00+00:00",1,1,0],["2024-07-06T00:00:00+00:00",1,1,0],["2024-09-06T00:00:00+00:00",1,1,0],["2024-12-01T00:00:00+00:00",1,1,0],["2025-02-25T00:00:00+00:00",1,1,0],["2025-04-04T00:00:00+00:00",1,1,0],["2025-07-08T00:00:00+00:00",1,1,0],["2025-09-23T00:00:00+00:00",1,1,0]]},"geometry":{"type":"Point","coordinates":[34.501672,31.511307]}},{"type":"Feature","properties":{"site_id":26,"event_code":"CE20231007PSE","latest_date":"2025-09-23T00:00:00+00:00","latest_class":1,"pass_count":10,"h":[["2024-02-29T00:00:00+00:00",1,1,3],["2024-04-01T00:00:00+00:00",1,1,0],["2024-05-03T00:00:00+00:00",1,1,0],["2024-07-06T00:00:00+00:00",1,1,0],["2024-09-06T00:00:00+00:00",1,1,0],["2024-12-01T00:00:00+00:00",1,1,0],["2025-02-25T00:00:00+00:00",1,1,0],["2025-04-04T00:00:00+00:00",1,1,0],["2025-07-08T00:00:00+00:00",1,1,0],["2025-09-23T00:00:00+00:00",1,1,0]]},"geometry":{"type":"Point","coordinates":[34.504109,31.510769]}},{"type":"Feature","properties":{"site_id":26,"event_code":"CE20231007PSE","latest_date":"2025-09-23T00:00:00+00:00","latest_class":1,"pass_count":10,"h":[["2024-02-29T00:00:00+00:00",1,1,3],["2024-04-01T00:00:00+00:00",1,1,0],["2024-05-03T00:00:00+00:00",1,1,0],["2024-07-06T00:00:00+00:00",1,1,0],["2024-09-06T00:00:00+00:00",1,1,0],["2024-12-01T00:00:00+00:00",1,1,0],["2025-02-25T00:00:00+00:00",1,1,0],["2025-04-04T00:00:00+00:00",1,1,0],["2025-07-08T00:00:00+00:00",1,1,0],["2025-09-23T00:00:00+00:00",1,1,0]]},"geometry":{"type":"Point","coordinates":[34.505304,31.510523]}},{"type":"Feature","properties":{"site_id":26,"event_code":"CE20231007PSE","latest_date":"2025-09-23T00:00:00+00:00","latest_class":1,"pass_count":10,"h":[["2024-02-29T00:00:00+00:00",1,1,3],["2024-04-01T00:00:00+00:00",1,1,0],["2024-05-03T00:00:00+00:00",1,1,0],["2024-07-06T00:00:00+00:00",1,1,0],["2024-09-06T00:00:00+00:00",1,1,0],["2024-12-01T00:00:00+00:00",1,1,0],["2025-02-25T00:00:00+00:00",1,1,0],["2025-04-04T00:00:00+00:00",1,1,0],["2025-07-08T00:00:00+00:00",1,1,0],["2025-09-23T00:00:00+00:00",1,1,0]]},"geometry":{"type":"Point","coordinates":[34.504985,31.511479]}},{"type":"Feature","properties":{"site_id":26,"event_code":"CE20231007PSE","latest_date":"2025-09-23T00:00:00+00:00","latest_class":1,"pass_count":10,"h":[["2024-02-29T00:00:00+00:00",1,1,3],["2024-04-01T00:00:00+00:00",1,1,0],["2024-05-03T00:00:00+00:00",1,1,0],["2024-07-06T00:00:00+00:00",1,1,0],["2024-09-06T00:00:00+00:00",1,1,0],["2024-12-01T00:00:00+00:00",1,1,0],["2025-02-25T00:00:00+00:00",1,1,0],["2025-04-04T00:00:00+00:00",1,1,0],["2025-07-08T00:00:00+00:00",1,1,0],["2025-09-23T00:00:00+00:00",1,1,0]]},"geometry":{"type":"Point","coordinates":[34.504817,31.511608]}},{"type":"Feature","properties":{"site_id":26,"event_code":"CE20231007PSE","latest_date":"2025-09-23T00:00:00+00:00","latest_class":1,"pass_count":10,"h":[["2024-02-29T00:00:00+00:00",1,1,3],["2024-04-01T00:00:00+00:00",1,1,0],["2024-05-03T00:00:00+00:00",1,1,0],["2024-07-06T00:00:00+00:00",1,1,0],["2024-09-06T00:00:00+00:00",1,1,0],["2024-12-01T00:00:00+00:00",1,1,0],["2025-02-25T00:00:00+00:00",1,1,0],["2025-04-04T00:00:00+00:00",1,1,0],["2025-07-08T00:00:00+00:00",1,1,0],["2025-09-23T00:00:00+00:00",1,1,0]]},"geometry":{"type":"Point","coordinates":[34.504701,31.510801]}},{"type":"Feature","properties":{"site_id":26,"event_code":"CE20231007PSE","latest_date":"2025-09-23T00:00:00+00:00","latest_class":1,"pass_count":10,"h":[["2024-02-29T00:00:00+00:00",1,1,3],["2024-04-01T00:00:00+00:00",1,1,0],["2024-05-03T00:00:00+00:00",1,1,0],["2024-07-06T00:00:00+00:00",1,1,0],["2024-09-06T00:00:00+00:00",1,1,0],["2024-12-01T00:00:00+00:00",1,1,0],["2025-02-25T00:00:00+00:00",1,1,0],["2025-04-04T00:00:00+00:00",1,1,0],["2025-07-08T00:00:00+00:00",1,1,0],["2025-09-23T00:00:00+00:00",1,1,0]]},"geometry":{"type":"Point","coordinates":[34.504839,31.510964]}},{"type":"Feature","properties":{"site_id":26,"event_code":"CE20231007PSE","latest_date":"2025-09-23T00:00:00+00:00","latest_class":1,"pass_count":10,"h":[["2024-02-29T00:00:00+00:00",2,1,3],["2024-04-01T00:00:00+00:00",2,1,0],["2024-05-03T00:00:00+00:00",2,1,0],["2024-07-06T00:00:00+00:00",2,1,0],["2024-09-06T00:00:00+00:00",2,1,0],["2024-12-01T00:00:00+00:00",2,1,0],["2025-02-25T00:00:00+00:00",2,1,0],["2025-04-04T00:00:00+00:00",2,1,0],["2025-07-08T00:00:00+00:00",1,1,1],["2025-09-23T00:00:00+00:00",1,1,0]]},"geometry":{"type":"Point","coordinates":[34.505411,31.510128]}},{"type":"Feature","properties":{"site_id":26,"event_code":"CE20231007PSE","latest_date":"2025-09-23T00:00:00+00:00","latest_class":1,"pass_count":10,"h":[["2024-02-29T00:00:00+00:00",1,1,3],["2024-04-01T00:00:00+00:00",1,1,0],["2024-05-03T00:00:00+00:00",1,1,0],["2024-07-06T00:00:00+00:00",1,1,0],["2024-09-06T00:00:00+00:00",1,1,0],["2024-12-01T00:00:00+00:00",1,1,0],["2025-02-25T00:00:00+00:00",1,1,0],["2025-04-04T00:00:00+00:00",1,1,0],["2025-07-08T00:00:00+00:00",1,1,0],["2025-09-23T00:00:00+00:00",1,1,0]]},"geometry":{"type":"Point","coordinates":[34.5057,31.510096]}},{"type":"Feature","properties":{"site_id":26,"event_code":"CE20231007PSE","latest_date":"2025-09-23T00:00:00+00:00","latest_class":1,"pass_count":10,"h":[["2024-02-29T00:00:00+00:00",1,1,3],["2024-04-01T00:00:00+00:00",1,1,0],["2024-05-03T00:00:00+00:00",1,1,0],["2024-07-06T00:00:00+00:00",1,1,0],["2024-09-06T00:00:00+00:00",1,1,0],["2024-12-01T00:00:00+00:00",1,1,0],["2025-02-25T00:00:00+00:00",1,1,0],["2025-04-04T00:00:00+00:00",1,1,0],["2025-07-08T00:00:00+00:00",1,1,0],["2025-09-23T00:00:00+00:00",1,1,0]]},"geometry":{"type":"Point","coordinates":[34.505264,31.511824]}},{"type":"Feature","properties":{"site_id":26,"event_code":"CE20231007PSE","latest_date":"2025-09-23T00:00:00+00:00","latest_class":1,"pass_count":10,"h":[["2024-02-29T00:00:00+00:00",1,1,3],["2024-04-01T00:00:00+00:00",1,1,0],["2024-05-03T00:00:00+00:00",1,1,0],["2024-07-06T00:00:00+00:00",1,1,0],["2024-09-06T00:00:00+00:00",1,1,0],["2024-12-01T00:00:00+00:00",1,1,0],["2025-02-25T00:00:00+00:00",1,1,0],["2025-04-04T00:00:00+00:00",1,1,0],["2025-07-08T00:00:00+00:00",1,1,0],["2025-09-23T00:00:00+00:00",1,1,0]]},"geometry":{"type":"Point","coordinates":[34.504438,31.509007]}},{"type":"Feature","properties":{"site_id":26,"event_code":"CE20231007PSE","latest_date":"2025-09-23T00:00:00+00:00","latest_class":1,"pass_count":10,"h":[["2024-02-29T00:00:00+00:00",1,1,3],["2024-04-01T00:00:00+00:00",1,1,0],["2024-05-03T00:00:00+00:00",1,1,0],["2024-07-06T00:00:00+00:00",1,1,0],["2024-09-06T00:00:00+00:00",1,1,0],["2024-12-01T00:00:00+00:00",1,1,0],["2025-02-25T00:00:00+00:00",1,1,0],["2025-04-04T00:00:00+00:00",1,1,0],["2025-07-08T00:00:00+00:00",1,1,0],["2025-09-23T00:00:00+00:00",1,1,0]]},"geometry":{"type":"Point","coordinates":[34.505872,31.508022]}},{"type":"Feature","properties":{"site_id":26,"event_code":"CE20231007PSE","latest_date":"2025-09-23T00:00:00+00:00","latest_class":1,"pass_count":10,"h":[["2024-02-29T00:00:00+00:00",1,1,3],["2024-04-01T00:00:00+00:00",1,1,0],["2024-05-03T00:00:00+00:00",1,1,0],["2024-07-06T00:00:00+00:00",1,1,0],["2024-09-06T00:00:00+00:00",1,1,0],["2024-12-01T00:00:00+00:00",1,1,0],["2025-02-25T00:00:00+00:00",1,1,0],["2025-04-04T00:00:00+00:00",1,1,0],["2025-07-08T00:00:00+00:00",1,1,0],["2025-09-23T00:00:00+00:00",1,1,0]]},"geometry":{"type":"Point","coordinates":[34.503499,31.507953]}},{"type":"Feature","properties":{"site_id":26,"event_code":"CE20231007PSE","latest_date":"2025-09-23T00:00:00+00:00","latest_class":2,"pass_count":10,"h":[["2024-02-29T00:00:00+00:00",2,2,3],["2024-04-01T00:00:00+00:00",2,2,0],["2024-05-03T00:00:00+00:00",2,2,0],["2024-07-06T00:00:00+00:00",2,2,0],["2024-09-06T00:00:00+00:00",2,2,0],["2024-12-01T00:00:00+00:00",2,2,0],["2025-02-25T00:00:00+00:00",2,2,0],["2025-04-04T00:00:00+00:00",2,2,0],["2025-07-08T00:00:00+00:00",2,2,0],["2025-09-23T00:00:00+00:00",2,2,0]]},"geometry":{"type":"Point","coordinates":[34.504175,31.50624]}},{"type":"Feature","properties":{"site_id":26,"event_code":"CE20231007PSE","latest_date":"2025-09-22T00:00:00+00:00","latest_class":2,"pass_count":11,"h":[["2024-01-06T00:00:00+00:00",2,1,3],["2024-02-29T00:00:00+00:00",2,1,0],["2024-04-01T00:00:00+00:00",2,1,0],["2024-05-03T00:00:00+00:00",2,1,0],["2024-07-06T00:00:00+00:00",2,1,0],["2024-09-06T00:00:00+00:00",2,1,0],["2024-12-01T00:00:00+00:00",2,1,0],["2025-02-25T00:00:00+00:00",2,1,0],["2025-04-04T00:00:00+00:00",2,1,0],["2025-07-08T00:00:00+00:00",2,1,0],["2025-09-22T00:00:00+00:00",2,1,0]]},"geometry":{"type":"Point","coordinates":[34.51073,31.507166]}},{"type":"Feature","properties":{"site_id":26,"event_code":"CE20231007PSE","latest_date":"2025-09-23T00:00:00+00:00","latest_class":1,"pass_count":14,"h":[["2023-10-15T00:00:00+00:00",3,2,null],["2023-11-07T00:00:00+00:00",3,2,0],["2023-11-26T00:00:00+00:00",3,2,0],["2024-01-06T00:00:00+00:00",3,2,0],["2024-02-29T00:00:00+00:00",3,2,0],["2024-04-01T00:00:00+00:00",3,2,0],["2024-05-03T00:00:00+00:00",3,2,0],["2024-07-06T00:00:00+00:00",3,2,0],["2024-09-06T00:00:00+00:00",3,2,0],["2024-12-01T00:00:00+00:00",3,2,0],["2025-02-25T00:00:00+00:00",3,2,0],["2025-04-04T00:00:00+00:00",3,2,0],["2025-07-08T00:00:00+00:00",1,1,1],["2025-09-23T00:00:00+00:00",1,1,0]]},"geometry":{"type":"Point","coordinates":[34.502554,31.512188]}},{"type":"Feature","properties":{"site_id":26,"event_code":"CE20231007PSE","latest_date":"2025-09-23T00:00:00+00:00","latest_class":1,"pass_count":14,"h":[["2023-10-15T00:00:00+00:00",2,1,null],["2023-11-07T00:00:00+00:00",2,1,0],["2023-11-26T00:00:00+00:00",2,1,0],["2024-01-06T00:00:00+00:00",2,1,0],["2024-02-29T00:00:00+00:00",1,1,1],["2024-04-01T00:00:00+00:00",1,1,0],["2024-05-03T00:00:00+00:00",1,1,0],["2024-07-06T00:00:00+00:00",1,1,0],["2024-09-06T00:00:00+00:00",1,1,0],["2024-12-01T00:00:00+00:00",1,1,0],["2025-02-25T00:00:00+00:00",1,1,0],["2025-04-04T00:00:00+00:00",1,1,0],["2025-07-08T00:00:00+00:00",1,1,0],["2025-09-23T00:00:00+00:00",1,1,0]]},"geometry":{"type":"Point","coordinates":[34.503343,31.513036]}},{"type":"Feature","properties":{"site_id":26,"event_code":"CE20231007PSE","latest_date":"2025-09-23T00:00:00+00:00","latest_class":1,"pass_count":14,"h":[["2023-10-15T00:00:00+00:00",1,1,null],["2023-11-07T00:00:00+00:00",1,1,0],["2023-11-26T00:00:00+00:00",1,1,0],["2024-01-06T00:00:00+00:00",1,1,0],["2024-02-29T00:00:00+00:00",1,1,0],["2024-04-01T00:00:00+00:00",1,1,0],["2024-05-03T00:00:00+00:00",1,1,0],["2024-07-06T00:00:00+00:00",1,1,0],["2024-09-06T00:00:00+00:00",1,1,0],["2024-12-01T00:00:00+00:00",1,1,0],["2025-02-25T00:00:00+00:00",1,1,0],["2025-04-04T00:00:00+00:00",1,1,0],["2025-07-08T00:00:00+00:00",1,1,0],["2025-09-23T00:00:00+00:00",1,1,0]]},"geometry":{"type":"Point","coordinates":[34.50316,31.512625]}},{"type":"Feature","properties":{"site_id":26,"event_code":"CE20231007PSE","latest_date":"2025-09-23T00:00:00+00:00","latest_class":1,"pass_count":14,"h":[["2023-10-15T00:00:00+00:00",3,2,null],["2023-11-07T00:00:00+00:00",3,2,0],["2023-11-26T00:00:00+00:00",3,2,0],["2024-01-06T00:00:00+00:00",3,2,0],["2024-02-29T00:00:00+00:00",2,2,1],["2024-04-01T00:00:00+00:00",2,2,0],["2024-05-03T00:00:00+00:00",2,2,0],["2024-07-06T00:00:00+00:00",2,2,0],["2024-09-06T00:00:00+00:00",2,2,0],["2024-12-01T00:00:00+00:00",2,2,0],["2025-02-25T00:00:00+00:00",2,2,0],["2025-04-04T00:00:00+00:00",2,2,0],["2025-07-08T00:00:00+00:00",1,1,1],["2025-09-23T00:00:00+00:00",1,1,0]]},"geometry":{"type":"Point","coordinates":[34.502787,31.512817]}},{"type":"Feature","properties":{"site_id":26,"event_code":"CE20231007PSE","latest_date":"2025-09-23T00:00:00+00:00","latest_class":1,"pass_count":10,"h":[["2024-02-29T00:00:00+00:00",1,1,3],["2024-04-01T00:00:00+00:00",1,1,0],["2024-05-03T00:00:00+00:00",1,1,0],["2024-07-06T00:00:00+00:00",1,1,0],["2024-09-06T00:00:00+00:00",1,1,0],["2024-12-01T00:00:00+00:00",1,1,0],["2025-02-25T00:00:00+00:00",1,1,0],["2025-04-04T00:00:00+00:00",1,1,0],["2025-07-08T00:00:00+00:00",1,1,0],["2025-09-23T00:00:00+00:00",1,1,0]]},"geometry":{"type":"Point","coordinates":[34.503529,31.513228]}},{"type":"Feature","properties":{"site_id":26,"event_code":"CE20231007PSE","latest_date":"2025-09-23T00:00:00+00:00","latest_class":1,"pass_count":14,"h":[["2023-10-15T00:00:00+00:00",3,2,null],["2023-11-07T00:00:00+00:00",3,2,0],["2023-11-26T00:00:00+00:00",3,2,0],["2024-01-06T00:00:00+00:00",1,1,1],["2024-02-29T00:00:00+00:00",1,1,0],["2024-04-01T00:00:00+00:00",1,1,0],["2024-05-03T00:00:00+00:00",1,1,0],["2024-07-06T00:00:00+00:00",1,1,0],["2024-09-06T00:00:00+00:00",1,1,0],["2024-12-01T00:00:00+00:00",1,1,0],["2025-02-25T00:00:00+00:00",1,1,0],["2025-04-04T00:00:00+00:00",1,1,0],["2025-07-08T00:00:00+00:00",1,1,0],["2025-09-23T00:00:00+00:00",1,1,0]]},"geometry":{"type":"Point","coordinates":[34.490188,31.494382]}},{"type":"Feature","properties":{"site_id":26,"event_code":"CE20231007PSE","latest_date":"2025-09-23T00:00:00+00:00","latest_class":1,"pass_count":11,"h":[["2024-01-06T00:00:00+00:00",1,1,3],["2024-02-29T00:00:00+00:00",1,1,0],["2024-04-01T00:00:00+00:00",1,1,0],["2024-05-03T00:00:00+00:00",1,1,0],["2024-07-06T00:00:00+00:00",1,1,0],["2024-09-06T00:00:00+00:00",1,1,0],["2024-12-01T00:00:00+00:00",1,1,0],["2025-02-25T00:00:00+00:00",1,1,0],["2025-04-04T00:00:00+00:00",1,1,0],["2025-07-08T00:00:00+00:00",1,1,0],["2025-09-23T00:00:00+00:00",1,1,0]]},"geometry":{"type":"Point","coordinates":[34.501567,31.499296]}},{"type":"Feature","properties":{"site_id":26,"event_code":"CE20231007PSE","latest_date":"2025-09-23T00:00:00+00:00","latest_class":1,"pass_count":11,"h":[["2024-01-06T00:00:00+00:00",1,1,3],["2024-02-29T00:00:00+00:00",1,1,0],["2024-04-01T00:00:00+00:00",1,1,0],["2024-05-03T00:00:00+00:00",1,1,0],["2024-07-06T00:00:00+00:00",1,1,0],["2024-09-06T00:00:00+00:00",1,1,0],["2024-12-01T00:00:00+00:00",1,1,0],["2025-02-25T00:00:00+00:00",1,1,0],["2025-04-04T00:00:00+00:00",1,1,0],["2025-07-08T00:00:00+00:00",1,1,0],["2025-09-23T00:00:00+00:00",1,1,0]]},"geometry":{"type":"Point","coordinates":[34.50136,31.499622]}},{"type":"Feature","properties":{"site_id":26,"event_code":"CE20231007PSE","latest_date":"2025-09-23T00:00:00+00:00","latest_class":1,"pass_count":5,"h":[["2024-12-01T00:00:00+00:00",1,1,3],["2025-02-25T00:00:00+00:00",1,1,0],["2025-04-04T00:00:00+00:00",1,1,0],["2025-07-08T00:00:00+00:00",1,1,0],["2025-09-23T00:00:00+00:00",1,1,0]]},"geometry":{"type":"Point","coordinates":[34.499375,31.499783]}},{"type":"Feature","properties":{"site_id":26,"event_code":"CE20231007PSE","latest_date":"2025-09-23T00:00:00+00:00","latest_class":1,"pass_count":5,"h":[["2024-12-01T00:00:00+00:00",1,1,3],["2025-02-25T00:00:00+00:00",1,1,0],["2025-04-04T00:00:00+00:00",1,1,0],["2025-07-08T00:00:00+00:00",1,1,0],["2025-09-23T00:00:00+00:00",1,1,0]]},"geometry":{"type":"Point","coordinates":[34.498516,31.499726]}},{"type":"Feature","properties":{"site_id":26,"event_code":"CE20231007PSE","latest_date":"2025-09-23T00:00:00+00:00","latest_class":1,"pass_count":5,"h":[["2024-12-01T00:00:00+00:00",1,1,3],["2025-02-25T00:00:00+00:00",1,1,0],["2025-04-04T00:00:00+00:00",1,1,0],["2025-07-08T00:00:00+00:00",1,1,0],["2025-09-23T00:00:00+00:00",1,1,0]]},"geometry":{"type":"Point","coordinates":[34.49847,31.500362]}},{"type":"Feature","properties":{"site_id":26,"event_code":"CE20231007PSE","latest_date":"2025-09-23T00:00:00+00:00","latest_class":1,"pass_count":5,"h":[["2024-12-01T00:00:00+00:00",1,1,3],["2025-02-25T00:00:00+00:00",1,1,0],["2025-04-04T00:00:00+00:00",1,1,0],["2025-07-08T00:00:00+00:00",1,1,0],["2025-09-23T00:00:00+00:00",1,1,0]]},"geometry":{"type":"Point","coordinates":[34.49812,31.500568]}},{"type":"Feature","properties":{"site_id":26,"event_code":"CE20231007PSE","latest_date":"2025-09-23T00:00:00+00:00","latest_class":1,"pass_count":5,"h":[["2024-12-01T00:00:00+00:00",1,1,3],["2025-02-25T00:00:00+00:00",1,1,0],["2025-04-04T00:00:00+00:00",1,1,0],["2025-07-08T00:00:00+00:00",1,1,0],["2025-09-23T00:00:00+00:00",1,1,0]]},"geometry":{"type":"Point","coordinates":[34.498934,31.499633]}},{"type":"Feature","properties":{"site_id":26,"event_code":"CE20231007PSE","latest_date":"2025-09-23T00:00:00+00:00","latest_class":1,"pass_count":5,"h":[["2024-12-01T00:00:00+00:00",1,1,3],["2025-02-25T00:00:00+00:00",1,1,0],["2025-04-04T00:00:00+00:00",1,1,0],["2025-07-08T00:00:00+00:00",1,1,0],["2025-09-23T00:00:00+00:00",1,1,0]]},"geometry":{"type":"Point","coordinates":[34.498716,31.500164]}},{"type":"Feature","properties":{"site_id":26,"event_code":"CE20231007PSE","latest_date":"2025-09-23T00:00:00+00:00","latest_class":4,"pass_count":14,"h":[["2023-10-15T00:00:00+00:00",4,3,null],["2023-11-07T00:00:00+00:00",4,3,0],["2023-11-26T00:00:00+00:00",4,3,0],["2024-01-06T00:00:00+00:00",4,3,0],["2024-02-29T00:00:00+00:00",4,3,0],["2024-04-01T00:00:00+00:00",4,3,0],["2024-05-03T00:00:00+00:00",4,3,0],["2024-07-06T00:00:00+00:00",4,3,0],["2024-09-06T00:00:00+00:00",4,3,0],["2024-12-01T00:00:00+00:00",4,3,0],["2025-02-25T00:00:00+00:00",4,3,0],["2025-04-04T00:00:00+00:00",4,3,0],["2025-07-08T00:00:00+00:00",4,3,0],["2025-09-23T00:00:00+00:00",4,3,0]]},"geometry":{"type":"Point","coordinates":[34.5032,31.512724]}},{"type":"Feature","properties":{"site_id":26,"event_code":"CE20231007PSE","latest_date":"2025-09-23T00:00:00+00:00","latest_class":4,"pass_count":11,"h":[["2024-01-06T00:00:00+00:00",4,3,3],["2024-02-29T00:00:00+00:00",4,3,0],["2024-04-01T00:00:00+00:00",4,3,0],["2024-05-03T00:00:00+00:00",4,3,0],["2024-07-06T00:00:00+00:00",4,3,0],["2024-09-06T00:00:00+00:00",4,3,0],["2024-12-01T00:00:00+00:00",4,3,0],["2025-02-25T00:00:00+00:00",4,3,0],["2025-04-04T00:00:00+00:00",4,3,0],["2025-07-08T00:00:00+00:00",4,3,0],["2025-09-23T00:00:00+00:00",4,3,0]]},"geometry":{"type":"Point","coordinates":[34.485635,31.495355]}},{"type":"Feature","properties":{"site_id":26,"event_code":"CE20231007PSE","latest_date":"2025-09-23T00:00:00+00:00","latest_class":4,"pass_count":11,"h":[["2024-01-06T00:00:00+00:00",4,3,3],["2024-02-29T00:00:00+00:00",4,3,0],["2024-04-01T00:00:00+00:00",4,3,0],["2024-05-03T00:00:00+00:00",4,3,0],["2024-07-06T00:00:00+00:00",4,3,0],["2024-09-06T00:00:00+00:00",4,3,0],["2024-12-01T00:00:00+00:00",4,3,0],["2025-02-25T00:00:00+00:00",4,3,0],["2025-04-04T00:00:00+00:00",4,3,0],["2025-07-08T00:00:00+00:00",4,3,0],["2025-09-23T00:00:00+00:00",4,3,0]]},"geometry":{"type":"Point","coordinates":[34.501169,31.510525]}},{"type":"Feature","properties":{"site_id":26,"event_code":"CE20231007PSE","latest_date":"2025-09-23T00:00:00+00:00","latest_class":4,"pass_count":14,"h":[["2023-10-15T00:00:00+00:00",4,3,null],["2023-11-07T00:00:00+00:00",4,3,0],["2023-11-26T00:00:00+00:00",4,3,0],["2024-01-06T00:00:00+00:00",4,3,0],["2024-02-29T00:00:00+00:00",4,3,0],["2024-04-01T00:00:00+00:00",4,3,0],["2024-05-03T00:00:00+00:00",4,3,0],["2024-07-06T00:00:00+00:00",4,3,0],["2024-09-06T00:00:00+00:00",4,3,0],["2024-12-01T00:00:00+00:00",4,3,0],["2025-02-25T00:00:00+00:00",4,3,0],["2025-04-04T00:00:00+00:00",4,3,0],["2025-07-08T00:00:00+00:00",4,3,0],["2025-09-23T00:00:00+00:00",4,3,0]]},"geometry":{"type":"Point","coordinates":[34.489539,31.494801]}},{"type":"Feature","properties":{"site_id":26,"event_code":"CE20231007PSE","latest_date":"2025-09-23T00:00:00+00:00","latest_class":4,"pass_count":11,"h":[["2024-01-06T00:00:00+00:00",4,3,3],["2024-02-29T00:00:00+00:00",4,3,0],["2024-04-01T00:00:00+00:00",4,3,0],["2024-05-03T00:00:00+00:00",4,3,0],["2024-07-06T00:00:00+00:00",4,3,0],["2024-09-06T00:00:00+00:00",4,3,0],["2024-12-01T00:00:00+00:00",4,3,0],["2025-02-25T00:00:00+00:00",4,3,0],["2025-04-04T00:00:00+00:00",4,3,0],["2025-07-08T00:00:00+00:00",4,3,0],["2025-09-23T00:00:00+00:00",4,3,0]]},"geometry":{"type":"Point","coordinates":[34.488599,31.495277]}},{"type":"Feature","properties":{"site_id":26,"event_code":"CE20231007PSE","latest_date":"2025-09-23T00:00:00+00:00","latest_class":4,"pass_count":14,"h":[["2023-10-15T00:00:00+00:00",4,3,null],["2023-11-07T00:00:00+00:00",4,3,0],["2023-11-26T00:00:00+00:00",4,3,0],["2024-01-06T00:00:00+00:00",4,3,0],["2024-02-29T00:00:00+00:00",4,3,0],["2024-04-01T00:00:00+00:00",4,3,0],["2024-05-03T00:00:00+00:00",4,3,0],["2024-07-06T00:00:00+00:00",4,3,0],["2024-09-06T00:00:00+00:00",4,3,0],["2024-12-01T00:00:00+00:00",4,3,0],["2025-02-25T00:00:00+00:00",4,3,0],["2025-04-04T00:00:00+00:00",4,3,0],["2025-07-08T00:00:00+00:00",4,3,0],["2025-09-23T00:00:00+00:00",4,3,0]]},"geometry":{"type":"Point","coordinates":[34.489608,31.494908]}},{"type":"Feature","properties":{"site_id":26,"event_code":"CE20231007PSE","latest_date":"2025-09-23T00:00:00+00:00","latest_class":4,"pass_count":11,"h":[["2024-01-06T00:00:00+00:00",4,3,3],["2024-02-29T00:00:00+00:00",4,3,0],["2024-04-01T00:00:00+00:00",4,3,0],["2024-05-03T00:00:00+00:00",4,3,0],["2024-07-06T00:00:00+00:00",4,3,0],["2024-09-06T00:00:00+00:00",4,3,0],["2024-12-01T00:00:00+00:00",4,3,0],["2025-02-25T00:00:00+00:00",4,3,0],["2025-04-04T00:00:00+00:00",4,3,0],["2025-07-08T00:00:00+00:00",4,3,0],["2025-09-23T00:00:00+00:00",4,3,0]]},"geometry":{"type":"Point","coordinates":[34.485901,31.49533]}},{"type":"Feature","properties":{"site_id":26,"event_code":"CE20231007PSE","latest_date":"2025-09-22T00:00:00+00:00","latest_class":4,"pass_count":11,"h":[["2024-01-06T00:00:00+00:00",4,3,3],["2024-02-29T00:00:00+00:00",4,3,0],["2024-04-01T00:00:00+00:00",4,3,0],["2024-05-03T00:00:00+00:00",4,3,0],["2024-07-06T00:00:00+00:00",4,3,0],["2024-09-06T00:00:00+00:00",4,3,0],["2024-12-01T00:00:00+00:00",4,3,0],["2025-02-25T00:00:00+00:00",4,3,0],["2025-04-04T00:00:00+00:00",4,3,0],["2025-07-08T00:00:00+00:00",4,3,0],["2025-09-22T00:00:00+00:00",4,3,0]]},"geometry":{"type":"Point","coordinates":[34.483817,31.493486]}},{"type":"Feature","properties":{"site_id":26,"event_code":"CE20231007PSE","latest_date":"2025-09-23T00:00:00+00:00","latest_class":4,"pass_count":11,"h":[["2024-01-06T00:00:00+00:00",4,3,3],["2024-02-29T00:00:00+00:00",4,3,0],["2024-04-01T00:00:00+00:00",4,3,0],["2024-05-03T00:00:00+00:00",4,3,0],["2024-07-06T00:00:00+00:00",4,3,0],["2024-09-06T00:00:00+00:00",4,3,0],["2024-12-01T00:00:00+00:00",4,3,0],["2025-02-25T00:00:00+00:00",4,3,0],["2025-04-04T00:00:00+00:00",4,3,0],["2025-07-08T00:00:00+00:00",4,3,0],["2025-09-23T00:00:00+00:00",4,3,0]]},"geometry":{"type":"Point","coordinates":[34.502327,31.507106]}},{"type":"Feature","properties":{"site_id":26,"event_code":"CE20231007PSE","latest_date":"2025-09-23T00:00:00+00:00","latest_class":4,"pass_count":5,"h":[["2024-12-01T00:00:00+00:00",4,3,3],["2025-02-25T00:00:00+00:00",4,3,0],["2025-04-04T00:00:00+00:00",4,3,0],["2025-07-08T00:00:00+00:00",4,3,0],["2025-09-23T00:00:00+00:00",4,3,0]]},"geometry":{"type":"Point","coordinates":[34.498752,31.500233]}},{"type":"Feature","properties":{"site_id":26,"event_code":"CE20231007PSE","latest_date":"2025-09-23T00:00:00+00:00","latest_class":4,"pass_count":14,"h":[["2023-10-15T00:00:00+00:00",4,3,null],["2023-11-07T00:00:00+00:00",4,3,0],["2023-11-26T00:00:00+00:00",4,3,0],["2024-01-06T00:00:00+00:00",4,3,0],["2024-02-29T00:00:00+00:00",4,3,0],["2024-04-01T00:00:00+00:00",4,3,0],["2024-05-03T00:00:00+00:00",4,3,0],["2024-07-06T00:00:00+00:00",4,3,0],["2024-09-06T00:00:00+00:00",4,3,0],["2024-12-01T00:00:00+00:00",4,3,0],["2025-02-25T00:00:00+00:00",4,3,0],["2025-04-04T00:00:00+00:00",4,3,0],["2025-07-08T00:00:00+00:00",4,3,0],["2025-09-23T00:00:00+00:00",4,3,0]]},"geometry":{"type":"Point","coordinates":[34.487629,31.495178]}},{"type":"Feature","properties":{"site_id":26,"event_code":"CE20231007PSE","latest_date":"2025-09-23T00:00:00+00:00","latest_class":4,"pass_count":14,"h":[["2023-10-15T00:00:00+00:00",4,3,null],["2023-11-07T00:00:00+00:00",4,3,0],["2023-11-26T00:00:00+00:00",4,3,0],["2024-01-06T00:00:00+00:00",4,3,0],["2024-02-29T00:00:00+00:00",4,3,0],["2024-04-01T00:00:00+00:00",4,3,0],["2024-05-03T00:00:00+00:00",4,3,0],["2024-07-06T00:00:00+00:00",4,3,0],["2024-09-06T00:00:00+00:00",4,3,0],["2024-12-01T00:00:00+00:00",4,3,0],["2025-02-25T00:00:00+00:00",4,3,0],["2025-04-04T00:00:00+00:00",4,3,0],["2025-07-08T00:00:00+00:00",4,3,0],["2025-09-23T00:00:00+00:00",4,3,0]]},"geometry":{"type":"Point","coordinates":[34.487082,31.495324]}},{"type":"Feature","properties":{"site_id":26,"event_code":"CE20231007PSE","latest_date":"2025-09-23T00:00:00+00:00","latest_class":4,"pass_count":11,"h":[["2024-01-06T00:00:00+00:00",4,3,3],["2024-02-29T00:00:00+00:00",4,3,0],["2024-04-01T00:00:00+00:00",4,3,0],["2024-05-03T00:00:00+00:00",4,3,0],["2024-07-06T00:00:00+00:00",4,3,0],["2024-09-06T00:00:00+00:00",4,3,0],["2024-12-01T00:00:00+00:00",4,3,0],["2025-02-25T00:00:00+00:00",4,3,0],["2025-04-04T00:00:00+00:00",4,3,0],["2025-07-08T00:00:00+00:00",4,3,0],["2025-09-23T00:00:00+00:00",4,3,0]]},"geometry":{"type":"Point","coordinates":[34.48566,31.494278]}},{"type":"Feature","properties":{"site_id":26,"event_code":"CE20231007PSE","latest_date":"2025-09-23T00:00:00+00:00","latest_class":4,"pass_count":11,"h":[["2024-01-06T00:00:00+00:00",4,3,3],["2024-02-29T00:00:00+00:00",4,3,0],["2024-04-01T00:00:00+00:00",4,3,0],["2024-05-03T00:00:00+00:00",4,3,0],["2024-07-06T00:00:00+00:00",4,3,0],["2024-09-06T00:00:00+00:00",4,3,0],["2024-12-01T00:00:00+00:00",4,3,0],["2025-02-25T00:00:00+00:00",4,3,0],["2025-04-04T00:00:00+00:00",4,3,0],["2025-07-08T00:00:00+00:00",4,3,0],["2025-09-23T00:00:00+00:00",4,3,0]]},"geometry":{"type":"Point","coordinates":[34.486724,31.493535]}},{"type":"Feature","properties":{"site_id":26,"event_code":"CE20231007PSE","latest_date":"2025-09-23T00:00:00+00:00","latest_class":4,"pass_count":13,"h":[["2023-11-07T00:00:00+00:00",4,3,3],["2023-11-26T00:00:00+00:00",4,3,0],["2024-01-06T00:00:00+00:00",4,3,0],["2024-02-29T00:00:00+00:00",4,3,0],["2024-04-01T00:00:00+00:00",4,3,0],["2024-05-03T00:00:00+00:00",4,3,0],["2024-07-06T00:00:00+00:00",4,3,0],["2024-09-06T00:00:00+00:00",4,3,0],["2024-12-01T00:00:00+00:00",4,3,0],["2025-02-25T00:00:00+00:00",4,3,0],["2025-04-04T00:00:00+00:00",4,3,0],["2025-07-08T00:00:00+00:00",4,3,0],["2025-09-23T00:00:00+00:00",4,3,0]]},"geometry":{"type":"Point","coordinates":[34.48653,31.493654]}},{"type":"Feature","properties":{"site_id":26,"event_code":"CE20231007PSE","latest_date":"2025-09-23T00:00:00+00:00","latest_class":4,"pass_count":11,"h":[["2024-01-06T00:00:00+00:00",4,3,3],["2024-02-29T00:00:00+00:00",4,3,0],["2024-04-01T00:00:00+00:00",4,3,0],["2024-05-03T00:00:00+00:00",4,3,0],["2024-07-06T00:00:00+00:00",4,3,0],["2024-09-06T00:00:00+00:00",4,3,0],["2024-12-01T00:00:00+00:00",4,3,0],["2025-02-25T00:00:00+00:00",4,3,0],["2025-04-04T00:00:00+00:00",4,3,0],["2025-07-08T00:00:00+00:00",4,3,0],["2025-09-23T00:00:00+00:00",4,3,0]]},"geometry":{"type":"Point","coordinates":[34.4887,31.495021]}},{"type":"Feature","properties":{"site_id":26,"event_code":"CE20231007PSE","latest_date":"2025-09-23T00:00:00+00:00","latest_class":4,"pass_count":14,"h":[["2023-10-15T00:00:00+00:00",4,3,null],["2023-11-07T00:00:00+00:00",4,3,0],["2023-11-26T00:00:00+00:00",4,3,0],["2024-01-06T00:00:00+00:00",4,3,0],["2024-02-29T00:00:00+00:00",4,3,0],["2024-04-01T00:00:00+00:00",4,3,0],["2024-05-03T00:00:00+00:00",4,3,0],["2024-07-06T00:00:00+00:00",4,3,0],["2024-09-06T00:00:00+00:00",4,3,0],["2024-12-01T00:00:00+00:00",4,3,0],["2025-02-25T00:00:00+00:00",4,3,0],["2025-04-04T00:00:00+00:00",4,3,0],["2025-07-08T00:00:00+00:00",4,3,0],["2025-09-23T00:00:00+00:00",4,3,0]]},"geometry":{"type":"Point","coordinates":[34.503184,31.512895]}},{"type":"Feature","properties":{"site_id":26,"event_code":"CE20231007PSE","latest_date":"2025-09-23T00:00:00+00:00","latest_class":4,"pass_count":11,"h":[["2024-01-06T00:00:00+00:00",4,3,3],["2024-02-29T00:00:00+00:00",4,3,0],["2024-04-01T00:00:00+00:00",4,3,0],["2024-05-03T00:00:00+00:00",4,3,0],["2024-07-06T00:00:00+00:00",4,3,0],["2024-09-06T00:00:00+00:00",4,3,0],["2024-12-01T00:00:00+00:00",4,3,0],["2025-02-25T00:00:00+00:00",4,3,0],["2025-04-04T00:00:00+00:00",4,3,0],["2025-07-08T00:00:00+00:00",4,3,0],["2025-09-23T00:00:00+00:00",4,3,0]]},"geometry":{"type":"Point","coordinates":[34.492406,31.495555]}},{"type":"Feature","properties":{"site_id":26,"event_code":"CE20231007PSE","latest_date":"2025-09-23T00:00:00+00:00","latest_class":4,"pass_count":11,"h":[["2024-01-06T00:00:00+00:00",4,3,3],["2024-02-29T00:00:00+00:00",4,3,0],["2024-04-01T00:00:00+00:00",4,3,0],["2024-05-03T00:00:00+00:00",4,3,0],["2024-07-06T00:00:00+00:00",4,3,0],["2024-09-06T00:00:00+00:00",4,3,0],["2024-12-01T00:00:00+00:00",4,3,0],["2025-02-25T00:00:00+00:00",4,3,0],["2025-04-04T00:00:00+00:00",4,3,0],["2025-07-08T00:00:00+00:00",4,3,0],["2025-09-23T00:00:00+00:00",4,3,0]]},"geometry":{"type":"Point","coordinates":[34.487456,31.491985]}},{"type":"Feature","properties":{"site_id":26,"event_code":"CE20231007PSE","latest_date":"2025-09-23T00:00:00+00:00","latest_class":4,"pass_count":11,"h":[["2024-01-06T00:00:00+00:00",4,3,3],["2024-02-29T00:00:00+00:00",4,3,0],["2024-04-01T00:00:00+00:00",4,3,0],["2024-05-03T00:00:00+00:00",4,3,0],["2024-07-06T00:00:00+00:00",4,3,0],["2024-09-06T00:00:00+00:00",4,3,0],["2024-12-01T00:00:00+00:00",4,3,0],["2025-02-25T00:00:00+00:00",4,3,0],["2025-04-04T00:00:00+00:00",4,3,0],["2025-07-08T00:00:00+00:00",4,3,0],["2025-09-23T00:00:00+00:00",4,3,0]]},"geometry":{"type":"Point","coordinates":[34.487518,31.491911]}},{"type":"Feature","properties":{"site_id":26,"event_code":"CE20231007PSE","latest_date":"2025-09-23T00:00:00+00:00","latest_class":4,"pass_count":11,"h":[["2024-01-06T00:00:00+00:00",4,3,3],["2024-02-29T00:00:00+00:00",4,3,0],["2024-04-01T00:00:00+00:00",4,3,0],["2024-05-03T00:00:00+00:00",4,3,0],["2024-07-06T00:00:00+00:00",4,3,0],["2024-09-06T00:00:00+00:00",4,3,0],["2024-12-01T00:00:00+00:00",4,3,0],["2025-02-25T00:00:00+00:00",4,3,0],["2025-04-04T00:00:00+00:00",4,3,0],["2025-07-08T00:00:00+00:00",4,3,0],["2025-09-23T00:00:00+00:00",4,3,0]]},"geometry":{"type":"Point","coordinates":[34.487672,31.491825]}},{"type":"Feature","properties":{"site_id":26,"event_code":"CE20231007PSE","latest_date":"2025-09-23T00:00:00+00:00","latest_class":4,"pass_count":11,"h":[["2024-01-06T00:00:00+00:00",4,3,3],["2024-02-29T00:00:00+00:00",4,3,0],["2024-04-01T00:00:00+00:00",4,3,0],["2024-05-03T00:00:00+00:00",4,3,0],["2024-07-06T00:00:00+00:00",4,3,0],["2024-09-06T00:00:00+00:00",4,3,0],["2024-12-01T00:00:00+00:00",4,3,0],["2025-02-25T00:00:00+00:00",4,3,0],["2025-04-04T00:00:00+00:00",4,3,0],["2025-07-08T00:00:00+00:00",4,3,0],["2025-09-23T00:00:00+00:00",4,3,0]]},"geometry":{"type":"Point","coordinates":[34.501686,31.506489]}},{"type":"Feature","properties":{"site_id":26,"event_code":"CE20231007PSE","latest_date":"2025-09-23T00:00:00+00:00","latest_class":4,"pass_count":11,"h":[["2024-01-06T00:00:00+00:00",4,3,3],["2024-02-29T00:00:00+00:00",4,3,0],["2024-04-01T00:00:00+00:00",4,3,0],["2024-05-03T00:00:00+00:00",4,3,0],["2024-07-06T00:00:00+00:00",4,3,0],["2024-09-06T00:00:00+00:00",4,3,0],["2024-12-01T00:00:00+00:00",4,3,0],["2025-02-25T00:00:00+00:00",4,3,0],["2025-04-04T00:00:00+00:00",4,3,0],["2025-07-08T00:00:00+00:00",4,3,0],["2025-09-23T00:00:00+00:00",4,3,0]]},"geometry":{"type":"Point","coordinates":[34.506682,31.502781]}},{"type":"Feature","properties":{"site_id":26,"event_code":"CE20231007PSE","latest_date":"2025-09-23T00:00:00+00:00","latest_class":11,"pass_count":8,"h":[["2024-05-03T00:00:00+00:00",11,3,3],["2024-07-06T00:00:00+00:00",11,3,0],["2024-09-06T00:00:00+00:00",11,3,0],["2024-12-01T00:00:00+00:00",11,3,0],["2025-02-25T00:00:00+00:00",11,3,0],["2025-04-04T00:00:00+00:00",11,3,0],["2025-07-08T00:00:00+00:00",11,3,0],["2025-09-23T00:00:00+00:00",11,3,0]]},"geometry":{"type":"Point","coordinates":[34.486489,31.493106]}},{"type":"Feature","properties":{"site_id":26,"event_code":"CE20231007PSE","latest_date":"2025-09-23T00:00:00+00:00","latest_class":11,"pass_count":8,"h":[["2024-05-03T00:00:00+00:00",11,3,3],["2024-07-06T00:00:00+00:00",11,3,0],["2024-09-06T00:00:00+00:00",11,3,0],["2024-12-01T00:00:00+00:00",11,3,0],["2025-02-25T00:00:00+00:00",11,3,0],["2025-04-04T00:00:00+00:00",11,3,0],["2025-07-08T00:00:00+00:00",11,3,0],["2025-09-23T00:00:00+00:00",11,3,0]]},"geometry":{"type":"Point","coordinates":[34.489401,31.489944]}},{"type":"Feature","properties":{"site_id":26,"event_code":"CE20231007PSE","latest_date":"2025-09-22T00:00:00+00:00","latest_class":11,"pass_count":8,"h":[["2024-05-03T00:00:00+00:00",11,3,3],["2024-07-06T00:00:00+00:00",11,3,0],["2024-09-06T00:00:00+00:00",11,3,0],["2024-12-01T00:00:00+00:00",11,3,0],["2025-02-25T00:00:00+00:00",11,3,0],["2025-04-04T00:00:00+00:00",11,3,0],["2025-07-08T00:00:00+00:00",11,3,0],["2025-09-22T00:00:00+00:00",11,3,0]]},"geometry":{"type":"Point","coordinates":[34.487128,31.496533]}},{"type":"Feature","properties":{"site_id":26,"event_code":"CE20231007PSE","latest_date":"2025-09-23T00:00:00+00:00","latest_class":11,"pass_count":8,"h":[["2024-05-03T00:00:00+00:00",11,3,3],["2024-07-06T00:00:00+00:00",11,3,0],["2024-09-06T00:00:00+00:00",11,3,0],["2024-12-01T00:00:00+00:00",11,3,0],["2025-02-25T00:00:00+00:00",11,3,0],["2025-04-04T00:00:00+00:00",11,3,0],["2025-07-08T00:00:00+00:00",11,3,0],["2025-09-23T00:00:00+00:00",11,3,0]]},"geometry":{"type":"Point","coordinates":[34.486896,31.493414]}}]}