{"type":"FeatureCollection","metadata":{"source":"UNOSAT/OCHA, Gaza City Comprehensive Damage Assessment, 22-23 September 2025 release","geometry_status":"point_only","confidence":"high","notes":"Points are UNOSAT-assessed damage sites, not building footprints. h = [date, damage_class_code, confidence_id, status_code] per satellite pass, oldest first. See extract_unosat_gaza_city.py docstring for legend provenance.","territory":"Gaza Strip","governorate":"Gaza","municipality":"Gaza City","neighborhood":"At Turukman - Ijdeedeh"},"legend":{"damage_class":{"1":"Destroyed","2":"Severe Damage","3":"Moderate Damage","4":"Possible Damage"},"status":{"0":"No change since previous pass (inferred)","1":"Change since previous pass (inferred)"}},"features":[{"type":"Feature","properties":{"site_id":26,"event_code":"CE20231007PSE","latest_date":"2025-09-23T00:00:00+00:00","latest_class":1,"pass_count":14,"h":[["2023-10-15T00:00:00+00:00",2,1,null],["2023-11-07T00:00:00+00:00",1,1,1],["2023-11-26T00:00:00+00:00",1,1,0],["2024-01-06T00:00:00+00:00",1,1,0],["2024-02-29T00:00:00+00:00",1,1,0],["2024-04-01T00:00:00+00:00",1,1,0],["2024-05-03T00:00:00+00:00",1,1,0],["2024-07-06T00:00:00+00:00",1,1,0],["2024-09-06T00:00:00+00:00",1,1,0],["2024-12-01T00:00:00+00:00",1,1,0],["2025-02-25T00:00:00+00:00",1,1,0],["2025-04-04T00:00:00+00:00",1,1,0],["2025-07-08T00:00:00+00:00",1,1,0],["2025-09-23T00:00:00+00:00",1,1,0]]},"geometry":{"type":"Point","coordinates":[34.468348,31.481289]}},{"type":"Feature","properties":{"site_id":26,"event_code":"CE20231007PSE","latest_date":"2025-09-23T00:00:00+00:00","latest_class":1,"pass_count":14,"h":[["2023-10-15T00:00:00+00:00",1,1,null],["2023-11-07T00:00:00+00:00",1,1,0],["2023-11-26T00:00:00+00:00",1,1,0],["2024-01-06T00:00:00+00:00",1,1,0],["2024-02-29T00:00:00+00:00",1,1,0],["2024-04-01T00:00:00+00:00",1,1,0],["2024-05-03T00:00:00+00:00",1,1,0],["2024-07-06T00:00:00+00:00",1,1,0],["2024-09-06T00:00:00+00:00",1,1,0],["2024-12-01T00:00:00+00:00",1,1,0],["2025-02-25T00:00:00+00:00",1,1,0],["2025-04-04T00:00:00+00:00",1,1,0],["2025-07-08T00:00:00+00:00",1,1,0],["2025-09-23T00:00:00+00:00",1,1,0]]},"geometry":{"type":"Point","coordinates":[34.468506,31.481163]}},{"type":"Feature","properties":{"site_id":26,"event_code":"CE20231007PSE","latest_date":"2025-09-23T00:00:00+00:00","latest_class":1,"pass_count":14,"h":[["2023-10-15T00:00:00+00:00",1,1,null],["2023-11-07T00:00:00+00:00",1,1,0],["2023-11-26T00:00:00+00:00",1,1,0],["2024-01-06T00:00:00+00:00",1,1,0],["2024-02-29T00:00:00+00:00",1,1,0],["2024-04-01T00:00:00+00:00",1,1,0],["2024-05-03T00:00:00+00:00",1,1,0],["2024-07-06T00:00:00+00:00",1,1,0],["2024-09-06T00:00:00+00:00",1,1,0],["2024-12-01T00:00:00+00:00",1,1,0],["2025-02-25T00:00:00+00:00",1,1,0],["2025-04-04T00:00:00+00:00",1,1,0],["2025-07-08T00:00:00+00:00",1,1,0],["2025-09-23T00:00:00+00:00",1,1,0]]},"geometry":{"type":"Point","coordinates":[34.46821,31.481418]}},{"type":"Feature","properties":{"site_id":26,"event_code":"CE20231007PSE","latest_date":"2025-09-23T00:00:00+00:00","latest_class":1,"pass_count":14,"h":[["2023-10-15T00:00:00+00:00",3,2,null],["2023-11-07T00:00:00+00:00",3,2,0],["2023-11-26T00:00:00+00:00",3,2,0],["2024-01-06T00:00:00+00:00",1,1,1],["2024-02-29T00:00:00+00:00",1,1,0],["2024-04-01T00:00:00+00:00",1,1,0],["2024-05-03T00:00:00+00:00",1,1,0],["2024-07-06T00:00:00+00:00",1,1,0],["2024-09-06T00:00:00+00:00",1,1,0],["2024-12-01T00:00:00+00:00",1,1,0],["2025-02-25T00:00:00+00:00",1,1,0],["2025-04-04T00:00:00+00:00",1,1,0],["2025-07-08T00:00:00+00:00",1,1,0],["2025-09-23T00:00:00+00:00",1,1,0]]},"geometry":{"type":"Point","coordinates":[34.468127,31.481484]}},{"type":"Feature","properties":{"site_id":26,"event_code":"CE20231007PSE","latest_date":"2025-09-23T00:00:00+00:00","latest_class":1,"pass_count":14,"h":[["2023-10-15T00:00:00+00:00",3,2,null],["2023-11-07T00:00:00+00:00",3,2,0],["2023-11-26T00:00:00+00:00",2,1,1],["2024-01-06T00:00:00+00:00",2,1,0],["2024-02-29T00:00:00+00:00",2,1,0],["2024-04-01T00:00:00+00:00",2,1,0],["2024-05-03T00:00:00+00:00",2,1,0],["2024-07-06T00:00:00+00:00",2,1,0],["2024-09-06T00:00:00+00:00",1,1,1],["2024-12-01T00:00:00+00:00",1,1,0],["2025-02-25T00:00:00+00:00",1,1,0],["2025-04-04T00:00:00+00:00",1,1,0],["2025-07-08T00:00:00+00:00",1,1,0],["2025-09-23T00:00:00+00:00",1,1,0]]},"geometry":{"type":"Point","coordinates":[34.468273,31.481129]}},{"type":"Feature","properties":{"site_id":26,"event_code":"CE20231007PSE","latest_date":"2025-09-23T00:00:00+00:00","latest_class":1,"pass_count":14,"h":[["2023-10-15T00:00:00+00:00",3,2,null],["2023-11-07T00:00:00+00:00",3,2,0],["2023-11-26T00:00:00+00:00",1,1,1],["2024-01-06T00:00:00+00:00",1,1,0],["2024-02-29T00:00:00+00:00",1,1,0],["2024-04-01T00:00:00+00:00",1,1,0],["2024-05-03T00:00:00+00:00",1,1,0],["2024-07-06T00:00:00+00:00",1,1,0],["2024-09-06T00:00:00+00:00",1,1,0],["2024-12-01T00:00:00+00:00",1,1,0],["2025-02-25T00:00:00+00:00",1,1,0],["2025-04-04T00:00:00+00:00",1,1,0],["2025-07-08T00:00:00+00:00",1,1,0],["2025-09-23T00:00:00+00:00",1,1,0]]},"geometry":{"type":"Point","coordinates":[34.468311,31.48109]}},{"type":"Feature","properties":{"site_id":26,"event_code":"CE20231007PSE","latest_date":"2025-09-23T00:00:00+00:00","latest_class":1,"pass_count":14,"h":[["2023-10-15T00:00:00+00:00",3,2,null],["2023-11-07T00:00:00+00:00",1,1,1],["2023-11-26T00:00:00+00:00",1,1,0],["2024-01-06T00:00:00+00:00",1,1,0],["2024-02-29T00:00:00+00:00",1,1,0],["2024-04-01T00:00:00+00:00",1,1,0],["2024-05-03T00:00:00+00:00",1,1,0],["2024-07-06T00:00:00+00:00",1,1,0],["2024-09-06T00:00:00+00:00",1,1,0],["2024-12-01T00:00:00+00:00",1,1,0],["2025-02-25T00:00:00+00:00",1,1,0],["2025-04-04T00:00:00+00:00",1,1,0],["2025-07-08T00:00:00+00:00",1,1,0],["2025-09-23T00:00:00+00:00",1,1,0]]},"geometry":{"type":"Point","coordinates":[34.468016,31.481341]}},{"type":"Feature","properties":{"site_id":26,"event_code":"CE20231007PSE","latest_date":"2025-09-23T00:00:00+00:00","latest_class":1,"pass_count":13,"h":[["2023-11-07T00:00:00+00:00",2,1,3],["2023-11-26T00:00:00+00:00",2,1,0],["2024-01-06T00:00:00+00:00",2,1,0],["2024-02-29T00:00:00+00:00",2,1,0],["2024-04-01T00:00:00+00:00",2,1,0],["2024-05-03T00:00:00+00:00",2,1,0],["2024-07-06T00:00:00+00:00",2,1,0],["2024-09-06T00:00:00+00:00",2,1,0],["2024-12-01T00:00:00+00:00",2,1,0],["2025-02-25T00:00:00+00:00",2,1,0],["2025-04-04T00:00:00+00:00",2,1,0],["2025-07-08T00:00:00+00:00",1,1,1],["2025-09-23T00:00:00+00:00",1,1,0]]},"geometry":{"type":"Point","coordinates":[34.467721,31.482081]}},{"type":"Feature","properties":{"site_id":26,"event_code":"CE20231007PSE","latest_date":"2025-09-22T00:00:00+00:00","latest_class":1,"pass_count":13,"h":[["2023-11-07T00:00:00+00:00",2,1,3],["2023-11-26T00:00:00+00:00",2,1,0],["2024-01-06T00:00:00+00:00",1,1,1],["2024-02-29T00:00:00+00:00",1,1,0],["2024-04-01T00:00:00+00:00",1,1,0],["2024-05-03T00:00:00+00:00",1,1,0],["2024-07-06T00:00:00+00:00",1,1,0],["2024-09-06T00:00:00+00:00",1,1,0],["2024-12-01T00:00:00+00:00",1,1,0],["2025-02-25T00:00:00+00:00",1,1,0],["2025-04-04T00:00:00+00:00",1,1,0],["2025-07-08T00:00:00+00:00",1,1,0],["2025-09-22T00:00:00+00:00",1,1,0]]},"geometry":{"type":"Point","coordinates":[34.468519,31.482163]}},{"type":"Feature","properties":{"site_id":26,"event_code":"CE20231007PSE","latest_date":"2025-09-23T00:00:00+00:00","latest_class":1,"pass_count":13,"h":[["2023-11-07T00:00:00+00:00",1,1,3],["2023-11-26T00:00:00+00:00",1,1,0],["2024-01-06T00:00:00+00:00",1,1,0],["2024-02-29T00:00:00+00:00",1,1,0],["2024-04-01T00:00:00+00:00",1,1,0],["2024-05-03T00:00:00+00:00",1,1,0],["2024-07-06T00:00:00+00:00",1,1,0],["2024-09-06T00:00:00+00:00",1,1,0],["2024-12-01T00:00:00+00:00",1,1,0],["2025-02-25T00:00:00+00:00",1,1,0],["2025-04-04T00:00:00+00:00",1,1,0],["2025-07-08T00:00:00+00:00",1,1,0],["2025-09-23T00:00:00+00:00",1,1,0]]},"geometry":{"type":"Point","coordinates":[34.46814,31.481789]}},{"type":"Feature","properties":{"site_id":26,"event_code":"CE20231007PSE","latest_date":"2025-09-23T00:00:00+00:00","latest_class":1,"pass_count":13,"h":[["2023-11-07T00:00:00+00:00",3,2,3],["2023-11-26T00:00:00+00:00",3,2,0],["2024-01-06T00:00:00+00:00",1,1,1],["2024-02-29T00:00:00+00:00",1,1,0],["2024-04-01T00:00:00+00:00",1,1,0],["2024-05-03T00:00:00+00:00",1,1,0],["2024-07-06T00:00:00+00:00",1,1,0],["2024-09-06T00:00:00+00:00",1,1,0],["2024-12-01T00:00:00+00:00",1,1,0],["2025-02-25T00:00:00+00:00",1,1,0],["2025-04-04T00:00:00+00:00",1,1,0],["2025-07-08T00:00:00+00:00",1,1,0],["2025-09-23T00:00:00+00:00",1,1,0]]},"geometry":{"type":"Point","coordinates":[34.468168,31.480894]}},{"type":"Feature","properties":{"site_id":26,"event_code":"CE20231007PSE","latest_date":"2025-09-23T00:00:00+00:00","latest_class":1,"pass_count":13,"h":[["2023-11-07T00:00:00+00:00",3,2,3],["2023-11-26T00:00:00+00:00",3,2,0],["2024-01-06T00:00:00+00:00",1,1,1],["2024-02-29T00:00:00+00:00",1,1,0],["2024-04-01T00:00:00+00:00",1,1,0],["2024-05-03T00:00:00+00:00",1,1,0],["2024-07-06T00:00:00+00:00",1,1,0],["2024-09-06T00:00:00+00:00",1,1,0],["2024-12-01T00:00:00+00:00",1,1,0],["2025-02-25T00:00:00+00:00",1,1,0],["2025-04-04T00:00:00+00:00",1,1,0],["2025-07-08T00:00:00+00:00",1,1,0],["2025-09-23T00:00:00+00:00",1,1,0]]},"geometry":{"type":"Point","coordinates":[34.467936,31.481682]}},{"type":"Feature","properties":{"site_id":26,"event_code":"CE20231007PSE","latest_date":"2025-09-23T00:00:00+00:00","latest_class":1,"pass_count":13,"h":[["2023-11-07T00:00:00+00:00",3,2,3],["2023-11-26T00:00:00+00:00",3,2,0],["2024-01-06T00:00:00+00:00",1,1,1],["2024-02-29T00:00:00+00:00",1,1,0],["2024-04-01T00:00:00+00:00",1,1,0],["2024-05-03T00:00:00+00:00",1,1,0],["2024-07-06T00:00:00+00:00",1,1,0],["2024-09-06T00:00:00+00:00",1,1,0],["2024-12-01T00:00:00+00:00",1,1,0],["2025-02-25T00:00:00+00:00",1,1,0],["2025-04-04T00:00:00+00:00",1,1,0],["2025-07-08T00:00:00+00:00",1,1,0],["2025-09-23T00:00:00+00:00",1,1,0]]},"geometry":{"type":"Point","coordinates":[34.468037,31.480974]}},{"type":"Feature","properties":{"site_id":26,"event_code":"CE20231007PSE","latest_date":"2025-09-23T00:00:00+00:00","latest_class":2,"pass_count":13,"h":[["2023-11-07T00:00:00+00:00",2,1,3],["2023-11-26T00:00:00+00:00",2,1,0],["2024-01-06T00:00:00+00:00",2,1,0],["2024-02-29T00:00:00+00:00",2,1,0],["2024-04-01T00:00:00+00:00",2,1,0],["2024-05-03T00:00:00+00:00",2,1,0],["2024-07-06T00:00:00+00:00",2,1,0],["2024-09-06T00:00:00+00:00",2,1,0],["2024-12-01T00:00:00+00:00",2,1,0],["2025-02-25T00:00:00+00:00",2,1,0],["2025-04-04T00:00:00+00:00",2,1,0],["2025-07-08T00:00:00+00:00",2,1,0],["2025-09-23T00:00:00+00:00",2,1,0]]},"geometry":{"type":"Point","coordinates":[34.467473,31.48168]}},{"type":"Feature","properties":{"site_id":26,"event_code":"CE20231007PSE","latest_date":"2025-09-22T00:00:00+00:00","latest_class":1,"pass_count":13,"h":[["2023-11-07T00:00:00+00:00",3,2,3],["2023-11-26T00:00:00+00:00",3,2,0],["2024-01-06T00:00:00+00:00",3,2,0],["2024-02-29T00:00:00+00:00",3,2,0],["2024-04-01T00:00:00+00:00",3,2,0],["2024-05-03T00:00:00+00:00",3,2,0],["2024-07-06T00:00:00+00:00",3,2,0],["2024-09-06T00:00:00+00:00",2,1,1],["2024-12-01T00:00:00+00:00",2,1,0],["2025-02-25T00:00:00+00:00",2,1,0],["2025-04-04T00:00:00+00:00",2,1,0],["2025-07-08T00:00:00+00:00",2,1,0],["2025-09-22T00:00:00+00:00",1,1,1]]},"geometry":{"type":"Point","coordinates":[34.467265,31.481566]}},{"type":"Feature","properties":{"site_id":26,"event_code":"CE20231007PSE","latest_date":"2025-09-22T00:00:00+00:00","latest_class":1,"pass_count":13,"h":[["2023-11-07T00:00:00+00:00",2,1,3],["2023-11-26T00:00:00+00:00",2,1,0],["2024-01-06T00:00:00+00:00",1,1,1],["2024-02-29T00:00:00+00:00",1,1,0],["2024-04-01T00:00:00+00:00",1,1,0],["2024-05-03T00:00:00+00:00",1,1,0],["2024-07-06T00:00:00+00:00",1,1,0],["2024-09-06T00:00:00+00:00",1,1,0],["2024-12-01T00:00:00+00:00",1,1,0],["2025-02-25T00:00:00+00:00",1,1,0],["2025-04-04T00:00:00+00:00",1,1,0],["2025-07-08T00:00:00+00:00",1,1,0],["2025-09-22T00:00:00+00:00",1,1,0]]},"geometry":{"type":"Point","coordinates":[34.46728,31.481447]}},{"type":"Feature","properties":{"site_id":26,"event_code":"CE20231007PSE","latest_date":"2025-09-23T00:00:00+00:00","latest_class":1,"pass_count":13,"h":[["2023-11-07T00:00:00+00:00",3,2,3],["2023-11-26T00:00:00+00:00",3,2,0],["2024-01-06T00:00:00+00:00",3,2,0],["2024-02-29T00:00:00+00:00",3,2,0],["2024-04-01T00:00:00+00:00",3,2,0],["2024-05-03T00:00:00+00:00",3,2,0],["2024-07-06T00:00:00+00:00",3,2,0],["2024-09-06T00:00:00+00:00",3,2,0],["2024-12-01T00:00:00+00:00",3,2,0],["2025-02-25T00:00:00+00:00",3,2,0],["2025-04-04T00:00:00+00:00",3,2,0],["2025-07-08T00:00:00+00:00",3,2,0],["2025-09-23T00:00:00+00:00",1,1,1]]},"geometry":{"type":"Point","coordinates":[34.467496,31.481577]}},{"type":"Feature","properties":{"site_id":26,"event_code":"CE20231007PSE","latest_date":"2025-09-22T00:00:00+00:00","latest_class":1,"pass_count":13,"h":[["2023-11-07T00:00:00+00:00",3,2,3],["2023-11-26T00:00:00+00:00",3,2,0],["2024-01-06T00:00:00+00:00",3,2,0],["2024-02-29T00:00:00+00:00",3,2,0],["2024-04-01T00:00:00+00:00",3,2,0],["2024-05-03T00:00:00+00:00",3,2,0],["2024-07-06T00:00:00+00:00",3,2,0],["2024-09-06T00:00:00+00:00",1,1,1],["2024-12-01T00:00:00+00:00",1,1,0],["2025-02-25T00:00:00+00:00",1,1,0],["2025-04-04T00:00:00+00:00",1,1,0],["2025-07-08T00:00:00+00:00",1,1,0],["2025-09-22T00:00:00+00:00",1,1,0]]},"geometry":{"type":"Point","coordinates":[34.467493,31.481333]}},{"type":"Feature","properties":{"site_id":26,"event_code":"CE20231007PSE","latest_date":"2025-09-22T00:00:00+00:00","latest_class":1,"pass_count":13,"h":[["2023-11-07T00:00:00+00:00",3,2,3],["2023-11-26T00:00:00+00:00",3,2,0],["2024-01-06T00:00:00+00:00",3,2,0],["2024-02-29T00:00:00+00:00",3,2,0],["2024-04-01T00:00:00+00:00",3,2,0],["2024-05-03T00:00:00+00:00",3,2,0],["2024-07-06T00:00:00+00:00",3,2,0],["2024-09-06T00:00:00+00:00",2,1,1],["2024-12-01T00:00:00+00:00",2,1,0],["2025-02-25T00:00:00+00:00",2,1,0],["2025-04-04T00:00:00+00:00",2,1,0],["2025-07-08T00:00:00+00:00",2,1,0],["2025-09-22T00:00:00+00:00",1,1,1]]},"geometry":{"type":"Point","coordinates":[34.467411,31.481177]}},{"type":"Feature","properties":{"site_id":26,"event_code":"CE20231007PSE","latest_date":"2025-09-22T00:00:00+00:00","latest_class":1,"pass_count":13,"h":[["2023-11-07T00:00:00+00:00",2,1,3],["2023-11-26T00:00:00+00:00",2,1,0],["2024-01-06T00:00:00+00:00",2,1,0],["2024-02-29T00:00:00+00:00",2,1,0],["2024-04-01T00:00:00+00:00",2,1,0],["2024-05-03T00:00:00+00:00",2,1,0],["2024-07-06T00:00:00+00:00",2,1,0],["2024-09-06T00:00:00+00:00",2,1,0],["2024-12-01T00:00:00+00:00",2,1,0],["2025-02-25T00:00:00+00:00",2,1,0],["2025-04-04T00:00:00+00:00",2,1,0],["2025-07-08T00:00:00+00:00",2,1,0],["2025-09-22T00:00:00+00:00",1,1,1]]},"geometry":{"type":"Point","coordinates":[34.467255,31.481295]}},{"type":"Feature","properties":{"site_id":26,"event_code":"CE20231007PSE","latest_date":"2025-09-23T00:00:00+00:00","latest_class":1,"pass_count":13,"h":[["2023-11-07T00:00:00+00:00",2,1,3],["2023-11-26T00:00:00+00:00",2,1,0],["2024-01-06T00:00:00+00:00",2,1,0],["2024-02-29T00:00:00+00:00",2,1,0],["2024-04-01T00:00:00+00:00",2,1,0],["2024-05-03T00:00:00+00:00",2,1,0],["2024-07-06T00:00:00+00:00",2,1,0],["2024-09-06T00:00:00+00:00",2,1,0],["2024-12-01T00:00:00+00:00",2,1,0],["2025-02-25T00:00:00+00:00",2,1,0],["2025-04-04T00:00:00+00:00",2,1,0],["2025-07-08T00:00:00+00:00",2,1,0],["2025-09-23T00:00:00+00:00",1,1,1]]},"geometry":{"type":"Point","coordinates":[34.467298,31.481729]}},{"type":"Feature","properties":{"site_id":26,"event_code":"CE20231007PSE","latest_date":"2025-09-22T00:00:00+00:00","latest_class":1,"pass_count":13,"h":[["2023-11-07T00:00:00+00:00",2,1,3],["2023-11-26T00:00:00+00:00",2,1,0],["2024-01-06T00:00:00+00:00",1,1,1],["2024-02-29T00:00:00+00:00",1,1,0],["2024-04-01T00:00:00+00:00",1,1,0],["2024-05-03T00:00:00+00:00",1,1,0],["2024-07-06T00:00:00+00:00",1,1,0],["2024-09-06T00:00:00+00:00",1,1,0],["2024-12-01T00:00:00+00:00",1,1,0],["2025-02-25T00:00:00+00:00",1,1,0],["2025-04-04T00:00:00+00:00",1,1,0],["2025-07-08T00:00:00+00:00",1,1,0],["2025-09-22T00:00:00+00:00",1,1,0]]},"geometry":{"type":"Point","coordinates":[34.467604,31.480463]}},{"type":"Feature","properties":{"site_id":26,"event_code":"CE20231007PSE","latest_date":"2025-09-22T00:00:00+00:00","latest_class":1,"pass_count":13,"h":[["2023-11-07T00:00:00+00:00",2,1,3],["2023-11-26T00:00:00+00:00",2,1,0],["2024-01-06T00:00:00+00:00",1,1,1],["2024-02-29T00:00:00+00:00",1,1,0],["2024-04-01T00:00:00+00:00",1,1,0],["2024-05-03T00:00:00+00:00",1,1,0],["2024-07-06T00:00:00+00:00",1,1,0],["2024-09-06T00:00:00+00:00",1,1,0],["2024-12-01T00:00:00+00:00",1,1,0],["2025-02-25T00:00:00+00:00",1,1,0],["2025-04-04T00:00:00+00:00",1,1,0],["2025-07-08T00:00:00+00:00",1,1,0],["2025-09-22T00:00:00+00:00",1,1,0]]},"geometry":{"type":"Point","coordinates":[34.467263,31.480502]}},{"type":"Feature","properties":{"site_id":26,"event_code":"CE20231007PSE","latest_date":"2025-09-22T00:00:00+00:00","latest_class":1,"pass_count":13,"h":[["2023-11-07T00:00:00+00:00",3,2,3],["2023-11-26T00:00:00+00:00",3,2,0],["2024-01-06T00:00:00+00:00",1,1,1],["2024-02-29T00:00:00+00:00",1,1,0],["2024-04-01T00:00:00+00:00",1,1,0],["2024-05-03T00:00:00+00:00",1,1,0],["2024-07-06T00:00:00+00:00",1,1,0],["2024-09-06T00:00:00+00:00",1,1,0],["2024-12-01T00:00:00+00:00",1,1,0],["2025-02-25T00:00:00+00:00",1,1,0],["2025-04-04T00:00:00+00:00",1,1,0],["2025-07-08T00:00:00+00:00",1,1,0],["2025-09-22T00:00:00+00:00",1,1,0]]},"geometry":{"type":"Point","coordinates":[34.467283,31.480602]}},{"type":"Feature","properties":{"site_id":26,"event_code":"CE20231007PSE","latest_date":"2025-09-22T00:00:00+00:00","latest_class":1,"pass_count":13,"h":[["2023-11-07T00:00:00+00:00",1,1,3],["2023-11-26T00:00:00+00:00",1,1,0],["2024-01-06T00:00:00+00:00",1,1,0],["2024-02-29T00:00:00+00:00",1,1,0],["2024-04-01T00:00:00+00:00",1,1,0],["2024-05-03T00:00:00+00:00",1,1,0],["2024-07-06T00:00:00+00:00",1,1,0],["2024-09-06T00:00:00+00:00",1,1,0],["2024-12-01T00:00:00+00:00",1,1,0],["2025-02-25T00:00:00+00:00",1,1,0],["2025-04-04T00:00:00+00:00",1,1,0],["2025-07-08T00:00:00+00:00",1,1,0],["2025-09-22T00:00:00+00:00",1,1,0]]},"geometry":{"type":"Point","coordinates":[34.46738,31.480688]}},{"type":"Feature","properties":{"site_id":26,"event_code":"CE20231007PSE","latest_date":"2025-09-22T00:00:00+00:00","latest_class":1,"pass_count":13,"h":[["2023-11-07T00:00:00+00:00",3,2,3],["2023-11-26T00:00:00+00:00",3,2,0],["2024-01-06T00:00:00+00:00",1,1,1],["2024-02-29T00:00:00+00:00",1,1,0],["2024-04-01T00:00:00+00:00",1,1,0],["2024-05-03T00:00:00+00:00",1,1,0],["2024-07-06T00:00:00+00:00",1,1,0],["2024-09-06T00:00:00+00:00",1,1,0],["2024-12-01T00:00:00+00:00",1,1,0],["2025-02-25T00:00:00+00:00",1,1,0],["2025-04-04T00:00:00+00:00",1,1,0],["2025-07-08T00:00:00+00:00",1,1,0],["2025-09-22T00:00:00+00:00",1,1,0]]},"geometry":{"type":"Point","coordinates":[34.467461,31.480538]}},{"type":"Feature","properties":{"site_id":26,"event_code":"CE20231007PSE","latest_date":"2025-09-22T00:00:00+00:00","latest_class":1,"pass_count":13,"h":[["2023-11-07T00:00:00+00:00",3,2,3],["2023-11-26T00:00:00+00:00",3,2,0],["2024-01-06T00:00:00+00:00",1,1,1],["2024-02-29T00:00:00+00:00",1,1,0],["2024-04-01T00:00:00+00:00",1,1,0],["2024-05-03T00:00:00+00:00",1,1,0],["2024-07-06T00:00:00+00:00",1,1,0],["2024-09-06T00:00:00+00:00",1,1,0],["2024-12-01T00:00:00+00:00",1,1,0],["2025-02-25T00:00:00+00:00",1,1,0],["2025-04-04T00:00:00+00:00",1,1,0],["2025-07-08T00:00:00+00:00",1,1,0],["2025-09-22T00:00:00+00:00",1,1,0]]},"geometry":{"type":"Point","coordinates":[34.467245,31.480756]}},{"type":"Feature","properties":{"site_id":26,"event_code":"CE20231007PSE","latest_date":"2025-09-22T00:00:00+00:00","latest_class":1,"pass_count":13,"h":[["2023-11-07T00:00:00+00:00",3,2,3],["2023-11-26T00:00:00+00:00",3,2,0],["2024-01-06T00:00:00+00:00",3,2,0],["2024-02-29T00:00:00+00:00",1,1,1],["2024-04-01T00:00:00+00:00",1,1,0],["2024-05-03T00:00:00+00:00",1,1,0],["2024-07-06T00:00:00+00:00",1,1,0],["2024-09-06T00:00:00+00:00",1,1,0],["2024-12-01T00:00:00+00:00",1,1,0],["2025-02-25T00:00:00+00:00",1,1,0],["2025-04-04T00:00:00+00:00",1,1,0],["2025-07-08T00:00:00+00:00",1,1,0],["2025-09-22T00:00:00+00:00",1,1,0]]},"geometry":{"type":"Point","coordinates":[34.467519,31.480348]}},{"type":"Feature","properties":{"site_id":26,"event_code":"CE20231007PSE","latest_date":"2025-09-22T00:00:00+00:00","latest_class":1,"pass_count":13,"h":[["2023-11-07T00:00:00+00:00",3,2,3],["2023-11-26T00:00:00+00:00",3,2,0],["2024-01-06T00:00:00+00:00",1,1,1],["2024-02-29T00:00:00+00:00",1,1,0],["2024-04-01T00:00:00+00:00",1,1,0],["2024-05-03T00:00:00+00:00",1,1,0],["2024-07-06T00:00:00+00:00",1,1,0],["2024-09-06T00:00:00+00:00",1,1,0],["2024-12-01T00:00:00+00:00",1,1,0],["2025-02-25T00:00:00+00:00",1,1,0],["2025-04-04T00:00:00+00:00",1,1,0],["2025-07-08T00:00:00+00:00",1,1,0],["2025-09-22T00:00:00+00:00",1,1,0]]},"geometry":{"type":"Point","coordinates":[34.46746,31.480264]}},{"type":"Feature","properties":{"site_id":26,"event_code":"CE20231007PSE","latest_date":"2025-09-22T00:00:00+00:00","latest_class":1,"pass_count":13,"h":[["2023-11-07T00:00:00+00:00",3,2,3],["2023-11-26T00:00:00+00:00",3,2,0],["2024-01-06T00:00:00+00:00",1,1,1],["2024-02-29T00:00:00+00:00",1,1,0],["2024-04-01T00:00:00+00:00",1,1,0],["2024-05-03T00:00:00+00:00",1,1,0],["2024-07-06T00:00:00+00:00",1,1,0],["2024-09-06T00:00:00+00:00",1,1,0],["2024-12-01T00:00:00+00:00",1,1,0],["2025-02-25T00:00:00+00:00",1,1,0],["2025-04-04T00:00:00+00:00",1,1,0],["2025-07-08T00:00:00+00:00",1,1,0],["2025-09-22T00:00:00+00:00",1,1,0]]},"geometry":{"type":"Point","coordinates":[34.467224,31.480343]}},{"type":"Feature","properties":{"site_id":26,"event_code":"CE20231007PSE","latest_date":"2025-09-22T00:00:00+00:00","latest_class":1,"pass_count":11,"h":[["2024-01-06T00:00:00+00:00",1,1,3],["2024-02-29T00:00:00+00:00",1,1,0],["2024-04-01T00:00:00+00:00",1,1,0],["2024-05-03T00:00:00+00:00",1,1,0],["2024-07-06T00:00:00+00:00",1,1,0],["2024-09-06T00:00:00+00:00",1,1,0],["2024-12-01T00:00:00+00:00",1,1,0],["2025-02-25T00:00:00+00:00",1,1,0],["2025-04-04T00:00:00+00:00",1,1,0],["2025-07-08T00:00:00+00:00",1,1,0],["2025-09-22T00:00:00+00:00",1,1,0]]},"geometry":{"type":"Point","coordinates":[34.466997,31.482002]}},{"type":"Feature","properties":{"site_id":26,"event_code":"CE20231007PSE","latest_date":"2025-09-23T00:00:00+00:00","latest_class":1,"pass_count":13,"h":[["2023-11-07T00:00:00+00:00",4,3,3],["2023-11-26T00:00:00+00:00",4,3,0],["2024-01-06T00:00:00+00:00",3,2,1],["2024-02-29T00:00:00+00:00",3,2,0],["2024-04-01T00:00:00+00:00",3,2,0],["2024-05-03T00:00:00+00:00",3,2,0],["2024-07-06T00:00:00+00:00",3,2,0],["2024-09-06T00:00:00+00:00",3,2,0],["2024-12-01T00:00:00+00:00",3,2,0],["2025-02-25T00:00:00+00:00",3,2,0],["2025-04-04T00:00:00+00:00",3,2,0],["2025-07-08T00:00:00+00:00",1,1,1],["2025-09-23T00:00:00+00:00",1,1,0]]},"geometry":{"type":"Point","coordinates":[34.467552,31.481967]}},{"type":"Feature","properties":{"site_id":26,"event_code":"CE20231007PSE","latest_date":"2025-09-23T00:00:00+00:00","latest_class":1,"pass_count":11,"h":[["2024-01-06T00:00:00+00:00",3,2,3],["2024-02-29T00:00:00+00:00",3,2,0],["2024-04-01T00:00:00+00:00",3,2,0],["2024-05-03T00:00:00+00:00",3,2,0],["2024-07-06T00:00:00+00:00",3,2,0],["2024-09-06T00:00:00+00:00",3,2,0],["2024-12-01T00:00:00+00:00",3,2,0],["2025-02-25T00:00:00+00:00",3,2,0],["2025-04-04T00:00:00+00:00",3,2,0],["2025-07-08T00:00:00+00:00",2,1,1],["2025-09-23T00:00:00+00:00",1,1,1]]},"geometry":{"type":"Point","coordinates":[34.467355,31.482048]}},{"type":"Feature","properties":{"site_id":26,"event_code":"CE20231007PSE","latest_date":"2025-09-22T00:00:00+00:00","latest_class":1,"pass_count":11,"h":[["2024-01-06T00:00:00+00:00",3,2,3],["2024-02-29T00:00:00+00:00",3,2,0],["2024-04-01T00:00:00+00:00",3,2,0],["2024-05-03T00:00:00+00:00",3,2,0],["2024-07-06T00:00:00+00:00",3,2,0],["2024-09-06T00:00:00+00:00",3,2,0],["2024-12-01T00:00:00+00:00",3,2,0],["2025-02-25T00:00:00+00:00",3,2,0],["2025-04-04T00:00:00+00:00",3,2,0],["2025-07-08T00:00:00+00:00",3,2,0],["2025-09-22T00:00:00+00:00",1,1,1]]},"geometry":{"type":"Point","coordinates":[34.467276,31.482112]}},{"type":"Feature","properties":{"site_id":26,"event_code":"CE20231007PSE","latest_date":"2025-09-23T00:00:00+00:00","latest_class":1,"pass_count":13,"h":[["2023-11-07T00:00:00+00:00",4,3,3],["2023-11-26T00:00:00+00:00",4,3,0],["2024-01-06T00:00:00+00:00",1,1,1],["2024-02-29T00:00:00+00:00",1,1,0],["2024-04-01T00:00:00+00:00",1,1,0],["2024-05-03T00:00:00+00:00",1,1,0],["2024-07-06T00:00:00+00:00",1,1,0],["2024-09-06T00:00:00+00:00",1,1,0],["2024-12-01T00:00:00+00:00",1,1,0],["2025-02-25T00:00:00+00:00",1,1,0],["2025-04-04T00:00:00+00:00",1,1,0],["2025-07-08T00:00:00+00:00",1,1,0],["2025-09-23T00:00:00+00:00",1,1,0]]},"geometry":{"type":"Point","coordinates":[34.467708,31.48186]}},{"type":"Feature","properties":{"site_id":26,"event_code":"CE20231007PSE","latest_date":"2025-09-23T00:00:00+00:00","latest_class":1,"pass_count":13,"h":[["2023-11-07T00:00:00+00:00",4,3,3],["2023-11-26T00:00:00+00:00",4,3,0],["2024-01-06T00:00:00+00:00",1,1,1],["2024-02-29T00:00:00+00:00",1,1,0],["2024-04-01T00:00:00+00:00",1,1,0],["2024-05-03T00:00:00+00:00",1,1,0],["2024-07-06T00:00:00+00:00",1,1,0],["2024-09-06T00:00:00+00:00",1,1,0],["2024-12-01T00:00:00+00:00",1,1,0],["2025-02-25T00:00:00+00:00",1,1,0],["2025-04-04T00:00:00+00:00",1,1,0],["2025-07-08T00:00:00+00:00",1,1,0],["2025-09-23T00:00:00+00:00",1,1,0]]},"geometry":{"type":"Point","coordinates":[34.467558,31.481804]}},{"type":"Feature","properties":{"site_id":26,"event_code":"CE20231007PSE","latest_date":"2025-09-22T00:00:00+00:00","latest_class":1,"pass_count":13,"h":[["2023-11-07T00:00:00+00:00",4,3,3],["2023-11-26T00:00:00+00:00",4,3,0],["2024-01-06T00:00:00+00:00",1,1,1],["2024-02-29T00:00:00+00:00",1,1,0],["2024-04-01T00:00:00+00:00",1,1,0],["2024-05-03T00:00:00+00:00",1,1,0],["2024-07-06T00:00:00+00:00",1,1,0],["2024-09-06T00:00:00+00:00",1,1,0],["2024-12-01T00:00:00+00:00",1,1,0],["2025-02-25T00:00:00+00:00",1,1,0],["2025-04-04T00:00:00+00:00",1,1,0],["2025-07-08T00:00:00+00:00",1,1,0],["2025-09-22T00:00:00+00:00",1,1,0]]},"geometry":{"type":"Point","coordinates":[34.467637,31.481467]}},{"type":"Feature","properties":{"site_id":26,"event_code":"CE20231007PSE","latest_date":"2025-09-22T00:00:00+00:00","latest_class":1,"pass_count":13,"h":[["2023-11-07T00:00:00+00:00",4,3,3],["2023-11-26T00:00:00+00:00",4,3,0],["2024-01-06T00:00:00+00:00",1,1,1],["2024-02-29T00:00:00+00:00",1,1,0],["2024-04-01T00:00:00+00:00",1,1,0],["2024-05-03T00:00:00+00:00",1,1,0],["2024-07-06T00:00:00+00:00",1,1,0],["2024-09-06T00:00:00+00:00",1,1,0],["2024-12-01T00:00:00+00:00",1,1,0],["2025-02-25T00:00:00+00:00",1,1,0],["2025-04-04T00:00:00+00:00",1,1,0],["2025-07-08T00:00:00+00:00",1,1,0],["2025-09-22T00:00:00+00:00",1,1,0]]},"geometry":{"type":"Point","coordinates":[34.467832,31.480653]}},{"type":"Feature","properties":{"site_id":26,"event_code":"CE20231007PSE","latest_date":"2025-09-22T00:00:00+00:00","latest_class":1,"pass_count":13,"h":[["2023-11-07T00:00:00+00:00",4,3,3],["2023-11-26T00:00:00+00:00",4,3,0],["2024-01-06T00:00:00+00:00",1,1,1],["2024-02-29T00:00:00+00:00",1,1,0],["2024-04-01T00:00:00+00:00",1,1,0],["2024-05-03T00:00:00+00:00",1,1,0],["2024-07-06T00:00:00+00:00",1,1,0],["2024-09-06T00:00:00+00:00",1,1,0],["2024-12-01T00:00:00+00:00",1,1,0],["2025-02-25T00:00:00+00:00",1,1,0],["2025-04-04T00:00:00+00:00",1,1,0],["2025-07-08T00:00:00+00:00",1,1,0],["2025-09-22T00:00:00+00:00",1,1,0]]},"geometry":{"type":"Point","coordinates":[34.467493,31.480926]}},{"type":"Feature","properties":{"site_id":26,"event_code":"CE20231007PSE","latest_date":"2025-09-22T00:00:00+00:00","latest_class":1,"pass_count":13,"h":[["2023-11-07T00:00:00+00:00",4,3,3],["2023-11-26T00:00:00+00:00",4,3,0],["2024-01-06T00:00:00+00:00",1,1,1],["2024-02-29T00:00:00+00:00",1,1,0],["2024-04-01T00:00:00+00:00",1,1,0],["2024-05-03T00:00:00+00:00",1,1,0],["2024-07-06T00:00:00+00:00",1,1,0],["2024-09-06T00:00:00+00:00",1,1,0],["2024-12-01T00:00:00+00:00",1,1,0],["2025-02-25T00:00:00+00:00",1,1,0],["2025-04-04T00:00:00+00:00",1,1,0],["2025-07-08T00:00:00+00:00",1,1,0],["2025-09-22T00:00:00+00:00",1,1,0]]},"geometry":{"type":"Point","coordinates":[34.467302,31.481082]}},{"type":"Feature","properties":{"site_id":26,"event_code":"CE20231007PSE","latest_date":"2025-09-22T00:00:00+00:00","latest_class":1,"pass_count":11,"h":[["2024-01-06T00:00:00+00:00",1,1,3],["2024-02-29T00:00:00+00:00",1,1,0],["2024-04-01T00:00:00+00:00",1,1,0],["2024-05-03T00:00:00+00:00",1,1,0],["2024-07-06T00:00:00+00:00",1,1,0],["2024-09-06T00:00:00+00:00",1,1,0],["2024-12-01T00:00:00+00:00",1,1,0],["2025-02-25T00:00:00+00:00",1,1,0],["2025-04-04T00:00:00+00:00",1,1,0],["2025-07-08T00:00:00+00:00",1,1,0],["2025-09-22T00:00:00+00:00",1,1,0]]},"geometry":{"type":"Point","coordinates":[34.467339,31.480942]}},{"type":"Feature","properties":{"site_id":26,"event_code":"CE20231007PSE","latest_date":"2025-09-23T00:00:00+00:00","latest_class":1,"pass_count":13,"h":[["2023-11-07T00:00:00+00:00",4,3,3],["2023-11-26T00:00:00+00:00",4,3,0],["2024-01-06T00:00:00+00:00",1,1,1],["2024-02-29T00:00:00+00:00",1,1,0],["2024-04-01T00:00:00+00:00",1,1,0],["2024-05-03T00:00:00+00:00",1,1,0],["2024-07-06T00:00:00+00:00",1,1,0],["2024-09-06T00:00:00+00:00",1,1,0],["2024-12-01T00:00:00+00:00",1,1,0],["2025-02-25T00:00:00+00:00",1,1,0],["2025-04-04T00:00:00+00:00",1,1,0],["2025-07-08T00:00:00+00:00",1,1,0],["2025-09-23T00:00:00+00:00",1,1,0]]},"geometry":{"type":"Point","coordinates":[34.467937,31.481061]}},{"type":"Feature","properties":{"site_id":26,"event_code":"CE20231007PSE","latest_date":"2025-09-22T00:00:00+00:00","latest_class":1,"pass_count":13,"h":[["2023-11-07T00:00:00+00:00",4,3,3],["2023-11-26T00:00:00+00:00",4,3,0],["2024-01-06T00:00:00+00:00",2,1,1],["2024-02-29T00:00:00+00:00",2,1,0],["2024-04-01T00:00:00+00:00",2,1,0],["2024-05-03T00:00:00+00:00",2,1,0],["2024-07-06T00:00:00+00:00",2,1,0],["2024-09-06T00:00:00+00:00",2,1,0],["2024-12-01T00:00:00+00:00",2,1,0],["2025-02-25T00:00:00+00:00",2,1,0],["2025-04-04T00:00:00+00:00",2,1,0],["2025-07-08T00:00:00+00:00",2,1,0],["2025-09-22T00:00:00+00:00",1,1,1]]},"geometry":{"type":"Point","coordinates":[34.467767,31.481189]}},{"type":"Feature","properties":{"site_id":26,"event_code":"CE20231007PSE","latest_date":"2025-09-23T00:00:00+00:00","latest_class":2,"pass_count":13,"h":[["2023-11-07T00:00:00+00:00",4,3,3],["2023-11-26T00:00:00+00:00",4,3,0],["2024-01-06T00:00:00+00:00",2,1,1],["2024-02-29T00:00:00+00:00",2,1,0],["2024-04-01T00:00:00+00:00",2,1,0],["2024-05-03T00:00:00+00:00",2,1,0],["2024-07-06T00:00:00+00:00",2,1,0],["2024-09-06T00:00:00+00:00",2,1,0],["2024-12-01T00:00:00+00:00",2,1,0],["2025-02-25T00:00:00+00:00",2,1,0],["2025-04-04T00:00:00+00:00",2,1,0],["2025-07-08T00:00:00+00:00",2,1,0],["2025-09-23T00:00:00+00:00",2,1,0]]},"geometry":{"type":"Point","coordinates":[34.467786,31.481744]}},{"type":"Feature","properties":{"site_id":26,"event_code":"CE20231007PSE","latest_date":"2025-09-22T00:00:00+00:00","latest_class":1,"pass_count":13,"h":[["2023-11-07T00:00:00+00:00",4,3,3],["2023-11-26T00:00:00+00:00",4,3,0],["2024-01-06T00:00:00+00:00",1,1,1],["2024-02-29T00:00:00+00:00",1,1,0],["2024-04-01T00:00:00+00:00",1,1,0],["2024-05-03T00:00:00+00:00",1,1,0],["2024-07-06T00:00:00+00:00",1,1,0],["2024-09-06T00:00:00+00:00",1,1,0],["2024-12-01T00:00:00+00:00",1,1,0],["2025-02-25T00:00:00+00:00",1,1,0],["2025-04-04T00:00:00+00:00",1,1,0],["2025-07-08T00:00:00+00:00",1,1,0],["2025-09-22T00:00:00+00:00",1,1,0]]},"geometry":{"type":"Point","coordinates":[34.467751,31.480473]}},{"type":"Feature","properties":{"site_id":26,"event_code":"CE20231007PSE","latest_date":"2025-09-22T00:00:00+00:00","latest_class":1,"pass_count":13,"h":[["2023-11-07T00:00:00+00:00",4,3,3],["2023-11-26T00:00:00+00:00",4,3,0],["2024-01-06T00:00:00+00:00",1,1,1],["2024-02-29T00:00:00+00:00",1,1,0],["2024-04-01T00:00:00+00:00",1,1,0],["2024-05-03T00:00:00+00:00",1,1,0],["2024-07-06T00:00:00+00:00",1,1,0],["2024-09-06T00:00:00+00:00",1,1,0],["2024-12-01T00:00:00+00:00",1,1,0],["2025-02-25T00:00:00+00:00",1,1,0],["2025-04-04T00:00:00+00:00",1,1,0],["2025-07-08T00:00:00+00:00",1,1,0],["2025-09-22T00:00:00+00:00",1,1,0]]},"geometry":{"type":"Point","coordinates":[34.467714,31.480362]}},{"type":"Feature","properties":{"site_id":26,"event_code":"CE20231007PSE","latest_date":"2025-09-22T00:00:00+00:00","latest_class":1,"pass_count":13,"h":[["2023-11-07T00:00:00+00:00",4,3,3],["2023-11-26T00:00:00+00:00",4,3,0],["2024-01-06T00:00:00+00:00",1,1,1],["2024-02-29T00:00:00+00:00",1,1,0],["2024-04-01T00:00:00+00:00",1,1,0],["2024-05-03T00:00:00+00:00",1,1,0],["2024-07-06T00:00:00+00:00",1,1,0],["2024-09-06T00:00:00+00:00",1,1,0],["2024-12-01T00:00:00+00:00",1,1,0],["2025-02-25T00:00:00+00:00",1,1,0],["2025-04-04T00:00:00+00:00",1,1,0],["2025-07-08T00:00:00+00:00",1,1,0],["2025-09-22T00:00:00+00:00",1,1,0]]},"geometry":{"type":"Point","coordinates":[34.467293,31.480122]}},{"type":"Feature","properties":{"site_id":26,"event_code":"CE20231007PSE","latest_date":"2025-09-22T00:00:00+00:00","latest_class":1,"pass_count":13,"h":[["2023-11-07T00:00:00+00:00",4,3,3],["2023-11-26T00:00:00+00:00",4,3,0],["2024-01-06T00:00:00+00:00",1,1,1],["2024-02-29T00:00:00+00:00",1,1,0],["2024-04-01T00:00:00+00:00",1,1,0],["2024-05-03T00:00:00+00:00",1,1,0],["2024-07-06T00:00:00+00:00",1,1,0],["2024-09-06T00:00:00+00:00",1,1,0],["2024-12-01T00:00:00+00:00",1,1,0],["2025-02-25T00:00:00+00:00",1,1,0],["2025-04-04T00:00:00+00:00",1,1,0],["2025-07-08T00:00:00+00:00",1,1,0],["2025-09-22T00:00:00+00:00",1,1,0]]},"geometry":{"type":"Point","coordinates":[34.467561,31.481204]}},{"type":"Feature","properties":{"site_id":26,"event_code":"CE20231007PSE","latest_date":"2025-09-23T00:00:00+00:00","latest_class":1,"pass_count":13,"h":[["2023-11-07T00:00:00+00:00",4,3,3],["2023-11-26T00:00:00+00:00",4,3,0],["2024-01-06T00:00:00+00:00",3,2,1],["2024-02-29T00:00:00+00:00",3,2,0],["2024-04-01T00:00:00+00:00",3,2,0],["2024-05-03T00:00:00+00:00",3,2,0],["2024-07-06T00:00:00+00:00",3,2,0],["2024-09-06T00:00:00+00:00",3,2,0],["2024-12-01T00:00:00+00:00",3,2,0],["2025-02-25T00:00:00+00:00",3,2,0],["2025-04-04T00:00:00+00:00",3,2,0],["2025-07-08T00:00:00+00:00",2,1,1],["2025-09-23T00:00:00+00:00",1,1,1]]},"geometry":{"type":"Point","coordinates":[34.467413,31.481792]}},{"type":"Feature","properties":{"site_id":26,"event_code":"CE20231007PSE","latest_date":"2025-09-22T00:00:00+00:00","latest_class":1,"pass_count":14,"h":[["2023-10-15T00:00:00+00:00",3,2,null],["2023-11-07T00:00:00+00:00",3,2,0],["2023-11-26T00:00:00+00:00",3,2,0],["2024-01-06T00:00:00+00:00",3,2,0],["2024-02-29T00:00:00+00:00",3,2,0],["2024-04-01T00:00:00+00:00",3,2,0],["2024-05-03T00:00:00+00:00",3,2,0],["2024-07-06T00:00:00+00:00",3,2,0],["2024-09-06T00:00:00+00:00",3,2,0],["2024-12-01T00:00:00+00:00",3,2,0],["2025-02-25T00:00:00+00:00",3,2,0],["2025-04-04T00:00:00+00:00",3,2,0],["2025-07-08T00:00:00+00:00",1,1,1],["2025-09-22T00:00:00+00:00",1,1,0]]},"geometry":{"type":"Point","coordinates":[34.462892,31.48589]}},{"type":"Feature","properties":{"site_id":26,"event_code":"CE20231007PSE","latest_date":"2025-09-22T00:00:00+00:00","latest_class":1,"pass_count":14,"h":[["2023-10-15T00:00:00+00:00",3,2,null],["2023-11-07T00:00:00+00:00",3,2,0],["2023-11-26T00:00:00+00:00",3,2,0],["2024-01-06T00:00:00+00:00",3,2,0],["2024-02-29T00:00:00+00:00",3,2,0],["2024-04-01T00:00:00+00:00",3,2,0],["2024-05-03T00:00:00+00:00",3,2,0],["2024-07-06T00:00:00+00:00",3,2,0],["2024-09-06T00:00:00+00:00",3,2,0],["2024-12-01T00:00:00+00:00",3,2,0],["2025-02-25T00:00:00+00:00",3,2,0],["2025-04-04T00:00:00+00:00",3,2,0],["2025-07-08T00:00:00+00:00",1,1,1],["2025-09-22T00:00:00+00:00",1,1,0]]},"geometry":{"type":"Point","coordinates":[34.462779,31.486035]}},{"type":"Feature","properties":{"site_id":26,"event_code":"CE20231007PSE","latest_date":"2025-09-23T00:00:00+00:00","latest_class":1,"pass_count":13,"h":[["2023-11-07T00:00:00+00:00",2,1,3],["2023-11-26T00:00:00+00:00",2,1,0],["2024-01-06T00:00:00+00:00",2,1,0],["2024-02-29T00:00:00+00:00",2,1,0],["2024-04-01T00:00:00+00:00",2,1,0],["2024-05-03T00:00:00+00:00",2,1,0],["2024-07-06T00:00:00+00:00",2,1,0],["2024-09-06T00:00:00+00:00",2,1,0],["2024-12-01T00:00:00+00:00",2,1,0],["2025-02-25T00:00:00+00:00",2,1,0],["2025-04-04T00:00:00+00:00",2,1,0],["2025-07-08T00:00:00+00:00",1,1,1],["2025-09-23T00:00:00+00:00",1,1,0]]},"geometry":{"type":"Point","coordinates":[34.464499,31.483745]}},{"type":"Feature","properties":{"site_id":26,"event_code":"CE20231007PSE","latest_date":"2025-09-23T00:00:00+00:00","latest_class":1,"pass_count":13,"h":[["2023-11-07T00:00:00+00:00",3,2,3],["2023-11-26T00:00:00+00:00",3,2,0],["2024-01-06T00:00:00+00:00",3,2,0],["2024-02-29T00:00:00+00:00",3,2,0],["2024-04-01T00:00:00+00:00",3,2,0],["2024-05-03T00:00:00+00:00",3,2,0],["2024-07-06T00:00:00+00:00",3,2,0],["2024-09-06T00:00:00+00:00",3,2,0],["2024-12-01T00:00:00+00:00",3,2,0],["2025-02-25T00:00:00+00:00",3,2,0],["2025-04-04T00:00:00+00:00",3,2,0],["2025-07-08T00:00:00+00:00",1,1,1],["2025-09-23T00:00:00+00:00",1,1,0]]},"geometry":{"type":"Point","coordinates":[34.46472,31.483765]}},{"type":"Feature","properties":{"site_id":26,"event_code":"CE20231007PSE","latest_date":"2025-09-23T00:00:00+00:00","latest_class":1,"pass_count":13,"h":[["2023-11-07T00:00:00+00:00",2,1,3],["2023-11-26T00:00:00+00:00",2,1,0],["2024-01-06T00:00:00+00:00",2,1,0],["2024-02-29T00:00:00+00:00",2,1,0],["2024-04-01T00:00:00+00:00",2,1,0],["2024-05-03T00:00:00+00:00",2,1,0],["2024-07-06T00:00:00+00:00",2,1,0],["2024-09-06T00:00:00+00:00",2,1,0],["2024-12-01T00:00:00+00:00",2,1,0],["2025-02-25T00:00:00+00:00",2,1,0],["2025-04-04T00:00:00+00:00",2,1,0],["2025-07-08T00:00:00+00:00",1,1,1],["2025-09-23T00:00:00+00:00",1,1,0]]},"geometry":{"type":"Point","coordinates":[34.464528,31.484222]}},{"type":"Feature","properties":{"site_id":26,"event_code":"CE20231007PSE","latest_date":"2025-09-22T00:00:00+00:00","latest_class":1,"pass_count":13,"h":[["2023-11-07T00:00:00+00:00",2,1,3],["2023-11-26T00:00:00+00:00",2,1,0],["2024-01-06T00:00:00+00:00",2,1,0],["2024-02-29T00:00:00+00:00",2,1,0],["2024-04-01T00:00:00+00:00",2,1,0],["2024-05-03T00:00:00+00:00",2,1,0],["2024-07-06T00:00:00+00:00",2,1,0],["2024-09-06T00:00:00+00:00",2,1,0],["2024-12-01T00:00:00+00:00",2,1,0],["2025-02-25T00:00:00+00:00",2,1,0],["2025-04-04T00:00:00+00:00",2,1,0],["2025-07-08T00:00:00+00:00",1,1,1],["2025-09-22T00:00:00+00:00",1,1,0]]},"geometry":{"type":"Point","coordinates":[34.46221,31.486132]}},{"type":"Feature","properties":{"site_id":26,"event_code":"CE20231007PSE","latest_date":"2025-09-22T00:00:00+00:00","latest_class":1,"pass_count":13,"h":[["2023-11-07T00:00:00+00:00",1,1,3],["2023-11-26T00:00:00+00:00",1,1,0],["2024-01-06T00:00:00+00:00",1,1,0],["2024-02-29T00:00:00+00:00",1,1,0],["2024-04-01T00:00:00+00:00",1,1,0],["2024-05-03T00:00:00+00:00",1,1,0],["2024-07-06T00:00:00+00:00",1,1,0],["2024-09-06T00:00:00+00:00",1,1,0],["2024-12-01T00:00:00+00:00",1,1,0],["2025-02-25T00:00:00+00:00",1,1,0],["2025-04-04T00:00:00+00:00",1,1,0],["2025-07-08T00:00:00+00:00",1,1,0],["2025-09-22T00:00:00+00:00",1,1,0]]},"geometry":{"type":"Point","coordinates":[34.462276,31.486178]}},{"type":"Feature","properties":{"site_id":26,"event_code":"CE20231007PSE","latest_date":"2025-09-22T00:00:00+00:00","latest_class":1,"pass_count":13,"h":[["2023-11-07T00:00:00+00:00",3,2,3],["2023-11-26T00:00:00+00:00",3,2,0],["2024-01-06T00:00:00+00:00",1,1,1],["2024-02-29T00:00:00+00:00",1,1,0],["2024-04-01T00:00:00+00:00",1,1,0],["2024-05-03T00:00:00+00:00",1,1,0],["2024-07-06T00:00:00+00:00",1,1,0],["2024-09-06T00:00:00+00:00",1,1,0],["2024-12-01T00:00:00+00:00",1,1,0],["2025-02-25T00:00:00+00:00",1,1,0],["2025-04-04T00:00:00+00:00",1,1,0],["2025-07-08T00:00:00+00:00",1,1,0],["2025-09-22T00:00:00+00:00",1,1,0]]},"geometry":{"type":"Point","coordinates":[34.461731,31.485862]}},{"type":"Feature","properties":{"site_id":26,"event_code":"CE20231007PSE","latest_date":"2025-09-22T00:00:00+00:00","latest_class":1,"pass_count":13,"h":[["2023-11-07T00:00:00+00:00",3,2,3],["2023-11-26T00:00:00+00:00",3,2,0],["2024-01-06T00:00:00+00:00",1,1,1],["2024-02-29T00:00:00+00:00",1,1,0],["2024-04-01T00:00:00+00:00",1,1,0],["2024-05-03T00:00:00+00:00",1,1,0],["2024-07-06T00:00:00+00:00",1,1,0],["2024-09-06T00:00:00+00:00",1,1,0],["2024-12-01T00:00:00+00:00",1,1,0],["2025-02-25T00:00:00+00:00",1,1,0],["2025-04-04T00:00:00+00:00",1,1,0],["2025-07-08T00:00:00+00:00",1,1,0],["2025-09-22T00:00:00+00:00",1,1,0]]},"geometry":{"type":"Point","coordinates":[34.461968,31.48567]}},{"type":"Feature","properties":{"site_id":26,"event_code":"CE20231007PSE","latest_date":"2025-09-22T00:00:00+00:00","latest_class":1,"pass_count":14,"h":[["2023-10-15T00:00:00+00:00",4,3,null],["2023-11-07T00:00:00+00:00",3,2,1],["2023-11-26T00:00:00+00:00",3,2,0],["2024-01-06T00:00:00+00:00",2,2,1],["2024-02-29T00:00:00+00:00",2,2,0],["2024-04-01T00:00:00+00:00",2,2,0],["2024-05-03T00:00:00+00:00",2,2,0],["2024-07-06T00:00:00+00:00",2,2,0],["2024-09-06T00:00:00+00:00",2,2,0],["2024-12-01T00:00:00+00:00",2,2,0],["2025-02-25T00:00:00+00:00",2,2,0],["2025-04-04T00:00:00+00:00",2,2,0],["2025-07-08T00:00:00+00:00",1,1,1],["2025-09-22T00:00:00+00:00",1,1,0]]},"geometry":{"type":"Point","coordinates":[34.462789,31.485809]}},{"type":"Feature","properties":{"site_id":26,"event_code":"CE20231007PSE","latest_date":"2025-09-22T00:00:00+00:00","latest_class":1,"pass_count":13,"h":[["2023-11-07T00:00:00+00:00",3,2,3],["2023-11-26T00:00:00+00:00",3,2,0],["2024-01-06T00:00:00+00:00",1,1,1],["2024-02-29T00:00:00+00:00",1,1,0],["2024-04-01T00:00:00+00:00",1,1,0],["2024-05-03T00:00:00+00:00",1,1,0],["2024-07-06T00:00:00+00:00",1,1,0],["2024-09-06T00:00:00+00:00",1,1,0],["2024-12-01T00:00:00+00:00",1,1,0],["2025-02-25T00:00:00+00:00",1,1,0],["2025-04-04T00:00:00+00:00",1,1,0],["2025-07-08T00:00:00+00:00",1,1,0],["2025-09-22T00:00:00+00:00",1,1,0]]},"geometry":{"type":"Point","coordinates":[34.462544,31.485809]}},{"type":"Feature","properties":{"site_id":26,"event_code":"CE20231007PSE","latest_date":"2025-09-22T00:00:00+00:00","latest_class":1,"pass_count":13,"h":[["2023-11-07T00:00:00+00:00",2,1,3],["2023-11-26T00:00:00+00:00",2,1,0],["2024-01-06T00:00:00+00:00",1,1,1],["2024-02-29T00:00:00+00:00",1,1,0],["2024-04-01T00:00:00+00:00",1,1,0],["2024-05-03T00:00:00+00:00",1,1,0],["2024-07-06T00:00:00+00:00",1,1,0],["2024-09-06T00:00:00+00:00",1,1,0],["2024-12-01T00:00:00+00:00",1,1,0],["2025-02-25T00:00:00+00:00",1,1,0],["2025-04-04T00:00:00+00:00",1,1,0],["2025-07-08T00:00:00+00:00",1,1,0],["2025-09-22T00:00:00+00:00",1,1,0]]},"geometry":{"type":"Point","coordinates":[34.462427,31.485877]}},{"type":"Feature","properties":{"site_id":26,"event_code":"CE20231007PSE","latest_date":"2025-09-22T00:00:00+00:00","latest_class":1,"pass_count":13,"h":[["2023-11-07T00:00:00+00:00",1,1,3],["2023-11-26T00:00:00+00:00",1,1,0],["2024-01-06T00:00:00+00:00",1,1,0],["2024-02-29T00:00:00+00:00",1,1,0],["2024-04-01T00:00:00+00:00",1,1,0],["2024-05-03T00:00:00+00:00",1,1,0],["2024-07-06T00:00:00+00:00",1,1,0],["2024-09-06T00:00:00+00:00",1,1,0],["2024-12-01T00:00:00+00:00",1,1,0],["2025-02-25T00:00:00+00:00",1,1,0],["2025-04-04T00:00:00+00:00",1,1,0],["2025-07-08T00:00:00+00:00",1,1,0],["2025-09-22T00:00:00+00:00",1,1,0]]},"geometry":{"type":"Point","coordinates":[34.463075,31.485979]}},{"type":"Feature","properties":{"site_id":26,"event_code":"CE20231007PSE","latest_date":"2025-09-22T00:00:00+00:00","latest_class":1,"pass_count":13,"h":[["2023-11-07T00:00:00+00:00",2,1,3],["2023-11-26T00:00:00+00:00",2,1,0],["2024-01-06T00:00:00+00:00",2,1,0],["2024-02-29T00:00:00+00:00",2,1,0],["2024-04-01T00:00:00+00:00",2,1,0],["2024-05-03T00:00:00+00:00",2,1,0],["2024-07-06T00:00:00+00:00",2,1,0],["2024-09-06T00:00:00+00:00",2,1,0],["2024-12-01T00:00:00+00:00",2,1,0],["2025-02-25T00:00:00+00:00",2,1,0],["2025-04-04T00:00:00+00:00",2,1,0],["2025-07-08T00:00:00+00:00",1,1,1],["2025-09-22T00:00:00+00:00",1,1,0]]},"geometry":{"type":"Point","coordinates":[34.463571,31.484948]}},{"type":"Feature","properties":{"site_id":26,"event_code":"CE20231007PSE","latest_date":"2025-09-23T00:00:00+00:00","latest_class":1,"pass_count":13,"h":[["2023-11-07T00:00:00+00:00",3,2,3],["2023-11-26T00:00:00+00:00",3,2,0],["2024-01-06T00:00:00+00:00",3,2,0],["2024-02-29T00:00:00+00:00",3,2,0],["2024-04-01T00:00:00+00:00",3,2,0],["2024-05-03T00:00:00+00:00",3,2,0],["2024-07-06T00:00:00+00:00",3,2,0],["2024-09-06T00:00:00+00:00",3,2,0],["2024-12-01T00:00:00+00:00",3,2,0],["2025-02-25T00:00:00+00:00",3,2,0],["2025-04-04T00:00:00+00:00",3,2,0],["2025-07-08T00:00:00+00:00",1,1,1],["2025-09-23T00:00:00+00:00",1,1,0]]},"geometry":{"type":"Point","coordinates":[34.464001,31.484408]}},{"type":"Feature","properties":{"site_id":26,"event_code":"CE20231007PSE","latest_date":"2025-09-23T00:00:00+00:00","latest_class":1,"pass_count":13,"h":[["2023-11-07T00:00:00+00:00",2,1,3],["2023-11-26T00:00:00+00:00",2,1,0],["2024-01-06T00:00:00+00:00",2,1,0],["2024-02-29T00:00:00+00:00",2,1,0],["2024-04-01T00:00:00+00:00",2,1,0],["2024-05-03T00:00:00+00:00",2,1,0],["2024-07-06T00:00:00+00:00",2,1,0],["2024-09-06T00:00:00+00:00",2,1,0],["2024-12-01T00:00:00+00:00",2,1,0],["2025-02-25T00:00:00+00:00",2,1,0],["2025-04-04T00:00:00+00:00",2,1,0],["2025-07-08T00:00:00+00:00",1,1,1],["2025-09-23T00:00:00+00:00",1,1,0]]},"geometry":{"type":"Point","coordinates":[34.464001,31.484189]}},{"type":"Feature","properties":{"site_id":26,"event_code":"CE20231007PSE","latest_date":"2025-09-23T00:00:00+00:00","latest_class":1,"pass_count":13,"h":[["2023-11-07T00:00:00+00:00",3,2,3],["2023-11-26T00:00:00+00:00",3,2,0],["2024-01-06T00:00:00+00:00",3,2,0],["2024-02-29T00:00:00+00:00",3,2,0],["2024-04-01T00:00:00+00:00",3,2,0],["2024-05-03T00:00:00+00:00",3,2,0],["2024-07-06T00:00:00+00:00",3,2,0],["2024-09-06T00:00:00+00:00",3,2,0],["2024-12-01T00:00:00+00:00",3,2,0],["2025-02-25T00:00:00+00:00",3,2,0],["2025-04-04T00:00:00+00:00",3,2,0],["2025-07-08T00:00:00+00:00",1,1,1],["2025-09-23T00:00:00+00:00",1,1,0]]},"geometry":{"type":"Point","coordinates":[34.464367,31.484112]}},{"type":"Feature","properties":{"site_id":26,"event_code":"CE20231007PSE","latest_date":"2025-09-23T00:00:00+00:00","latest_class":1,"pass_count":13,"h":[["2023-11-07T00:00:00+00:00",1,1,3],["2023-11-26T00:00:00+00:00",1,1,0],["2024-01-06T00:00:00+00:00",1,1,0],["2024-02-29T00:00:00+00:00",1,1,0],["2024-04-01T00:00:00+00:00",1,1,0],["2024-05-03T00:00:00+00:00",1,1,0],["2024-07-06T00:00:00+00:00",1,1,0],["2024-09-06T00:00:00+00:00",1,1,0],["2024-12-01T00:00:00+00:00",1,1,0],["2025-02-25T00:00:00+00:00",1,1,0],["2025-04-04T00:00:00+00:00",1,1,0],["2025-07-08T00:00:00+00:00",1,1,0],["2025-09-23T00:00:00+00:00",1,1,0]]},"geometry":{"type":"Point","coordinates":[34.464947,31.484451]}},{"type":"Feature","properties":{"site_id":26,"event_code":"CE20231007PSE","latest_date":"2025-09-22T00:00:00+00:00","latest_class":1,"pass_count":13,"h":[["2023-11-07T00:00:00+00:00",4,3,3],["2023-11-26T00:00:00+00:00",4,3,0],["2024-01-06T00:00:00+00:00",1,1,1],["2024-02-29T00:00:00+00:00",1,1,0],["2024-04-01T00:00:00+00:00",1,1,0],["2024-05-03T00:00:00+00:00",1,1,0],["2024-07-06T00:00:00+00:00",1,1,0],["2024-09-06T00:00:00+00:00",1,1,0],["2024-12-01T00:00:00+00:00",1,1,0],["2025-02-25T00:00:00+00:00",1,1,0],["2025-04-04T00:00:00+00:00",1,1,0],["2025-07-08T00:00:00+00:00",1,1,0],["2025-09-22T00:00:00+00:00",1,1,0]]},"geometry":{"type":"Point","coordinates":[34.462154,31.485472]}},{"type":"Feature","properties":{"site_id":26,"event_code":"CE20231007PSE","latest_date":"2025-09-22T00:00:00+00:00","latest_class":1,"pass_count":11,"h":[["2024-01-06T00:00:00+00:00",2,1,3],["2024-02-29T00:00:00+00:00",2,1,0],["2024-04-01T00:00:00+00:00",2,1,0],["2024-05-03T00:00:00+00:00",2,1,0],["2024-07-06T00:00:00+00:00",2,1,0],["2024-09-06T00:00:00+00:00",2,1,0],["2024-12-01T00:00:00+00:00",2,1,0],["2025-02-25T00:00:00+00:00",2,1,0],["2025-04-04T00:00:00+00:00",2,1,0],["2025-07-08T00:00:00+00:00",2,1,0],["2025-09-22T00:00:00+00:00",1,1,1]]},"geometry":{"type":"Point","coordinates":[34.46235,31.485373]}},{"type":"Feature","properties":{"site_id":26,"event_code":"CE20231007PSE","latest_date":"2025-09-22T00:00:00+00:00","latest_class":1,"pass_count":13,"h":[["2023-11-07T00:00:00+00:00",4,3,3],["2023-11-26T00:00:00+00:00",4,3,0],["2024-01-06T00:00:00+00:00",2,1,1],["2024-02-29T00:00:00+00:00",2,1,0],["2024-04-01T00:00:00+00:00",2,1,0],["2024-05-03T00:00:00+00:00",2,1,0],["2024-07-06T00:00:00+00:00",2,1,0],["2024-09-06T00:00:00+00:00",2,1,0],["2024-12-01T00:00:00+00:00",2,1,0],["2025-02-25T00:00:00+00:00",2,1,0],["2025-04-04T00:00:00+00:00",2,1,0],["2025-07-08T00:00:00+00:00",2,1,0],["2025-09-22T00:00:00+00:00",1,1,1]]},"geometry":{"type":"Point","coordinates":[34.462103,31.485546]}},{"type":"Feature","properties":{"site_id":26,"event_code":"CE20231007PSE","latest_date":"2025-09-22T00:00:00+00:00","latest_class":1,"pass_count":13,"h":[["2023-11-07T00:00:00+00:00",4,3,3],["2023-11-26T00:00:00+00:00",4,3,0],["2024-01-06T00:00:00+00:00",2,1,1],["2024-02-29T00:00:00+00:00",2,1,0],["2024-04-01T00:00:00+00:00",2,1,0],["2024-05-03T00:00:00+00:00",2,1,0],["2024-07-06T00:00:00+00:00",2,1,0],["2024-09-06T00:00:00+00:00",2,1,0],["2024-12-01T00:00:00+00:00",2,1,0],["2025-02-25T00:00:00+00:00",2,1,0],["2025-04-04T00:00:00+00:00",2,1,0],["2025-07-08T00:00:00+00:00",2,1,0],["2025-09-22T00:00:00+00:00",1,1,1]]},"geometry":{"type":"Point","coordinates":[34.462018,31.485802]}},{"type":"Feature","properties":{"site_id":26,"event_code":"CE20231007PSE","latest_date":"2025-09-22T00:00:00+00:00","latest_class":1,"pass_count":11,"h":[["2024-01-06T00:00:00+00:00",1,1,3],["2024-02-29T00:00:00+00:00",1,1,0],["2024-04-01T00:00:00+00:00",1,1,0],["2024-05-03T00:00:00+00:00",1,1,0],["2024-07-06T00:00:00+00:00",1,1,0],["2024-09-06T00:00:00+00:00",1,1,0],["2024-12-01T00:00:00+00:00",1,1,0],["2025-02-25T00:00:00+00:00",1,1,0],["2025-04-04T00:00:00+00:00",1,1,0],["2025-07-08T00:00:00+00:00",1,1,0],["2025-09-22T00:00:00+00:00",1,1,0]]},"geometry":{"type":"Point","coordinates":[34.463009,31.485342]}},{"type":"Feature","properties":{"site_id":26,"event_code":"CE20231007PSE","latest_date":"2025-09-22T00:00:00+00:00","latest_class":1,"pass_count":11,"h":[["2024-01-06T00:00:00+00:00",1,1,3],["2024-02-29T00:00:00+00:00",1,1,0],["2024-04-01T00:00:00+00:00",1,1,0],["2024-05-03T00:00:00+00:00",1,1,0],["2024-07-06T00:00:00+00:00",1,1,0],["2024-09-06T00:00:00+00:00",1,1,0],["2024-12-01T00:00:00+00:00",1,1,0],["2025-02-25T00:00:00+00:00",1,1,0],["2025-04-04T00:00:00+00:00",1,1,0],["2025-07-08T00:00:00+00:00",1,1,0],["2025-09-22T00:00:00+00:00",1,1,0]]},"geometry":{"type":"Point","coordinates":[34.462935,31.485583]}},{"type":"Feature","properties":{"site_id":26,"event_code":"CE20231007PSE","latest_date":"2025-09-22T00:00:00+00:00","latest_class":1,"pass_count":11,"h":[["2024-01-06T00:00:00+00:00",1,1,3],["2024-02-29T00:00:00+00:00",1,1,0],["2024-04-01T00:00:00+00:00",1,1,0],["2024-05-03T00:00:00+00:00",1,1,0],["2024-07-06T00:00:00+00:00",1,1,0],["2024-09-06T00:00:00+00:00",1,1,0],["2024-12-01T00:00:00+00:00",1,1,0],["2025-02-25T00:00:00+00:00",1,1,0],["2025-04-04T00:00:00+00:00",1,1,0],["2025-07-08T00:00:00+00:00",1,1,0],["2025-09-22T00:00:00+00:00",1,1,0]]},"geometry":{"type":"Point","coordinates":[34.463045,31.485671]}},{"type":"Feature","properties":{"site_id":26,"event_code":"CE20231007PSE","latest_date":"2025-09-23T00:00:00+00:00","latest_class":1,"pass_count":11,"h":[["2024-01-06T00:00:00+00:00",1,1,3],["2024-02-29T00:00:00+00:00",1,1,0],["2024-04-01T00:00:00+00:00",1,1,0],["2024-05-03T00:00:00+00:00",1,1,0],["2024-07-06T00:00:00+00:00",1,1,0],["2024-09-06T00:00:00+00:00",1,1,0],["2024-12-01T00:00:00+00:00",1,1,0],["2025-02-25T00:00:00+00:00",1,1,0],["2025-04-04T00:00:00+00:00",1,1,0],["2025-07-08T00:00:00+00:00",1,1,0],["2025-09-23T00:00:00+00:00",1,1,0]]},"geometry":{"type":"Point","coordinates":[34.464922,31.483738]}},{"type":"Feature","properties":{"site_id":26,"event_code":"CE20231007PSE","latest_date":"2025-09-23T00:00:00+00:00","latest_class":1,"pass_count":11,"h":[["2024-01-06T00:00:00+00:00",3,2,3],["2024-02-29T00:00:00+00:00",3,2,0],["2024-04-01T00:00:00+00:00",3,2,0],["2024-05-03T00:00:00+00:00",3,2,0],["2024-07-06T00:00:00+00:00",3,2,0],["2024-09-06T00:00:00+00:00",3,2,0],["2024-12-01T00:00:00+00:00",3,2,0],["2025-02-25T00:00:00+00:00",3,2,0],["2025-04-04T00:00:00+00:00",3,2,0],["2025-07-08T00:00:00+00:00",1,1,1],["2025-09-23T00:00:00+00:00",1,1,0]]},"geometry":{"type":"Point","coordinates":[34.464602,31.486903]}},{"type":"Feature","properties":{"site_id":26,"event_code":"CE20231007PSE","latest_date":"2025-09-22T00:00:00+00:00","latest_class":1,"pass_count":11,"h":[["2024-01-06T00:00:00+00:00",3,2,3],["2024-02-29T00:00:00+00:00",3,2,0],["2024-04-01T00:00:00+00:00",3,2,0],["2024-05-03T00:00:00+00:00",3,2,0],["2024-07-06T00:00:00+00:00",3,2,0],["2024-09-06T00:00:00+00:00",3,2,0],["2024-12-01T00:00:00+00:00",3,2,0],["2025-02-25T00:00:00+00:00",3,2,0],["2025-04-04T00:00:00+00:00",3,2,0],["2025-07-08T00:00:00+00:00",1,1,1],["2025-09-22T00:00:00+00:00",1,1,0]]},"geometry":{"type":"Point","coordinates":[34.463366,31.485073]}},{"type":"Feature","properties":{"site_id":26,"event_code":"CE20231007PSE","latest_date":"2025-09-23T00:00:00+00:00","latest_class":1,"pass_count":11,"h":[["2024-01-06T00:00:00+00:00",4,3,3],["2024-02-29T00:00:00+00:00",3,2,1],["2024-04-01T00:00:00+00:00",3,2,0],["2024-05-03T00:00:00+00:00",3,2,0],["2024-07-06T00:00:00+00:00",3,2,0],["2024-09-06T00:00:00+00:00",3,2,0],["2024-12-01T00:00:00+00:00",3,2,0],["2025-02-25T00:00:00+00:00",3,2,0],["2025-04-04T00:00:00+00:00",3,2,0],["2025-07-08T00:00:00+00:00",1,1,1],["2025-09-23T00:00:00+00:00",1,1,0]]},"geometry":{"type":"Point","coordinates":[34.46385,31.48481]}},{"type":"Feature","properties":{"site_id":26,"event_code":"CE20231007PSE","latest_date":"2025-09-23T00:00:00+00:00","latest_class":1,"pass_count":13,"h":[["2023-11-07T00:00:00+00:00",1,1,3],["2023-11-26T00:00:00+00:00",1,1,0],["2024-01-06T00:00:00+00:00",1,1,0],["2024-02-29T00:00:00+00:00",1,1,0],["2024-04-01T00:00:00+00:00",1,1,0],["2024-05-03T00:00:00+00:00",1,1,0],["2024-07-06T00:00:00+00:00",1,1,0],["2024-09-06T00:00:00+00:00",1,1,0],["2024-12-01T00:00:00+00:00",1,1,0],["2025-02-25T00:00:00+00:00",1,1,0],["2025-04-04T00:00:00+00:00",1,1,0],["2025-07-08T00:00:00+00:00",1,1,0],["2025-09-23T00:00:00+00:00",1,1,0]]},"geometry":{"type":"Point","coordinates":[34.465112,31.483929]}},{"type":"Feature","properties":{"site_id":26,"event_code":"CE20231007PSE","latest_date":"2025-09-23T00:00:00+00:00","latest_class":1,"pass_count":13,"h":[["2023-11-07T00:00:00+00:00",3,2,3],["2023-11-26T00:00:00+00:00",3,2,0],["2024-01-06T00:00:00+00:00",1,1,1],["2024-02-29T00:00:00+00:00",1,1,0],["2024-04-01T00:00:00+00:00",1,1,0],["2024-05-03T00:00:00+00:00",1,1,0],["2024-07-06T00:00:00+00:00",1,1,0],["2024-09-06T00:00:00+00:00",1,1,0],["2024-12-01T00:00:00+00:00",1,1,0],["2025-02-25T00:00:00+00:00",1,1,0],["2025-04-04T00:00:00+00:00",1,1,0],["2025-07-08T00:00:00+00:00",1,1,0],["2025-09-23T00:00:00+00:00",1,1,0]]},"geometry":{"type":"Point","coordinates":[34.465351,31.484248]}},{"type":"Feature","properties":{"site_id":26,"event_code":"CE20231007PSE","latest_date":"2025-09-22T00:00:00+00:00","latest_class":1,"pass_count":14,"h":[["2023-10-15T00:00:00+00:00",3,2,null],["2023-11-07T00:00:00+00:00",3,2,0],["2023-11-26T00:00:00+00:00",3,2,0],["2024-01-06T00:00:00+00:00",1,1,1],["2024-02-29T00:00:00+00:00",1,1,0],["2024-04-01T00:00:00+00:00",1,1,0],["2024-05-03T00:00:00+00:00",1,1,0],["2024-07-06T00:00:00+00:00",1,1,0],["2024-09-06T00:00:00+00:00",1,1,0],["2024-12-01T00:00:00+00:00",1,1,0],["2025-02-25T00:00:00+00:00",1,1,0],["2025-04-04T00:00:00+00:00",1,1,0],["2025-07-08T00:00:00+00:00",1,1,0],["2025-09-22T00:00:00+00:00",1,1,0]]},"geometry":{"type":"Point","coordinates":[34.472236,31.486729]}},{"type":"Feature","properties":{"site_id":26,"event_code":"CE20231007PSE","latest_date":"2025-09-22T00:00:00+00:00","latest_class":1,"pass_count":13,"h":[["2023-11-07T00:00:00+00:00",3,2,3],["2023-11-26T00:00:00+00:00",3,2,0],["2024-01-06T00:00:00+00:00",1,1,1],["2024-02-29T00:00:00+00:00",1,1,0],["2024-04-01T00:00:00+00:00",1,1,0],["2024-05-03T00:00:00+00:00",1,1,0],["2024-07-06T00:00:00+00:00",1,1,0],["2024-09-06T00:00:00+00:00",1,1,0],["2024-12-01T00:00:00+00:00",1,1,0],["2025-02-25T00:00:00+00:00",1,1,0],["2025-04-04T00:00:00+00:00",1,1,0],["2025-07-08T00:00:00+00:00",1,1,0],["2025-09-22T00:00:00+00:00",1,1,0]]},"geometry":{"type":"Point","coordinates":[34.470813,31.488168]}},{"type":"Feature","properties":{"site_id":26,"event_code":"CE20231007PSE","latest_date":"2025-09-22T00:00:00+00:00","latest_class":1,"pass_count":13,"h":[["2023-11-07T00:00:00+00:00",3,2,3],["2023-11-26T00:00:00+00:00",3,2,0],["2024-01-06T00:00:00+00:00",1,1,1],["2024-02-29T00:00:00+00:00",1,1,0],["2024-04-01T00:00:00+00:00",1,1,0],["2024-05-03T00:00:00+00:00",1,1,0],["2024-07-06T00:00:00+00:00",1,1,0],["2024-09-06T00:00:00+00:00",1,1,0],["2024-12-01T00:00:00+00:00",1,1,0],["2025-02-25T00:00:00+00:00",1,1,0],["2025-04-04T00:00:00+00:00",1,1,0],["2025-07-08T00:00:00+00:00",1,1,0],["2025-09-22T00:00:00+00:00",1,1,0]]},"geometry":{"type":"Point","coordinates":[34.47139,31.488333]}},{"type":"Feature","properties":{"site_id":26,"event_code":"CE20231007PSE","latest_date":"2025-09-22T00:00:00+00:00","latest_class":1,"pass_count":13,"h":[["2023-11-07T00:00:00+00:00",1,1,3],["2023-11-26T00:00:00+00:00",1,1,0],["2024-01-06T00:00:00+00:00",1,1,0],["2024-02-29T00:00:00+00:00",1,1,0],["2024-04-01T00:00:00+00:00",1,1,0],["2024-05-03T00:00:00+00:00",1,1,0],["2024-07-06T00:00:00+00:00",1,1,0],["2024-09-06T00:00:00+00:00",1,1,0],["2024-12-01T00:00:00+00:00",1,1,0],["2025-02-25T00:00:00+00:00",1,1,0],["2025-04-04T00:00:00+00:00",1,1,0],["2025-07-08T00:00:00+00:00",1,1,0],["2025-09-22T00:00:00+00:00",1,1,0]]},"geometry":{"type":"Point","coordinates":[34.47074,31.487925]}},{"type":"Feature","properties":{"site_id":26,"event_code":"CE20231007PSE","latest_date":"2025-09-23T00:00:00+00:00","latest_class":1,"pass_count":13,"h":[["2023-11-07T00:00:00+00:00",1,1,3],["2023-11-26T00:00:00+00:00",1,1,0],["2024-01-06T00:00:00+00:00",1,1,0],["2024-02-29T00:00:00+00:00",1,1,0],["2024-04-01T00:00:00+00:00",1,1,0],["2024-05-03T00:00:00+00:00",1,1,0],["2024-07-06T00:00:00+00:00",1,1,0],["2024-09-06T00:00:00+00:00",1,1,0],["2024-12-01T00:00:00+00:00",1,1,0],["2025-02-25T00:00:00+00:00",1,1,0],["2025-04-04T00:00:00+00:00",1,1,0],["2025-07-08T00:00:00+00:00",1,1,0],["2025-09-23T00:00:00+00:00",1,1,0]]},"geometry":{"type":"Point","coordinates":[34.465804,31.482862]}},{"type":"Feature","properties":{"site_id":26,"event_code":"CE20231007PSE","latest_date":"2025-09-23T00:00:00+00:00","latest_class":1,"pass_count":13,"h":[["2023-11-07T00:00:00+00:00",2,1,3],["2023-11-26T00:00:00+00:00",2,1,0],["2024-01-06T00:00:00+00:00",1,1,1],["2024-02-29T00:00:00+00:00",1,1,0],["2024-04-01T00:00:00+00:00",1,1,0],["2024-05-03T00:00:00+00:00",1,1,0],["2024-07-06T00:00:00+00:00",1,1,0],["2024-09-06T00:00:00+00:00",1,1,0],["2024-12-01T00:00:00+00:00",1,1,0],["2025-02-25T00:00:00+00:00",1,1,0],["2025-04-04T00:00:00+00:00",1,1,0],["2025-07-08T00:00:00+00:00",1,1,0],["2025-09-23T00:00:00+00:00",1,1,0]]},"geometry":{"type":"Point","coordinates":[34.465957,31.482667]}},{"type":"Feature","properties":{"site_id":26,"event_code":"CE20231007PSE","latest_date":"2025-09-23T00:00:00+00:00","latest_class":1,"pass_count":13,"h":[["2023-11-07T00:00:00+00:00",2,1,3],["2023-11-26T00:00:00+00:00",1,1,1],["2024-01-06T00:00:00+00:00",1,1,0],["2024-02-29T00:00:00+00:00",1,1,0],["2024-04-01T00:00:00+00:00",1,1,0],["2024-05-03T00:00:00+00:00",1,1,0],["2024-07-06T00:00:00+00:00",1,1,0],["2024-09-06T00:00:00+00:00",1,1,0],["2024-12-01T00:00:00+00:00",1,1,0],["2025-02-25T00:00:00+00:00",1,1,0],["2025-04-04T00:00:00+00:00",1,1,0],["2025-07-08T00:00:00+00:00",1,1,0],["2025-09-23T00:00:00+00:00",1,1,0]]},"geometry":{"type":"Point","coordinates":[34.467155,31.483407]}},{"type":"Feature","properties":{"site_id":26,"event_code":"CE20231007PSE","latest_date":"2025-09-23T00:00:00+00:00","latest_class":1,"pass_count":13,"h":[["2023-11-07T00:00:00+00:00",3,2,3],["2023-11-26T00:00:00+00:00",2,2,1],["2024-01-06T00:00:00+00:00",1,1,1],["2024-02-29T00:00:00+00:00",1,1,0],["2024-04-01T00:00:00+00:00",1,1,0],["2024-05-03T00:00:00+00:00",1,1,0],["2024-07-06T00:00:00+00:00",1,1,0],["2024-09-06T00:00:00+00:00",1,1,0],["2024-12-01T00:00:00+00:00",1,1,0],["2025-02-25T00:00:00+00:00",1,1,0],["2025-04-04T00:00:00+00:00",1,1,0],["2025-07-08T00:00:00+00:00",1,1,0],["2025-09-23T00:00:00+00:00",1,1,0]]},"geometry":{"type":"Point","coordinates":[34.467061,31.483469]}},{"type":"Feature","properties":{"site_id":26,"event_code":"CE20231007PSE","latest_date":"2025-09-23T00:00:00+00:00","latest_class":1,"pass_count":13,"h":[["2023-11-07T00:00:00+00:00",2,1,3],["2023-11-26T00:00:00+00:00",2,1,0],["2024-01-06T00:00:00+00:00",1,1,1],["2024-02-29T00:00:00+00:00",1,1,0],["2024-04-01T00:00:00+00:00",1,1,0],["2024-05-03T00:00:00+00:00",1,1,0],["2024-07-06T00:00:00+00:00",1,1,0],["2024-09-06T00:00:00+00:00",1,1,0],["2024-12-01T00:00:00+00:00",1,1,0],["2025-02-25T00:00:00+00:00",1,1,0],["2025-04-04T00:00:00+00:00",1,1,0],["2025-07-08T00:00:00+00:00",1,1,0],["2025-09-23T00:00:00+00:00",1,1,0]]},"geometry":{"type":"Point","coordinates":[34.466436,31.483052]}},{"type":"Feature","properties":{"site_id":26,"event_code":"CE20231007PSE","latest_date":"2025-09-23T00:00:00+00:00","latest_class":1,"pass_count":13,"h":[["2023-11-07T00:00:00+00:00",3,2,3],["2023-11-26T00:00:00+00:00",3,2,0],["2024-01-06T00:00:00+00:00",3,2,0],["2024-02-29T00:00:00+00:00",3,2,0],["2024-04-01T00:00:00+00:00",3,2,0],["2024-05-03T00:00:00+00:00",1,1,1],["2024-07-06T00:00:00+00:00",1,1,0],["2024-09-06T00:00:00+00:00",1,1,0],["2024-12-01T00:00:00+00:00",1,1,0],["2025-02-25T00:00:00+00:00",1,1,0],["2025-04-04T00:00:00+00:00",1,1,0],["2025-07-08T00:00:00+00:00",1,1,0],["2025-09-23T00:00:00+00:00",1,1,0]]},"geometry":{"type":"Point","coordinates":[34.46658,31.482947]}},{"type":"Feature","properties":{"site_id":26,"event_code":"CE20231007PSE","latest_date":"2025-09-23T00:00:00+00:00","latest_class":1,"pass_count":13,"h":[["2023-11-07T00:00:00+00:00",2,1,3],["2023-11-26T00:00:00+00:00",2,1,0],["2024-01-06T00:00:00+00:00",1,1,1],["2024-02-29T00:00:00+00:00",1,1,0],["2024-04-01T00:00:00+00:00",1,1,0],["2024-05-03T00:00:00+00:00",1,1,0],["2024-07-06T00:00:00+00:00",1,1,0],["2024-09-06T00:00:00+00:00",1,1,0],["2024-12-01T00:00:00+00:00",1,1,0],["2025-02-25T00:00:00+00:00",1,1,0],["2025-04-04T00:00:00+00:00",1,1,0],["2025-07-08T00:00:00+00:00",1,1,0],["2025-09-23T00:00:00+00:00",1,1,0]]},"geometry":{"type":"Point","coordinates":[34.465994,31.483693]}},{"type":"Feature","properties":{"site_id":26,"event_code":"CE20231007PSE","latest_date":"2025-09-23T00:00:00+00:00","latest_class":1,"pass_count":13,"h":[["2023-11-07T00:00:00+00:00",3,2,3],["2023-11-26T00:00:00+00:00",3,2,0],["2024-01-06T00:00:00+00:00",2,1,1],["2024-02-29T00:00:00+00:00",2,1,0],["2024-04-01T00:00:00+00:00",2,1,0],["2024-05-03T00:00:00+00:00",1,1,1],["2024-07-06T00:00:00+00:00",1,1,0],["2024-09-06T00:00:00+00:00",1,1,0],["2024-12-01T00:00:00+00:00",1,1,0],["2025-02-25T00:00:00+00:00",1,1,0],["2025-04-04T00:00:00+00:00",1,1,0],["2025-07-08T00:00:00+00:00",1,1,0],["2025-09-23T00:00:00+00:00",1,1,0]]},"geometry":{"type":"Point","coordinates":[34.467002,31.482521]}},{"type":"Feature","properties":{"site_id":26,"event_code":"CE20231007PSE","latest_date":"2025-09-23T00:00:00+00:00","latest_class":1,"pass_count":13,"h":[["2023-11-07T00:00:00+00:00",3,2,3],["2023-11-26T00:00:00+00:00",3,2,0],["2024-01-06T00:00:00+00:00",3,2,0],["2024-02-29T00:00:00+00:00",3,2,0],["2024-04-01T00:00:00+00:00",3,2,0],["2024-05-03T00:00:00+00:00",3,2,0],["2024-07-06T00:00:00+00:00",3,2,0],["2024-09-06T00:00:00+00:00",3,2,0],["2024-12-01T00:00:00+00:00",2,1,1],["2025-02-25T00:00:00+00:00",2,1,0],["2025-04-04T00:00:00+00:00",2,1,0],["2025-07-08T00:00:00+00:00",1,1,1],["2025-09-23T00:00:00+00:00",1,1,0]]},"geometry":{"type":"Point","coordinates":[34.467509,31.482286]}},{"type":"Feature","properties":{"site_id":26,"event_code":"CE20231007PSE","latest_date":"2025-09-23T00:00:00+00:00","latest_class":1,"pass_count":13,"h":[["2023-11-07T00:00:00+00:00",2,1,3],["2023-11-26T00:00:00+00:00",2,1,0],["2024-01-06T00:00:00+00:00",2,1,0],["2024-02-29T00:00:00+00:00",2,1,0],["2024-04-01T00:00:00+00:00",2,1,0],["2024-05-03T00:00:00+00:00",2,1,0],["2024-07-06T00:00:00+00:00",2,1,0],["2024-09-06T00:00:00+00:00",2,1,0],["2024-12-01T00:00:00+00:00",2,1,0],["2025-02-25T00:00:00+00:00",2,1,0],["2025-04-04T00:00:00+00:00",2,1,0],["2025-07-08T00:00:00+00:00",1,1,1],["2025-09-23T00:00:00+00:00",1,1,0]]},"geometry":{"type":"Point","coordinates":[34.467374,31.482391]}},{"type":"Feature","properties":{"site_id":26,"event_code":"CE20231007PSE","latest_date":"2025-09-23T00:00:00+00:00","latest_class":1,"pass_count":13,"h":[["2023-11-07T00:00:00+00:00",3,2,3],["2023-11-26T00:00:00+00:00",3,2,0],["2024-01-06T00:00:00+00:00",1,1,1],["2024-02-29T00:00:00+00:00",1,1,0],["2024-04-01T00:00:00+00:00",1,1,0],["2024-05-03T00:00:00+00:00",1,1,0],["2024-07-06T00:00:00+00:00",1,1,0],["2024-09-06T00:00:00+00:00",1,1,0],["2024-12-01T00:00:00+00:00",1,1,0],["2025-02-25T00:00:00+00:00",1,1,0],["2025-04-04T00:00:00+00:00",1,1,0],["2025-07-08T00:00:00+00:00",1,1,0],["2025-09-23T00:00:00+00:00",1,1,0]]},"geometry":{"type":"Point","coordinates":[34.466723,31.483778]}},{"type":"Feature","properties":{"site_id":26,"event_code":"CE20231007PSE","latest_date":"2025-09-22T00:00:00+00:00","latest_class":1,"pass_count":13,"h":[["2023-11-07T00:00:00+00:00",1,1,3],["2023-11-26T00:00:00+00:00",1,1,0],["2024-01-06T00:00:00+00:00",1,1,0],["2024-02-29T00:00:00+00:00",1,1,0],["2024-04-01T00:00:00+00:00",1,1,0],["2024-05-03T00:00:00+00:00",1,1,0],["2024-07-06T00:00:00+00:00",1,1,0],["2024-09-06T00:00:00+00:00",1,1,0],["2024-12-01T00:00:00+00:00",1,1,0],["2025-02-25T00:00:00+00:00",1,1,0],["2025-04-04T00:00:00+00:00",1,1,0],["2025-07-08T00:00:00+00:00",1,1,0],["2025-09-22T00:00:00+00:00",1,1,0]]},"geometry":{"type":"Point","coordinates":[34.467766,31.483691]}},{"type":"Feature","properties":{"site_id":26,"event_code":"CE20231007PSE","latest_date":"2025-09-22T00:00:00+00:00","latest_class":1,"pass_count":13,"h":[["2023-11-07T00:00:00+00:00",3,2,3],["2023-11-26T00:00:00+00:00",3,2,0],["2024-01-06T00:00:00+00:00",2,2,1],["2024-02-29T00:00:00+00:00",2,2,0],["2024-04-01T00:00:00+00:00",2,2,0],["2024-05-03T00:00:00+00:00",2,2,0],["2024-07-06T00:00:00+00:00",2,2,0],["2024-09-06T00:00:00+00:00",2,2,0],["2024-12-01T00:00:00+00:00",2,2,0],["2025-02-25T00:00:00+00:00",2,2,0],["2025-04-04T00:00:00+00:00",2,2,0],["2025-07-08T00:00:00+00:00",1,1,1],["2025-09-22T00:00:00+00:00",1,1,0]]},"geometry":{"type":"Point","coordinates":[34.467615,31.48385]}},{"type":"Feature","properties":{"site_id":26,"event_code":"CE20231007PSE","latest_date":"2025-09-22T00:00:00+00:00","latest_class":1,"pass_count":13,"h":[["2023-11-07T00:00:00+00:00",2,1,3],["2023-11-26T00:00:00+00:00",2,1,0],["2024-01-06T00:00:00+00:00",2,1,0],["2024-02-29T00:00:00+00:00",2,1,0],["2024-04-01T00:00:00+00:00",2,1,0],["2024-05-03T00:00:00+00:00",2,1,0],["2024-07-06T00:00:00+00:00",2,1,0],["2024-09-06T00:00:00+00:00",2,1,0],["2024-12-01T00:00:00+00:00",2,1,0],["2025-02-25T00:00:00+00:00",2,1,0],["2025-04-04T00:00:00+00:00",2,1,0],["2025-07-08T00:00:00+00:00",1,1,1],["2025-09-22T00:00:00+00:00",1,1,0]]},"geometry":{"type":"Point","coordinates":[34.467879,31.48414]}},{"type":"Feature","properties":{"site_id":26,"event_code":"CE20231007PSE","latest_date":"2025-09-22T00:00:00+00:00","latest_class":1,"pass_count":13,"h":[["2023-11-07T00:00:00+00:00",1,1,3],["2023-11-26T00:00:00+00:00",1,1,0],["2024-01-06T00:00:00+00:00",1,1,0],["2024-02-29T00:00:00+00:00",1,1,0],["2024-04-01T00:00:00+00:00",1,1,0],["2024-05-03T00:00:00+00:00",1,1,0],["2024-07-06T00:00:00+00:00",1,1,0],["2024-09-06T00:00:00+00:00",1,1,0],["2024-12-01T00:00:00+00:00",1,1,0],["2025-02-25T00:00:00+00:00",1,1,0],["2025-04-04T00:00:00+00:00",1,1,0],["2025-07-08T00:00:00+00:00",1,1,0],["2025-09-22T00:00:00+00:00",1,1,0]]},"geometry":{"type":"Point","coordinates":[34.467985,31.483905]}},{"type":"Feature","properties":{"site_id":26,"event_code":"CE20231007PSE","latest_date":"2025-09-22T00:00:00+00:00","latest_class":1,"pass_count":13,"h":[["2023-11-07T00:00:00+00:00",3,2,3],["2023-11-26T00:00:00+00:00",3,2,0],["2024-01-06T00:00:00+00:00",3,2,0],["2024-02-29T00:00:00+00:00",3,2,0],["2024-04-01T00:00:00+00:00",3,2,0],["2024-05-03T00:00:00+00:00",3,2,0],["2024-07-06T00:00:00+00:00",3,2,0],["2024-09-06T00:00:00+00:00",3,2,0],["2024-12-01T00:00:00+00:00",3,2,0],["2025-02-25T00:00:00+00:00",3,2,0],["2025-04-04T00:00:00+00:00",3,2,0],["2025-07-08T00:00:00+00:00",1,1,1],["2025-09-22T00:00:00+00:00",1,1,0]]},"geometry":{"type":"Point","coordinates":[34.467867,31.484333]}},{"type":"Feature","properties":{"site_id":26,"event_code":"CE20231007PSE","latest_date":"2025-09-23T00:00:00+00:00","latest_class":1,"pass_count":13,"h":[["2023-11-07T00:00:00+00:00",3,2,3],["2023-11-26T00:00:00+00:00",3,2,0],["2024-01-06T00:00:00+00:00",3,2,0],["2024-02-29T00:00:00+00:00",3,2,0],["2024-04-01T00:00:00+00:00",3,2,0],["2024-05-03T00:00:00+00:00",3,2,0],["2024-07-06T00:00:00+00:00",1,1,1],["2024-09-06T00:00:00+00:00",1,1,0],["2024-12-01T00:00:00+00:00",1,1,0],["2025-02-25T00:00:00+00:00",1,1,0],["2025-04-04T00:00:00+00:00",1,1,0],["2025-07-08T00:00:00+00:00",1,1,0],["2025-09-23T00:00:00+00:00",1,1,0]]},"geometry":{"type":"Point","coordinates":[34.468343,31.483991]}},{"type":"Feature","properties":{"site_id":26,"event_code":"CE20231007PSE","latest_date":"2025-09-23T00:00:00+00:00","latest_class":1,"pass_count":13,"h":[["2023-11-07T00:00:00+00:00",3,2,3],["2023-11-26T00:00:00+00:00",3,2,0],["2024-01-06T00:00:00+00:00",3,2,0],["2024-02-29T00:00:00+00:00",3,2,0],["2024-04-01T00:00:00+00:00",3,2,0],["2024-05-03T00:00:00+00:00",3,2,0],["2024-07-06T00:00:00+00:00",3,2,0],["2024-09-06T00:00:00+00:00",3,2,0],["2024-12-01T00:00:00+00:00",3,2,0],["2025-02-25T00:00:00+00:00",3,2,0],["2025-04-04T00:00:00+00:00",3,2,0],["2025-07-08T00:00:00+00:00",1,1,1],["2025-09-23T00:00:00+00:00",1,1,0]]},"geometry":{"type":"Point","coordinates":[34.468516,31.483978]}},{"type":"Feature","properties":{"site_id":26,"event_code":"CE20231007PSE","latest_date":"2025-09-22T00:00:00+00:00","latest_class":1,"pass_count":13,"h":[["2023-11-07T00:00:00+00:00",2,1,3],["2023-11-26T00:00:00+00:00",2,1,0],["2024-01-06T00:00:00+00:00",2,1,0],["2024-02-29T00:00:00+00:00",2,1,0],["2024-04-01T00:00:00+00:00",2,1,0],["2024-05-03T00:00:00+00:00",2,1,0],["2024-07-06T00:00:00+00:00",2,1,0],["2024-09-06T00:00:00+00:00",1,1,1],["2024-12-01T00:00:00+00:00",1,1,0],["2025-02-25T00:00:00+00:00",1,1,0],["2025-04-04T00:00:00+00:00",1,1,0],["2025-07-08T00:00:00+00:00",1,1,0],["2025-09-22T00:00:00+00:00",1,1,0]]},"geometry":{"type":"Point","coordinates":[34.472722,31.4856]}},{"type":"Feature","properties":{"site_id":26,"event_code":"CE20231007PSE","latest_date":"2025-09-22T00:00:00+00:00","latest_class":1,"pass_count":13,"h":[["2023-11-07T00:00:00+00:00",2,1,3],["2023-11-26T00:00:00+00:00",2,1,0],["2024-01-06T00:00:00+00:00",2,1,0],["2024-02-29T00:00:00+00:00",2,1,0],["2024-04-01T00:00:00+00:00",2,1,0],["2024-05-03T00:00:00+00:00",2,1,0],["2024-07-06T00:00:00+00:00",2,1,0],["2024-09-06T00:00:00+00:00",2,1,0],["2024-12-01T00:00:00+00:00",2,1,0],["2025-02-25T00:00:00+00:00",2,1,0],["2025-04-04T00:00:00+00:00",2,1,0],["2025-07-08T00:00:00+00:00",1,1,1],["2025-09-22T00:00:00+00:00",1,1,0]]},"geometry":{"type":"Point","coordinates":[34.472201,31.484251]}},{"type":"Feature","properties":{"site_id":26,"event_code":"CE20231007PSE","latest_date":"2025-09-22T00:00:00+00:00","latest_class":1,"pass_count":13,"h":[["2023-11-07T00:00:00+00:00",3,2,3],["2023-11-26T00:00:00+00:00",3,2,0],["2024-01-06T00:00:00+00:00",1,1,1],["2024-02-29T00:00:00+00:00",1,1,0],["2024-04-01T00:00:00+00:00",1,1,0],["2024-05-03T00:00:00+00:00",1,1,0],["2024-07-06T00:00:00+00:00",1,1,0],["2024-09-06T00:00:00+00:00",1,1,0],["2024-12-01T00:00:00+00:00",1,1,0],["2025-02-25T00:00:00+00:00",1,1,0],["2025-04-04T00:00:00+00:00",1,1,0],["2025-07-08T00:00:00+00:00",1,1,0],["2025-09-22T00:00:00+00:00",1,1,0]]},"geometry":{"type":"Point","coordinates":[34.472788,31.484625]}},{"type":"Feature","properties":{"site_id":26,"event_code":"CE20231007PSE","latest_date":"2025-09-22T00:00:00+00:00","latest_class":1,"pass_count":13,"h":[["2023-11-07T00:00:00+00:00",3,2,3],["2023-11-26T00:00:00+00:00",3,2,0],["2024-01-06T00:00:00+00:00",1,1,1],["2024-02-29T00:00:00+00:00",1,1,0],["2024-04-01T00:00:00+00:00",1,1,0],["2024-05-03T00:00:00+00:00",1,1,0],["2024-07-06T00:00:00+00:00",1,1,0],["2024-09-06T00:00:00+00:00",1,1,0],["2024-12-01T00:00:00+00:00",1,1,0],["2025-02-25T00:00:00+00:00",1,1,0],["2025-04-04T00:00:00+00:00",1,1,0],["2025-07-08T00:00:00+00:00",1,1,0],["2025-09-22T00:00:00+00:00",1,1,0]]},"geometry":{"type":"Point","coordinates":[34.472878,31.484549]}},{"type":"Feature","properties":{"site_id":26,"event_code":"CE20231007PSE","latest_date":"2025-09-22T00:00:00+00:00","latest_class":1,"pass_count":13,"h":[["2023-11-07T00:00:00+00:00",1,1,3],["2023-11-26T00:00:00+00:00",1,1,0],["2024-01-06T00:00:00+00:00",1,1,0],["2024-02-29T00:00:00+00:00",1,1,0],["2024-04-01T00:00:00+00:00",1,1,0],["2024-05-03T00:00:00+00:00",1,1,0],["2024-07-06T00:00:00+00:00",1,1,0],["2024-09-06T00:00:00+00:00",1,1,0],["2024-12-01T00:00:00+00:00",1,1,0],["2025-02-25T00:00:00+00:00",1,1,0],["2025-04-04T00:00:00+00:00",1,1,0],["2025-07-08T00:00:00+00:00",1,1,0],["2025-09-22T00:00:00+00:00",1,1,0]]},"geometry":{"type":"Point","coordinates":[34.473129,31.484835]}},{"type":"Feature","properties":{"site_id":26,"event_code":"CE20231007PSE","latest_date":"2025-09-22T00:00:00+00:00","latest_class":1,"pass_count":13,"h":[["2023-11-07T00:00:00+00:00",1,1,3],["2023-11-26T00:00:00+00:00",1,1,0],["2024-01-06T00:00:00+00:00",1,1,0],["2024-02-29T00:00:00+00:00",1,1,0],["2024-04-01T00:00:00+00:00",1,1,0],["2024-05-03T00:00:00+00:00",1,1,0],["2024-07-06T00:00:00+00:00",1,1,0],["2024-09-06T00:00:00+00:00",1,1,0],["2024-12-01T00:00:00+00:00",1,1,0],["2025-02-25T00:00:00+00:00",1,1,0],["2025-04-04T00:00:00+00:00",1,1,0],["2025-07-08T00:00:00+00:00",1,1,0],["2025-09-22T00:00:00+00:00",1,1,0]]},"geometry":{"type":"Point","coordinates":[34.473209,31.484673]}},{"type":"Feature","properties":{"site_id":26,"event_code":"CE20231007PSE","latest_date":"2025-09-22T00:00:00+00:00","latest_class":1,"pass_count":13,"h":[["2023-11-07T00:00:00+00:00",1,1,3],["2023-11-26T00:00:00+00:00",1,1,0],["2024-01-06T00:00:00+00:00",1,1,0],["2024-02-29T00:00:00+00:00",1,1,0],["2024-04-01T00:00:00+00:00",1,1,0],["2024-05-03T00:00:00+00:00",1,1,0],["2024-07-06T00:00:00+00:00",1,1,0],["2024-09-06T00:00:00+00:00",1,1,0],["2024-12-01T00:00:00+00:00",1,1,0],["2025-02-25T00:00:00+00:00",1,1,0],["2025-04-04T00:00:00+00:00",1,1,0],["2025-07-08T00:00:00+00:00",1,1,0],["2025-09-22T00:00:00+00:00",1,1,0]]},"geometry":{"type":"Point","coordinates":[34.47291,31.484722]}},{"type":"Feature","properties":{"site_id":26,"event_code":"CE20231007PSE","latest_date":"2025-09-22T00:00:00+00:00","latest_class":1,"pass_count":13,"h":[["2023-11-07T00:00:00+00:00",1,1,3],["2023-11-26T00:00:00+00:00",1,1,0],["2024-01-06T00:00:00+00:00",1,1,0],["2024-02-29T00:00:00+00:00",1,1,0],["2024-04-01T00:00:00+00:00",1,1,0],["2024-05-03T00:00:00+00:00",1,1,0],["2024-07-06T00:00:00+00:00",1,1,0],["2024-09-06T00:00:00+00:00",1,1,0],["2024-12-01T00:00:00+00:00",1,1,0],["2025-02-25T00:00:00+00:00",1,1,0],["2025-04-04T00:00:00+00:00",1,1,0],["2025-07-08T00:00:00+00:00",1,1,0],["2025-09-22T00:00:00+00:00",1,1,0]]},"geometry":{"type":"Point","coordinates":[34.470463,31.483449]}},{"type":"Feature","properties":{"site_id":26,"event_code":"CE20231007PSE","latest_date":"2025-09-22T00:00:00+00:00","latest_class":1,"pass_count":13,"h":[["2023-11-07T00:00:00+00:00",3,2,3],["2023-11-26T00:00:00+00:00",3,2,0],["2024-01-06T00:00:00+00:00",1,1,1],["2024-02-29T00:00:00+00:00",1,1,0],["2024-04-01T00:00:00+00:00",1,1,0],["2024-05-03T00:00:00+00:00",1,1,0],["2024-07-06T00:00:00+00:00",1,1,0],["2024-09-06T00:00:00+00:00",1,1,0],["2024-12-01T00:00:00+00:00",1,1,0],["2025-02-25T00:00:00+00:00",1,1,0],["2025-04-04T00:00:00+00:00",1,1,0],["2025-07-08T00:00:00+00:00",1,1,0],["2025-09-22T00:00:00+00:00",1,1,0]]},"geometry":{"type":"Point","coordinates":[34.472339,31.483632]}},{"type":"Feature","properties":{"site_id":26,"event_code":"CE20231007PSE","latest_date":"2025-09-22T00:00:00+00:00","latest_class":1,"pass_count":13,"h":[["2023-11-07T00:00:00+00:00",3,2,3],["2023-11-26T00:00:00+00:00",3,2,0],["2024-01-06T00:00:00+00:00",1,1,1],["2024-02-29T00:00:00+00:00",1,1,0],["2024-04-01T00:00:00+00:00",1,1,0],["2024-05-03T00:00:00+00:00",1,1,0],["2024-07-06T00:00:00+00:00",1,1,0],["2024-09-06T00:00:00+00:00",1,1,0],["2024-12-01T00:00:00+00:00",1,1,0],["2025-02-25T00:00:00+00:00",1,1,0],["2025-04-04T00:00:00+00:00",1,1,0],["2025-07-08T00:00:00+00:00",1,1,0],["2025-09-22T00:00:00+00:00",1,1,0]]},"geometry":{"type":"Point","coordinates":[34.470208,31.483446]}},{"type":"Feature","properties":{"site_id":26,"event_code":"CE20231007PSE","latest_date":"2025-09-22T00:00:00+00:00","latest_class":1,"pass_count":13,"h":[["2023-11-07T00:00:00+00:00",3,2,3],["2023-11-26T00:00:00+00:00",3,2,0],["2024-01-06T00:00:00+00:00",1,1,1],["2024-02-29T00:00:00+00:00",1,1,0],["2024-04-01T00:00:00+00:00",1,1,0],["2024-05-03T00:00:00+00:00",1,1,0],["2024-07-06T00:00:00+00:00",1,1,0],["2024-09-06T00:00:00+00:00",1,1,0],["2024-12-01T00:00:00+00:00",1,1,0],["2025-02-25T00:00:00+00:00",1,1,0],["2025-04-04T00:00:00+00:00",1,1,0],["2025-07-08T00:00:00+00:00",1,1,0],["2025-09-22T00:00:00+00:00",1,1,0]]},"geometry":{"type":"Point","coordinates":[34.470058,31.483342]}},{"type":"Feature","properties":{"site_id":26,"event_code":"CE20231007PSE","latest_date":"2025-09-22T00:00:00+00:00","latest_class":1,"pass_count":13,"h":[["2023-11-07T00:00:00+00:00",3,2,3],["2023-11-26T00:00:00+00:00",3,2,0],["2024-01-06T00:00:00+00:00",1,1,1],["2024-02-29T00:00:00+00:00",1,1,0],["2024-04-01T00:00:00+00:00",1,1,0],["2024-05-03T00:00:00+00:00",1,1,0],["2024-07-06T00:00:00+00:00",1,1,0],["2024-09-06T00:00:00+00:00",1,1,0],["2024-12-01T00:00:00+00:00",1,1,0],["2025-02-25T00:00:00+00:00",1,1,0],["2025-04-04T00:00:00+00:00",1,1,0],["2025-07-08T00:00:00+00:00",1,1,0],["2025-09-22T00:00:00+00:00",1,1,0]]},"geometry":{"type":"Point","coordinates":[34.471991,31.483777]}},{"type":"Feature","properties":{"site_id":26,"event_code":"CE20231007PSE","latest_date":"2025-09-22T00:00:00+00:00","latest_class":1,"pass_count":13,"h":[["2023-11-07T00:00:00+00:00",3,2,3],["2023-11-26T00:00:00+00:00",3,2,0],["2024-01-06T00:00:00+00:00",1,1,1],["2024-02-29T00:00:00+00:00",1,1,0],["2024-04-01T00:00:00+00:00",1,1,0],["2024-05-03T00:00:00+00:00",1,1,0],["2024-07-06T00:00:00+00:00",1,1,0],["2024-09-06T00:00:00+00:00",1,1,0],["2024-12-01T00:00:00+00:00",1,1,0],["2025-02-25T00:00:00+00:00",1,1,0],["2025-04-04T00:00:00+00:00",1,1,0],["2025-07-08T00:00:00+00:00",1,1,0],["2025-09-22T00:00:00+00:00",1,1,0]]},"geometry":{"type":"Point","coordinates":[34.472257,31.483882]}},{"type":"Feature","properties":{"site_id":26,"event_code":"CE20231007PSE","latest_date":"2025-09-22T00:00:00+00:00","latest_class":1,"pass_count":13,"h":[["2023-11-07T00:00:00+00:00",3,2,3],["2023-11-26T00:00:00+00:00",3,2,0],["2024-01-06T00:00:00+00:00",1,1,1],["2024-02-29T00:00:00+00:00",1,1,0],["2024-04-01T00:00:00+00:00",1,1,0],["2024-05-03T00:00:00+00:00",1,1,0],["2024-07-06T00:00:00+00:00",1,1,0],["2024-09-06T00:00:00+00:00",1,1,0],["2024-12-01T00:00:00+00:00",1,1,0],["2025-02-25T00:00:00+00:00",1,1,0],["2025-04-04T00:00:00+00:00",1,1,0],["2025-07-08T00:00:00+00:00",1,1,0],["2025-09-22T00:00:00+00:00",1,1,0]]},"geometry":{"type":"Point","coordinates":[34.472408,31.483724]}},{"type":"Feature","properties":{"site_id":26,"event_code":"CE20231007PSE","latest_date":"2025-09-22T00:00:00+00:00","latest_class":1,"pass_count":13,"h":[["2023-11-07T00:00:00+00:00",2,1,3],["2023-11-26T00:00:00+00:00",2,1,0],["2024-01-06T00:00:00+00:00",1,1,1],["2024-02-29T00:00:00+00:00",1,1,0],["2024-04-01T00:00:00+00:00",1,1,0],["2024-05-03T00:00:00+00:00",1,1,0],["2024-07-06T00:00:00+00:00",1,1,0],["2024-09-06T00:00:00+00:00",1,1,0],["2024-12-01T00:00:00+00:00",1,1,0],["2025-02-25T00:00:00+00:00",1,1,0],["2025-04-04T00:00:00+00:00",1,1,0],["2025-07-08T00:00:00+00:00",1,1,0],["2025-09-22T00:00:00+00:00",1,1,0]]},"geometry":{"type":"Point","coordinates":[34.470528,31.48374]}},{"type":"Feature","properties":{"site_id":26,"event_code":"CE20231007PSE","latest_date":"2025-09-23T00:00:00+00:00","latest_class":1,"pass_count":13,"h":[["2023-11-07T00:00:00+00:00",1,1,3],["2023-11-26T00:00:00+00:00",1,1,0],["2024-01-06T00:00:00+00:00",1,1,0],["2024-02-29T00:00:00+00:00",1,1,0],["2024-04-01T00:00:00+00:00",1,1,0],["2024-05-03T00:00:00+00:00",1,1,0],["2024-07-06T00:00:00+00:00",1,1,0],["2024-09-06T00:00:00+00:00",1,1,0],["2024-12-01T00:00:00+00:00",1,1,0],["2025-02-25T00:00:00+00:00",1,1,0],["2025-04-04T00:00:00+00:00",1,1,0],["2025-07-08T00:00:00+00:00",1,1,0],["2025-09-23T00:00:00+00:00",1,1,0]]},"geometry":{"type":"Point","coordinates":[34.469528,31.482826]}},{"type":"Feature","properties":{"site_id":26,"event_code":"CE20231007PSE","latest_date":"2025-09-23T00:00:00+00:00","latest_class":1,"pass_count":13,"h":[["2023-11-07T00:00:00+00:00",1,1,3],["2023-11-26T00:00:00+00:00",1,1,0],["2024-01-06T00:00:00+00:00",1,1,0],["2024-02-29T00:00:00+00:00",1,1,0],["2024-04-01T00:00:00+00:00",1,1,0],["2024-05-03T00:00:00+00:00",1,1,0],["2024-07-06T00:00:00+00:00",1,1,0],["2024-09-06T00:00:00+00:00",1,1,0],["2024-12-01T00:00:00+00:00",1,1,0],["2025-02-25T00:00:00+00:00",1,1,0],["2025-04-04T00:00:00+00:00",1,1,0],["2025-07-08T00:00:00+00:00",1,1,0],["2025-09-23T00:00:00+00:00",1,1,0]]},"geometry":{"type":"Point","coordinates":[34.469252,31.483005]}},{"type":"Feature","properties":{"site_id":26,"event_code":"CE20231007PSE","latest_date":"2025-09-23T00:00:00+00:00","latest_class":1,"pass_count":13,"h":[["2023-11-07T00:00:00+00:00",1,1,3],["2023-11-26T00:00:00+00:00",1,1,0],["2024-01-06T00:00:00+00:00",1,1,0],["2024-02-29T00:00:00+00:00",1,1,0],["2024-04-01T00:00:00+00:00",1,1,0],["2024-05-03T00:00:00+00:00",1,1,0],["2024-07-06T00:00:00+00:00",1,1,0],["2024-09-06T00:00:00+00:00",1,1,0],["2024-12-01T00:00:00+00:00",1,1,0],["2025-02-25T00:00:00+00:00",1,1,0],["2025-04-04T00:00:00+00:00",1,1,0],["2025-07-08T00:00:00+00:00",1,1,0],["2025-09-23T00:00:00+00:00",1,1,0]]},"geometry":{"type":"Point","coordinates":[34.468995,31.482668]}},{"type":"Feature","properties":{"site_id":26,"event_code":"CE20231007PSE","latest_date":"2025-09-23T00:00:00+00:00","latest_class":1,"pass_count":13,"h":[["2023-11-07T00:00:00+00:00",1,1,3],["2023-11-26T00:00:00+00:00",1,1,0],["2024-01-06T00:00:00+00:00",1,1,0],["2024-02-29T00:00:00+00:00",1,1,0],["2024-04-01T00:00:00+00:00",1,1,0],["2024-05-03T00:00:00+00:00",1,1,0],["2024-07-06T00:00:00+00:00",1,1,0],["2024-09-06T00:00:00+00:00",1,1,0],["2024-12-01T00:00:00+00:00",1,1,0],["2025-02-25T00:00:00+00:00",1,1,0],["2025-04-04T00:00:00+00:00",1,1,0],["2025-07-08T00:00:00+00:00",1,1,0],["2025-09-23T00:00:00+00:00",1,1,0]]},"geometry":{"type":"Point","coordinates":[34.468927,31.482398]}},{"type":"Feature","properties":{"site_id":26,"event_code":"CE20231007PSE","latest_date":"2025-09-23T00:00:00+00:00","latest_class":1,"pass_count":13,"h":[["2023-11-07T00:00:00+00:00",3,2,3],["2023-11-26T00:00:00+00:00",3,2,0],["2024-01-06T00:00:00+00:00",3,2,0],["2024-02-29T00:00:00+00:00",3,2,0],["2024-04-01T00:00:00+00:00",3,2,0],["2024-05-03T00:00:00+00:00",3,2,0],["2024-07-06T00:00:00+00:00",3,2,0],["2024-09-06T00:00:00+00:00",3,2,0],["2024-12-01T00:00:00+00:00",3,2,0],["2025-02-25T00:00:00+00:00",3,2,0],["2025-04-04T00:00:00+00:00",3,2,0],["2025-07-08T00:00:00+00:00",1,1,1],["2025-09-23T00:00:00+00:00",1,1,0]]},"geometry":{"type":"Point","coordinates":[34.469243,31.483328]}},{"type":"Feature","properties":{"site_id":26,"event_code":"CE20231007PSE","latest_date":"2025-09-23T00:00:00+00:00","latest_class":1,"pass_count":13,"h":[["2023-11-07T00:00:00+00:00",3,2,3],["2023-11-26T00:00:00+00:00",3,2,0],["2024-01-06T00:00:00+00:00",1,1,1],["2024-02-29T00:00:00+00:00",1,1,0],["2024-04-01T00:00:00+00:00",1,1,0],["2024-05-03T00:00:00+00:00",1,1,0],["2024-07-06T00:00:00+00:00",1,1,0],["2024-09-06T00:00:00+00:00",1,1,0],["2024-12-01T00:00:00+00:00",1,1,0],["2025-02-25T00:00:00+00:00",1,1,0],["2025-04-04T00:00:00+00:00",1,1,0],["2025-07-08T00:00:00+00:00",1,1,0],["2025-09-23T00:00:00+00:00",1,1,0]]},"geometry":{"type":"Point","coordinates":[34.468977,31.483117]}},{"type":"Feature","properties":{"site_id":26,"event_code":"CE20231007PSE","latest_date":"2025-09-23T00:00:00+00:00","latest_class":1,"pass_count":13,"h":[["2023-11-07T00:00:00+00:00",3,2,3],["2023-11-26T00:00:00+00:00",3,2,0],["2024-01-06T00:00:00+00:00",1,1,1],["2024-02-29T00:00:00+00:00",1,1,0],["2024-04-01T00:00:00+00:00",1,1,0],["2024-05-03T00:00:00+00:00",1,1,0],["2024-07-06T00:00:00+00:00",1,1,0],["2024-09-06T00:00:00+00:00",1,1,0],["2024-12-01T00:00:00+00:00",1,1,0],["2025-02-25T00:00:00+00:00",1,1,0],["2025-04-04T00:00:00+00:00",1,1,0],["2025-07-08T00:00:00+00:00",1,1,0],["2025-09-23T00:00:00+00:00",1,1,0]]},"geometry":{"type":"Point","coordinates":[34.468901,31.482834]}},{"type":"Feature","properties":{"site_id":26,"event_code":"CE20231007PSE","latest_date":"2025-09-23T00:00:00+00:00","latest_class":1,"pass_count":13,"h":[["2023-11-07T00:00:00+00:00",3,2,3],["2023-11-26T00:00:00+00:00",3,2,0],["2024-01-06T00:00:00+00:00",3,2,0],["2024-02-29T00:00:00+00:00",3,2,0],["2024-04-01T00:00:00+00:00",3,2,0],["2024-05-03T00:00:00+00:00",3,2,0],["2024-07-06T00:00:00+00:00",3,2,0],["2024-09-06T00:00:00+00:00",3,2,0],["2024-12-01T00:00:00+00:00",3,2,0],["2025-02-25T00:00:00+00:00",3,2,0],["2025-04-04T00:00:00+00:00",3,2,0],["2025-07-08T00:00:00+00:00",1,1,1],["2025-09-23T00:00:00+00:00",1,1,0]]},"geometry":{"type":"Point","coordinates":[34.469434,31.483422]}},{"type":"Feature","properties":{"site_id":26,"event_code":"CE20231007PSE","latest_date":"2025-09-23T00:00:00+00:00","latest_class":1,"pass_count":13,"h":[["2023-11-07T00:00:00+00:00",2,1,3],["2023-11-26T00:00:00+00:00",2,1,0],["2024-01-06T00:00:00+00:00",1,1,1],["2024-02-29T00:00:00+00:00",1,1,0],["2024-04-01T00:00:00+00:00",1,1,0],["2024-05-03T00:00:00+00:00",1,1,0],["2024-07-06T00:00:00+00:00",1,1,0],["2024-09-06T00:00:00+00:00",1,1,0],["2024-12-01T00:00:00+00:00",1,1,0],["2025-02-25T00:00:00+00:00",1,1,0],["2025-04-04T00:00:00+00:00",1,1,0],["2025-07-08T00:00:00+00:00",1,1,0],["2025-09-23T00:00:00+00:00",1,1,0]]},"geometry":{"type":"Point","coordinates":[34.468569,31.483457]}},{"type":"Feature","properties":{"site_id":26,"event_code":"CE20231007PSE","latest_date":"2025-09-23T00:00:00+00:00","latest_class":1,"pass_count":13,"h":[["2023-11-07T00:00:00+00:00",3,2,3],["2023-11-26T00:00:00+00:00",3,2,0],["2024-01-06T00:00:00+00:00",2,1,1],["2024-02-29T00:00:00+00:00",2,1,0],["2024-04-01T00:00:00+00:00",2,1,0],["2024-05-03T00:00:00+00:00",2,1,0],["2024-07-06T00:00:00+00:00",1,1,1],["2024-09-06T00:00:00+00:00",1,1,0],["2024-12-01T00:00:00+00:00",1,1,0],["2025-02-25T00:00:00+00:00",1,1,0],["2025-04-04T00:00:00+00:00",1,1,0],["2025-07-08T00:00:00+00:00",1,1,0],["2025-09-23T00:00:00+00:00",1,1,0]]},"geometry":{"type":"Point","coordinates":[34.468795,31.483588]}},{"type":"Feature","properties":{"site_id":26,"event_code":"CE20231007PSE","latest_date":"2025-09-23T00:00:00+00:00","latest_class":1,"pass_count":13,"h":[["2023-11-07T00:00:00+00:00",2,1,3],["2023-11-26T00:00:00+00:00",2,1,0],["2024-01-06T00:00:00+00:00",2,1,0],["2024-02-29T00:00:00+00:00",2,1,0],["2024-04-01T00:00:00+00:00",2,1,0],["2024-05-03T00:00:00+00:00",2,1,0],["2024-07-06T00:00:00+00:00",2,1,0],["2024-09-06T00:00:00+00:00",2,1,0],["2024-12-01T00:00:00+00:00",2,1,0],["2025-02-25T00:00:00+00:00",2,1,0],["2025-04-04T00:00:00+00:00",2,1,0],["2025-07-08T00:00:00+00:00",1,1,1],["2025-09-23T00:00:00+00:00",1,1,0]]},"geometry":{"type":"Point","coordinates":[34.468174,31.483072]}},{"type":"Feature","properties":{"site_id":26,"event_code":"CE20231007PSE","latest_date":"2025-09-23T00:00:00+00:00","latest_class":1,"pass_count":13,"h":[["2023-11-07T00:00:00+00:00",3,2,3],["2023-11-26T00:00:00+00:00",3,2,0],["2024-01-06T00:00:00+00:00",1,1,1],["2024-02-29T00:00:00+00:00",1,1,0],["2024-04-01T00:00:00+00:00",1,1,0],["2024-05-03T00:00:00+00:00",1,1,0],["2024-07-06T00:00:00+00:00",1,1,0],["2024-09-06T00:00:00+00:00",1,1,0],["2024-12-01T00:00:00+00:00",1,1,0],["2025-02-25T00:00:00+00:00",1,1,0],["2025-04-04T00:00:00+00:00",1,1,0],["2025-07-08T00:00:00+00:00",1,1,0],["2025-09-23T00:00:00+00:00",1,1,0]]},"geometry":{"type":"Point","coordinates":[34.468203,31.483235]}},{"type":"Feature","properties":{"site_id":26,"event_code":"CE20231007PSE","latest_date":"2025-09-23T00:00:00+00:00","latest_class":1,"pass_count":13,"h":[["2023-11-07T00:00:00+00:00",3,2,3],["2023-11-26T00:00:00+00:00",3,2,0],["2024-01-06T00:00:00+00:00",2,1,1],["2024-02-29T00:00:00+00:00",2,1,0],["2024-04-01T00:00:00+00:00",2,1,0],["2024-05-03T00:00:00+00:00",2,1,0],["2024-07-06T00:00:00+00:00",2,1,0],["2024-09-06T00:00:00+00:00",2,1,0],["2024-12-01T00:00:00+00:00",2,1,0],["2025-02-25T00:00:00+00:00",2,1,0],["2025-04-04T00:00:00+00:00",2,1,0],["2025-07-08T00:00:00+00:00",1,1,1],["2025-09-23T00:00:00+00:00",1,1,0]]},"geometry":{"type":"Point","coordinates":[34.468109,31.482618]}},{"type":"Feature","properties":{"site_id":26,"event_code":"CE20231007PSE","latest_date":"2025-09-23T00:00:00+00:00","latest_class":1,"pass_count":13,"h":[["2023-11-07T00:00:00+00:00",2,1,3],["2023-11-26T00:00:00+00:00",2,1,0],["2024-01-06T00:00:00+00:00",2,1,0],["2024-02-29T00:00:00+00:00",2,1,0],["2024-04-01T00:00:00+00:00",2,1,0],["2024-05-03T00:00:00+00:00",2,1,0],["2024-07-06T00:00:00+00:00",2,1,0],["2024-09-06T00:00:00+00:00",2,1,0],["2024-12-01T00:00:00+00:00",2,1,0],["2025-02-25T00:00:00+00:00",2,1,0],["2025-04-04T00:00:00+00:00",2,1,0],["2025-07-08T00:00:00+00:00",1,1,1],["2025-09-23T00:00:00+00:00",1,1,0]]},"geometry":{"type":"Point","coordinates":[34.468099,31.482487]}},{"type":"Feature","properties":{"site_id":26,"event_code":"CE20231007PSE","latest_date":"2025-09-23T00:00:00+00:00","latest_class":1,"pass_count":13,"h":[["2023-11-07T00:00:00+00:00",1,1,3],["2023-11-26T00:00:00+00:00",1,1,0],["2024-01-06T00:00:00+00:00",1,1,0],["2024-02-29T00:00:00+00:00",1,1,0],["2024-04-01T00:00:00+00:00",1,1,0],["2024-05-03T00:00:00+00:00",1,1,0],["2024-07-06T00:00:00+00:00",1,1,0],["2024-09-06T00:00:00+00:00",1,1,0],["2024-12-01T00:00:00+00:00",1,1,0],["2025-02-25T00:00:00+00:00",1,1,0],["2025-04-04T00:00:00+00:00",1,1,0],["2025-07-08T00:00:00+00:00",1,1,0],["2025-09-23T00:00:00+00:00",1,1,0]]},"geometry":{"type":"Point","coordinates":[34.468096,31.482773]}},{"type":"Feature","properties":{"site_id":26,"event_code":"CE20231007PSE","latest_date":"2025-09-23T00:00:00+00:00","latest_class":1,"pass_count":13,"h":[["2023-11-07T00:00:00+00:00",2,1,3],["2023-11-26T00:00:00+00:00",2,1,0],["2024-01-06T00:00:00+00:00",2,1,0],["2024-02-29T00:00:00+00:00",2,1,0],["2024-04-01T00:00:00+00:00",2,1,0],["2024-05-03T00:00:00+00:00",2,1,0],["2024-07-06T00:00:00+00:00",2,1,0],["2024-09-06T00:00:00+00:00",2,1,0],["2024-12-01T00:00:00+00:00",2,1,0],["2025-02-25T00:00:00+00:00",2,1,0],["2025-04-04T00:00:00+00:00",2,1,0],["2025-07-08T00:00:00+00:00",1,1,1],["2025-09-23T00:00:00+00:00",1,1,0]]},"geometry":{"type":"Point","coordinates":[34.468228,31.482334]}},{"type":"Feature","properties":{"site_id":26,"event_code":"CE20231007PSE","latest_date":"2025-09-23T00:00:00+00:00","latest_class":1,"pass_count":13,"h":[["2023-11-07T00:00:00+00:00",2,1,3],["2023-11-26T00:00:00+00:00",2,1,0],["2024-01-06T00:00:00+00:00",2,1,0],["2024-02-29T00:00:00+00:00",2,1,0],["2024-04-01T00:00:00+00:00",2,1,0],["2024-05-03T00:00:00+00:00",2,1,0],["2024-07-06T00:00:00+00:00",2,1,0],["2024-09-06T00:00:00+00:00",2,1,0],["2024-12-01T00:00:00+00:00",2,1,0],["2025-02-25T00:00:00+00:00",2,1,0],["2025-04-04T00:00:00+00:00",2,1,0],["2025-07-08T00:00:00+00:00",1,1,1],["2025-09-23T00:00:00+00:00",1,1,0]]},"geometry":{"type":"Point","coordinates":[34.468538,31.482369]}},{"type":"Feature","properties":{"site_id":26,"event_code":"CE20231007PSE","latest_date":"2025-09-23T00:00:00+00:00","latest_class":1,"pass_count":13,"h":[["2023-11-07T00:00:00+00:00",2,1,3],["2023-11-26T00:00:00+00:00",2,1,0],["2024-01-06T00:00:00+00:00",1,1,1],["2024-02-29T00:00:00+00:00",1,1,0],["2024-04-01T00:00:00+00:00",1,1,0],["2024-05-03T00:00:00+00:00",1,1,0],["2024-07-06T00:00:00+00:00",1,1,0],["2024-09-06T00:00:00+00:00",1,1,0],["2024-12-01T00:00:00+00:00",1,1,0],["2025-02-25T00:00:00+00:00",1,1,0],["2025-04-04T00:00:00+00:00",1,1,0],["2025-07-08T00:00:00+00:00",1,1,0],["2025-09-23T00:00:00+00:00",1,1,0]]},"geometry":{"type":"Point","coordinates":[34.468372,31.482252]}},{"type":"Feature","properties":{"site_id":26,"event_code":"CE20231007PSE","latest_date":"2025-09-23T00:00:00+00:00","latest_class":1,"pass_count":13,"h":[["2023-11-07T00:00:00+00:00",3,2,3],["2023-11-26T00:00:00+00:00",3,2,0],["2024-01-06T00:00:00+00:00",3,2,0],["2024-02-29T00:00:00+00:00",3,2,0],["2024-04-01T00:00:00+00:00",3,2,0],["2024-05-03T00:00:00+00:00",3,2,0],["2024-07-06T00:00:00+00:00",3,2,0],["2024-09-06T00:00:00+00:00",3,2,0],["2024-12-01T00:00:00+00:00",3,2,0],["2025-02-25T00:00:00+00:00",3,2,0],["2025-04-04T00:00:00+00:00",3,2,0],["2025-07-08T00:00:00+00:00",1,1,1],["2025-09-23T00:00:00+00:00",1,1,0]]},"geometry":{"type":"Point","coordinates":[34.468391,31.482412]}},{"type":"Feature","properties":{"site_id":26,"event_code":"CE20231007PSE","latest_date":"2025-09-22T00:00:00+00:00","latest_class":1,"pass_count":13,"h":[["2023-11-07T00:00:00+00:00",1,1,3],["2023-11-26T00:00:00+00:00",1,1,0],["2024-01-06T00:00:00+00:00",1,1,0],["2024-02-29T00:00:00+00:00",1,1,0],["2024-04-01T00:00:00+00:00",1,1,0],["2024-05-03T00:00:00+00:00",1,1,0],["2024-07-06T00:00:00+00:00",1,1,0],["2024-09-06T00:00:00+00:00",1,1,0],["2024-12-01T00:00:00+00:00",1,1,0],["2025-02-25T00:00:00+00:00",1,1,0],["2025-04-04T00:00:00+00:00",1,1,0],["2025-07-08T00:00:00+00:00",1,1,0],["2025-09-22T00:00:00+00:00",1,1,0]]},"geometry":{"type":"Point","coordinates":[34.468037,31.483683]}},{"type":"Feature","properties":{"site_id":26,"event_code":"CE20231007PSE","latest_date":"2025-09-23T00:00:00+00:00","latest_class":1,"pass_count":13,"h":[["2023-11-07T00:00:00+00:00",1,1,3],["2023-11-26T00:00:00+00:00",1,1,0],["2024-01-06T00:00:00+00:00",1,1,0],["2024-02-29T00:00:00+00:00",1,1,0],["2024-04-01T00:00:00+00:00",1,1,0],["2024-05-03T00:00:00+00:00",1,1,0],["2024-07-06T00:00:00+00:00",1,1,0],["2024-09-06T00:00:00+00:00",1,1,0],["2024-12-01T00:00:00+00:00",1,1,0],["2025-02-25T00:00:00+00:00",1,1,0],["2025-04-04T00:00:00+00:00",1,1,0],["2025-07-08T00:00:00+00:00",1,1,0],["2025-09-23T00:00:00+00:00",1,1,0]]},"geometry":{"type":"Point","coordinates":[34.467889,31.482924]}},{"type":"Feature","properties":{"site_id":26,"event_code":"CE20231007PSE","latest_date":"2025-09-23T00:00:00+00:00","latest_class":1,"pass_count":13,"h":[["2023-11-07T00:00:00+00:00",2,1,3],["2023-11-26T00:00:00+00:00",2,1,0],["2024-01-06T00:00:00+00:00",2,1,0],["2024-02-29T00:00:00+00:00",2,1,0],["2024-04-01T00:00:00+00:00",2,1,0],["2024-05-03T00:00:00+00:00",2,1,0],["2024-07-06T00:00:00+00:00",2,1,0],["2024-09-06T00:00:00+00:00",2,1,0],["2024-12-01T00:00:00+00:00",2,1,0],["2025-02-25T00:00:00+00:00",2,1,0],["2025-04-04T00:00:00+00:00",2,1,0],["2025-07-08T00:00:00+00:00",1,1,1],["2025-09-23T00:00:00+00:00",1,1,0]]},"geometry":{"type":"Point","coordinates":[34.46798,31.483287]}},{"type":"Feature","properties":{"site_id":26,"event_code":"CE20231007PSE","latest_date":"2025-09-23T00:00:00+00:00","latest_class":1,"pass_count":13,"h":[["2023-11-07T00:00:00+00:00",1,1,3],["2023-11-26T00:00:00+00:00",1,1,0],["2024-01-06T00:00:00+00:00",1,1,0],["2024-02-29T00:00:00+00:00",1,1,0],["2024-04-01T00:00:00+00:00",1,1,0],["2024-05-03T00:00:00+00:00",1,1,0],["2024-07-06T00:00:00+00:00",1,1,0],["2024-09-06T00:00:00+00:00",1,1,0],["2024-12-01T00:00:00+00:00",1,1,0],["2025-02-25T00:00:00+00:00",1,1,0],["2025-04-04T00:00:00+00:00",1,1,0],["2025-07-08T00:00:00+00:00",1,1,0],["2025-09-23T00:00:00+00:00",1,1,0]]},"geometry":{"type":"Point","coordinates":[34.467919,31.483082]}},{"type":"Feature","properties":{"site_id":26,"event_code":"CE20231007PSE","latest_date":"2025-09-23T00:00:00+00:00","latest_class":1,"pass_count":13,"h":[["2023-11-07T00:00:00+00:00",3,2,3],["2023-11-26T00:00:00+00:00",3,2,0],["2024-01-06T00:00:00+00:00",3,2,0],["2024-02-29T00:00:00+00:00",3,2,0],["2024-04-01T00:00:00+00:00",3,2,0],["2024-05-03T00:00:00+00:00",3,2,0],["2024-07-06T00:00:00+00:00",3,2,0],["2024-09-06T00:00:00+00:00",3,2,0],["2024-12-01T00:00:00+00:00",3,2,0],["2025-02-25T00:00:00+00:00",3,2,0],["2025-04-04T00:00:00+00:00",3,2,0],["2025-07-08T00:00:00+00:00",1,1,1],["2025-09-23T00:00:00+00:00",1,1,0]]},"geometry":{"type":"Point","coordinates":[34.467571,31.483133]}},{"type":"Feature","properties":{"site_id":26,"event_code":"CE20231007PSE","latest_date":"2025-09-23T00:00:00+00:00","latest_class":1,"pass_count":13,"h":[["2023-11-07T00:00:00+00:00",2,1,3],["2023-11-26T00:00:00+00:00",2,1,0],["2024-01-06T00:00:00+00:00",2,1,0],["2024-02-29T00:00:00+00:00",2,1,0],["2024-04-01T00:00:00+00:00",2,1,0],["2024-05-03T00:00:00+00:00",2,1,0],["2024-07-06T00:00:00+00:00",1,1,1],["2024-09-06T00:00:00+00:00",1,1,0],["2024-12-01T00:00:00+00:00",1,1,0],["2025-02-25T00:00:00+00:00",1,1,0],["2025-04-04T00:00:00+00:00",1,1,0],["2025-07-08T00:00:00+00:00",1,1,0],["2025-09-23T00:00:00+00:00",1,1,0]]},"geometry":{"type":"Point","coordinates":[34.468704,31.483411]}},{"type":"Feature","properties":{"site_id":26,"event_code":"CE20231007PSE","latest_date":"2025-09-22T00:00:00+00:00","latest_class":1,"pass_count":13,"h":[["2023-11-07T00:00:00+00:00",3,2,3],["2023-11-26T00:00:00+00:00",3,2,0],["2024-01-06T00:00:00+00:00",3,2,0],["2024-02-29T00:00:00+00:00",3,2,0],["2024-04-01T00:00:00+00:00",3,2,0],["2024-05-03T00:00:00+00:00",3,2,0],["2024-07-06T00:00:00+00:00",3,2,0],["2024-09-06T00:00:00+00:00",3,2,0],["2024-12-01T00:00:00+00:00",3,2,0],["2025-02-25T00:00:00+00:00",3,2,0],["2025-04-04T00:00:00+00:00",3,2,0],["2025-07-08T00:00:00+00:00",1,1,1],["2025-09-22T00:00:00+00:00",1,1,0]]},"geometry":{"type":"Point","coordinates":[34.467566,31.483576]}},{"type":"Feature","properties":{"site_id":26,"event_code":"CE20231007PSE","latest_date":"2025-09-23T00:00:00+00:00","latest_class":1,"pass_count":13,"h":[["2023-11-07T00:00:00+00:00",1,1,3],["2023-11-26T00:00:00+00:00",1,1,0],["2024-01-06T00:00:00+00:00",1,1,0],["2024-02-29T00:00:00+00:00",1,1,0],["2024-04-01T00:00:00+00:00",1,1,0],["2024-05-03T00:00:00+00:00",1,1,0],["2024-07-06T00:00:00+00:00",1,1,0],["2024-09-06T00:00:00+00:00",1,1,0],["2024-12-01T00:00:00+00:00",1,1,0],["2025-02-25T00:00:00+00:00",1,1,0],["2025-04-04T00:00:00+00:00",1,1,0],["2025-07-08T00:00:00+00:00",1,1,0],["2025-09-23T00:00:00+00:00",1,1,0]]},"geometry":{"type":"Point","coordinates":[34.467516,31.482424]}},{"type":"Feature","properties":{"site_id":26,"event_code":"CE20231007PSE","latest_date":"2025-09-23T00:00:00+00:00","latest_class":1,"pass_count":13,"h":[["2023-11-07T00:00:00+00:00",1,1,3],["2023-11-26T00:00:00+00:00",1,1,0],["2024-01-06T00:00:00+00:00",1,1,0],["2024-02-29T00:00:00+00:00",1,1,0],["2024-04-01T00:00:00+00:00",1,1,0],["2024-05-03T00:00:00+00:00",1,1,0],["2024-07-06T00:00:00+00:00",1,1,0],["2024-09-06T00:00:00+00:00",1,1,0],["2024-12-01T00:00:00+00:00",1,1,0],["2025-02-25T00:00:00+00:00",1,1,0],["2025-04-04T00:00:00+00:00",1,1,0],["2025-07-08T00:00:00+00:00",1,1,0],["2025-09-23T00:00:00+00:00",1,1,0]]},"geometry":{"type":"Point","coordinates":[34.467571,31.482389]}},{"type":"Feature","properties":{"site_id":26,"event_code":"CE20231007PSE","latest_date":"2025-09-23T00:00:00+00:00","latest_class":1,"pass_count":13,"h":[["2023-11-07T00:00:00+00:00",1,1,3],["2023-11-26T00:00:00+00:00",1,1,0],["2024-01-06T00:00:00+00:00",1,1,0],["2024-02-29T00:00:00+00:00",1,1,0],["2024-04-01T00:00:00+00:00",1,1,0],["2024-05-03T00:00:00+00:00",1,1,0],["2024-07-06T00:00:00+00:00",1,1,0],["2024-09-06T00:00:00+00:00",1,1,0],["2024-12-01T00:00:00+00:00",1,1,0],["2025-02-25T00:00:00+00:00",1,1,0],["2025-04-04T00:00:00+00:00",1,1,0],["2025-07-08T00:00:00+00:00",1,1,0],["2025-09-23T00:00:00+00:00",1,1,0]]},"geometry":{"type":"Point","coordinates":[34.467426,31.482473]}},{"type":"Feature","properties":{"site_id":26,"event_code":"CE20231007PSE","latest_date":"2025-09-23T00:00:00+00:00","latest_class":1,"pass_count":13,"h":[["2023-11-07T00:00:00+00:00",3,2,3],["2023-11-26T00:00:00+00:00",3,2,0],["2024-01-06T00:00:00+00:00",3,2,0],["2024-02-29T00:00:00+00:00",3,2,0],["2024-04-01T00:00:00+00:00",3,2,0],["2024-05-03T00:00:00+00:00",3,2,0],["2024-07-06T00:00:00+00:00",3,2,0],["2024-09-06T00:00:00+00:00",3,2,0],["2024-12-01T00:00:00+00:00",3,2,0],["2025-02-25T00:00:00+00:00",3,2,0],["2025-04-04T00:00:00+00:00",3,2,0],["2025-07-08T00:00:00+00:00",3,2,0],["2025-09-23T00:00:00+00:00",1,1,1]]},"geometry":{"type":"Point","coordinates":[34.465764,31.48373]}},{"type":"Feature","properties":{"site_id":26,"event_code":"CE20231007PSE","latest_date":"2025-09-23T00:00:00+00:00","latest_class":1,"pass_count":13,"h":[["2023-11-07T00:00:00+00:00",3,2,3],["2023-11-26T00:00:00+00:00",3,2,0],["2024-01-06T00:00:00+00:00",1,1,1],["2024-02-29T00:00:00+00:00",1,1,0],["2024-04-01T00:00:00+00:00",1,1,0],["2024-05-03T00:00:00+00:00",1,1,0],["2024-07-06T00:00:00+00:00",1,1,0],["2024-09-06T00:00:00+00:00",1,1,0],["2024-12-01T00:00:00+00:00",1,1,0],["2025-02-25T00:00:00+00:00",1,1,0],["2025-04-04T00:00:00+00:00",1,1,0],["2025-07-08T00:00:00+00:00",1,1,0],["2025-09-23T00:00:00+00:00",1,1,0]]},"geometry":{"type":"Point","coordinates":[34.46632,31.483165]}},{"type":"Feature","properties":{"site_id":26,"event_code":"CE20231007PSE","latest_date":"2025-09-23T00:00:00+00:00","latest_class":1,"pass_count":13,"h":[["2023-11-07T00:00:00+00:00",1,1,3],["2023-11-26T00:00:00+00:00",1,1,0],["2024-01-06T00:00:00+00:00",1,1,0],["2024-02-29T00:00:00+00:00",1,1,0],["2024-04-01T00:00:00+00:00",1,1,0],["2024-05-03T00:00:00+00:00",1,1,0],["2024-07-06T00:00:00+00:00",1,1,0],["2024-09-06T00:00:00+00:00",1,1,0],["2024-12-01T00:00:00+00:00",1,1,0],["2025-02-25T00:00:00+00:00",1,1,0],["2025-04-04T00:00:00+00:00",1,1,0],["2025-07-08T00:00:00+00:00",1,1,0],["2025-09-23T00:00:00+00:00",1,1,0]]},"geometry":{"type":"Point","coordinates":[34.465779,31.482791]}},{"type":"Feature","properties":{"site_id":26,"event_code":"CE20231007PSE","latest_date":"2025-09-23T00:00:00+00:00","latest_class":1,"pass_count":13,"h":[["2023-11-07T00:00:00+00:00",4,3,3],["2023-11-26T00:00:00+00:00",1,1,1],["2024-01-06T00:00:00+00:00",1,1,0],["2024-02-29T00:00:00+00:00",1,1,0],["2024-04-01T00:00:00+00:00",1,1,0],["2024-05-03T00:00:00+00:00",1,1,0],["2024-07-06T00:00:00+00:00",1,1,0],["2024-09-06T00:00:00+00:00",1,1,0],["2024-12-01T00:00:00+00:00",1,1,0],["2025-02-25T00:00:00+00:00",1,1,0],["2025-04-04T00:00:00+00:00",1,1,0],["2025-07-08T00:00:00+00:00",1,1,0],["2025-09-23T00:00:00+00:00",1,1,0]]},"geometry":{"type":"Point","coordinates":[34.467161,31.483588]}},{"type":"Feature","properties":{"site_id":26,"event_code":"CE20231007PSE","latest_date":"2025-09-23T00:00:00+00:00","latest_class":1,"pass_count":13,"h":[["2023-11-07T00:00:00+00:00",4,3,3],["2023-11-26T00:00:00+00:00",2,1,1],["2024-01-06T00:00:00+00:00",1,1,1],["2024-02-29T00:00:00+00:00",1,1,0],["2024-04-01T00:00:00+00:00",1,1,0],["2024-05-03T00:00:00+00:00",1,1,0],["2024-07-06T00:00:00+00:00",1,1,0],["2024-09-06T00:00:00+00:00",1,1,0],["2024-12-01T00:00:00+00:00",1,1,0],["2025-02-25T00:00:00+00:00",1,1,0],["2025-04-04T00:00:00+00:00",1,1,0],["2025-07-08T00:00:00+00:00",1,1,0],["2025-09-23T00:00:00+00:00",1,1,0]]},"geometry":{"type":"Point","coordinates":[34.467188,31.48374]}},{"type":"Feature","properties":{"site_id":26,"event_code":"CE20231007PSE","latest_date":"2025-09-23T00:00:00+00:00","latest_class":1,"pass_count":13,"h":[["2023-11-07T00:00:00+00:00",4,3,3],["2023-11-26T00:00:00+00:00",3,2,1],["2024-01-06T00:00:00+00:00",1,1,1],["2024-02-29T00:00:00+00:00",1,1,0],["2024-04-01T00:00:00+00:00",1,1,0],["2024-05-03T00:00:00+00:00",1,1,0],["2024-07-06T00:00:00+00:00",1,1,0],["2024-09-06T00:00:00+00:00",1,1,0],["2024-12-01T00:00:00+00:00",1,1,0],["2025-02-25T00:00:00+00:00",1,1,0],["2025-04-04T00:00:00+00:00",1,1,0],["2025-07-08T00:00:00+00:00",1,1,0],["2025-09-23T00:00:00+00:00",1,1,0]]},"geometry":{"type":"Point","coordinates":[34.466959,31.483578]}},{"type":"Feature","properties":{"site_id":26,"event_code":"CE20231007PSE","latest_date":"2025-09-23T00:00:00+00:00","latest_class":1,"pass_count":13,"h":[["2023-11-07T00:00:00+00:00",4,3,3],["2023-11-26T00:00:00+00:00",3,2,1],["2024-01-06T00:00:00+00:00",1,1,1],["2024-02-29T00:00:00+00:00",1,1,0],["2024-04-01T00:00:00+00:00",1,1,0],["2024-05-03T00:00:00+00:00",1,1,0],["2024-07-06T00:00:00+00:00",1,1,0],["2024-09-06T00:00:00+00:00",1,1,0],["2024-12-01T00:00:00+00:00",1,1,0],["2025-02-25T00:00:00+00:00",1,1,0],["2025-04-04T00:00:00+00:00",1,1,0],["2025-07-08T00:00:00+00:00",1,1,0],["2025-09-23T00:00:00+00:00",1,1,0]]},"geometry":{"type":"Point","coordinates":[34.466838,31.48368]}},{"type":"Feature","properties":{"site_id":26,"event_code":"CE20231007PSE","latest_date":"2025-09-23T00:00:00+00:00","latest_class":1,"pass_count":13,"h":[["2023-11-07T00:00:00+00:00",4,3,3],["2023-11-26T00:00:00+00:00",3,2,1],["2024-01-06T00:00:00+00:00",1,1,1],["2024-02-29T00:00:00+00:00",1,1,0],["2024-04-01T00:00:00+00:00",1,1,0],["2024-05-03T00:00:00+00:00",1,1,0],["2024-07-06T00:00:00+00:00",1,1,0],["2024-09-06T00:00:00+00:00",1,1,0],["2024-12-01T00:00:00+00:00",1,1,0],["2025-02-25T00:00:00+00:00",1,1,0],["2025-04-04T00:00:00+00:00",1,1,0],["2025-07-08T00:00:00+00:00",1,1,0],["2025-09-23T00:00:00+00:00",1,1,0]]},"geometry":{"type":"Point","coordinates":[34.46621,31.483243]}},{"type":"Feature","properties":{"site_id":26,"event_code":"CE20231007PSE","latest_date":"2025-09-23T00:00:00+00:00","latest_class":1,"pass_count":13,"h":[["2023-11-07T00:00:00+00:00",4,3,3],["2023-11-26T00:00:00+00:00",3,2,1],["2024-01-06T00:00:00+00:00",1,1,1],["2024-02-29T00:00:00+00:00",1,1,0],["2024-04-01T00:00:00+00:00",1,1,0],["2024-05-03T00:00:00+00:00",1,1,0],["2024-07-06T00:00:00+00:00",1,1,0],["2024-09-06T00:00:00+00:00",1,1,0],["2024-12-01T00:00:00+00:00",1,1,0],["2025-02-25T00:00:00+00:00",1,1,0],["2025-04-04T00:00:00+00:00",1,1,0],["2025-07-08T00:00:00+00:00",1,1,0],["2025-09-23T00:00:00+00:00",1,1,0]]},"geometry":{"type":"Point","coordinates":[34.46606,31.483375]}},{"type":"Feature","properties":{"site_id":26,"event_code":"CE20231007PSE","latest_date":"2025-09-23T00:00:00+00:00","latest_class":1,"pass_count":12,"h":[["2023-11-26T00:00:00+00:00",3,2,3],["2024-01-06T00:00:00+00:00",3,2,0],["2024-02-29T00:00:00+00:00",3,2,0],["2024-04-01T00:00:00+00:00",3,2,0],["2024-05-03T00:00:00+00:00",3,2,0],["2024-07-06T00:00:00+00:00",3,2,0],["2024-09-06T00:00:00+00:00",3,2,0],["2024-12-01T00:00:00+00:00",3,2,0],["2025-02-25T00:00:00+00:00",3,2,0],["2025-04-04T00:00:00+00:00",3,2,0],["2025-07-08T00:00:00+00:00",3,2,0],["2025-09-23T00:00:00+00:00",1,1,1]]},"geometry":{"type":"Point","coordinates":[34.465624,31.48364]}},{"type":"Feature","properties":{"site_id":26,"event_code":"CE20231007PSE","latest_date":"2025-09-23T00:00:00+00:00","latest_class":1,"pass_count":13,"h":[["2023-11-07T00:00:00+00:00",4,3,3],["2023-11-26T00:00:00+00:00",3,2,1],["2024-01-06T00:00:00+00:00",2,1,1],["2024-02-29T00:00:00+00:00",2,1,0],["2024-04-01T00:00:00+00:00",2,1,0],["2024-05-03T00:00:00+00:00",2,1,0],["2024-07-06T00:00:00+00:00",2,1,0],["2024-09-06T00:00:00+00:00",2,1,0],["2024-12-01T00:00:00+00:00",2,1,0],["2025-02-25T00:00:00+00:00",2,1,0],["2025-04-04T00:00:00+00:00",2,1,0],["2025-07-08T00:00:00+00:00",2,1,0],["2025-09-23T00:00:00+00:00",1,1,1]]},"geometry":{"type":"Point","coordinates":[34.465862,31.483831]}},{"type":"Feature","properties":{"site_id":26,"event_code":"CE20231007PSE","latest_date":"2025-09-22T00:00:00+00:00","latest_class":1,"pass_count":11,"h":[["2024-01-06T00:00:00+00:00",1,1,3],["2024-02-29T00:00:00+00:00",1,1,0],["2024-04-01T00:00:00+00:00",1,1,0],["2024-05-03T00:00:00+00:00",1,1,0],["2024-07-06T00:00:00+00:00",1,1,0],["2024-09-06T00:00:00+00:00",1,1,0],["2024-12-01T00:00:00+00:00",1,1,0],["2025-02-25T00:00:00+00:00",1,1,0],["2025-04-04T00:00:00+00:00",1,1,0],["2025-07-08T00:00:00+00:00",1,1,0],["2025-09-22T00:00:00+00:00",1,1,0]]},"geometry":{"type":"Point","coordinates":[34.472341,31.486455]}},{"type":"Feature","properties":{"site_id":26,"event_code":"CE20231007PSE","latest_date":"2025-09-22T00:00:00+00:00","latest_class":1,"pass_count":13,"h":[["2023-11-07T00:00:00+00:00",4,3,3],["2023-11-26T00:00:00+00:00",4,3,0],["2024-01-06T00:00:00+00:00",3,2,1],["2024-02-29T00:00:00+00:00",3,2,0],["2024-04-01T00:00:00+00:00",3,2,0],["2024-05-03T00:00:00+00:00",3,2,0],["2024-07-06T00:00:00+00:00",3,2,0],["2024-09-06T00:00:00+00:00",3,2,0],["2024-12-01T00:00:00+00:00",3,2,0],["2025-02-25T00:00:00+00:00",3,2,0],["2025-04-04T00:00:00+00:00",3,2,0],["2025-07-08T00:00:00+00:00",1,1,1],["2025-09-22T00:00:00+00:00",1,1,0]]},"geometry":{"type":"Point","coordinates":[34.471987,31.486492]}},{"type":"Feature","properties":{"site_id":26,"event_code":"CE20231007PSE","latest_date":"2025-09-22T00:00:00+00:00","latest_class":1,"pass_count":13,"h":[["2023-11-07T00:00:00+00:00",4,3,3],["2023-11-26T00:00:00+00:00",4,3,0],["2024-01-06T00:00:00+00:00",1,1,1],["2024-02-29T00:00:00+00:00",1,1,0],["2024-04-01T00:00:00+00:00",1,1,0],["2024-05-03T00:00:00+00:00",1,1,0],["2024-07-06T00:00:00+00:00",1,1,0],["2024-09-06T00:00:00+00:00",1,1,0],["2024-12-01T00:00:00+00:00",1,1,0],["2025-02-25T00:00:00+00:00",1,1,0],["2025-04-04T00:00:00+00:00",1,1,0],["2025-07-08T00:00:00+00:00",1,1,0],["2025-09-22T00:00:00+00:00",1,1,0]]},"geometry":{"type":"Point","coordinates":[34.472792,31.485472]}},{"type":"Feature","properties":{"site_id":26,"event_code":"CE20231007PSE","latest_date":"2025-09-22T00:00:00+00:00","latest_class":1,"pass_count":11,"h":[["2024-01-06T00:00:00+00:00",1,1,3],["2024-02-29T00:00:00+00:00",1,1,0],["2024-04-01T00:00:00+00:00",1,1,0],["2024-05-03T00:00:00+00:00",1,1,0],["2024-07-06T00:00:00+00:00",1,1,0],["2024-09-06T00:00:00+00:00",1,1,0],["2024-12-01T00:00:00+00:00",1,1,0],["2025-02-25T00:00:00+00:00",1,1,0],["2025-04-04T00:00:00+00:00",1,1,0],["2025-07-08T00:00:00+00:00",1,1,0],["2025-09-22T00:00:00+00:00",1,1,0]]},"geometry":{"type":"Point","coordinates":[34.472856,31.484427]}},{"type":"Feature","properties":{"site_id":26,"event_code":"CE20231007PSE","latest_date":"2025-09-22T00:00:00+00:00","latest_class":1,"pass_count":11,"h":[["2024-01-06T00:00:00+00:00",1,1,3],["2024-02-29T00:00:00+00:00",1,1,0],["2024-04-01T00:00:00+00:00",1,1,0],["2024-05-03T00:00:00+00:00",1,1,0],["2024-07-06T00:00:00+00:00",1,1,0],["2024-09-06T00:00:00+00:00",1,1,0],["2024-12-01T00:00:00+00:00",1,1,0],["2025-02-25T00:00:00+00:00",1,1,0],["2025-04-04T00:00:00+00:00",1,1,0],["2025-07-08T00:00:00+00:00",1,1,0],["2025-09-22T00:00:00+00:00",1,1,0]]},"geometry":{"type":"Point","coordinates":[34.472868,31.483969]}},{"type":"Feature","properties":{"site_id":26,"event_code":"CE20231007PSE","latest_date":"2025-09-22T00:00:00+00:00","latest_class":1,"pass_count":11,"h":[["2024-01-06T00:00:00+00:00",1,1,3],["2024-02-29T00:00:00+00:00",1,1,0],["2024-04-01T00:00:00+00:00",1,1,0],["2024-05-03T00:00:00+00:00",1,1,0],["2024-07-06T00:00:00+00:00",1,1,0],["2024-09-06T00:00:00+00:00",1,1,0],["2024-12-01T00:00:00+00:00",1,1,0],["2025-02-25T00:00:00+00:00",1,1,0],["2025-04-04T00:00:00+00:00",1,1,0],["2025-07-08T00:00:00+00:00",1,1,0],["2025-09-22T00:00:00+00:00",1,1,0]]},"geometry":{"type":"Point","coordinates":[34.4727,31.48384]}},{"type":"Feature","properties":{"site_id":26,"event_code":"CE20231007PSE","latest_date":"2025-09-22T00:00:00+00:00","latest_class":1,"pass_count":11,"h":[["2024-01-06T00:00:00+00:00",1,1,3],["2024-02-29T00:00:00+00:00",1,1,0],["2024-04-01T00:00:00+00:00",1,1,0],["2024-05-03T00:00:00+00:00",1,1,0],["2024-07-06T00:00:00+00:00",1,1,0],["2024-09-06T00:00:00+00:00",1,1,0],["2024-12-01T00:00:00+00:00",1,1,0],["2025-02-25T00:00:00+00:00",1,1,0],["2025-04-04T00:00:00+00:00",1,1,0],["2025-07-08T00:00:00+00:00",1,1,0],["2025-09-22T00:00:00+00:00",1,1,0]]},"geometry":{"type":"Point","coordinates":[34.472742,31.483749]}},{"type":"Feature","properties":{"site_id":26,"event_code":"CE20231007PSE","latest_date":"2025-09-22T00:00:00+00:00","latest_class":1,"pass_count":11,"h":[["2024-01-06T00:00:00+00:00",1,1,3],["2024-02-29T00:00:00+00:00",1,1,0],["2024-04-01T00:00:00+00:00",1,1,0],["2024-05-03T00:00:00+00:00",1,1,0],["2024-07-06T00:00:00+00:00",1,1,0],["2024-09-06T00:00:00+00:00",1,1,0],["2024-12-01T00:00:00+00:00",1,1,0],["2025-02-25T00:00:00+00:00",1,1,0],["2025-04-04T00:00:00+00:00",1,1,0],["2025-07-08T00:00:00+00:00",1,1,0],["2025-09-22T00:00:00+00:00",1,1,0]]},"geometry":{"type":"Point","coordinates":[34.471898,31.483631]}},{"type":"Feature","properties":{"site_id":26,"event_code":"CE20231007PSE","latest_date":"2025-09-22T00:00:00+00:00","latest_class":1,"pass_count":11,"h":[["2024-01-06T00:00:00+00:00",1,1,3],["2024-02-29T00:00:00+00:00",1,1,0],["2024-04-01T00:00:00+00:00",1,1,0],["2024-05-03T00:00:00+00:00",1,1,0],["2024-07-06T00:00:00+00:00",1,1,0],["2024-09-06T00:00:00+00:00",1,1,0],["2024-12-01T00:00:00+00:00",1,1,0],["2025-02-25T00:00:00+00:00",1,1,0],["2025-04-04T00:00:00+00:00",1,1,0],["2025-07-08T00:00:00+00:00",1,1,0],["2025-09-22T00:00:00+00:00",1,1,0]]},"geometry":{"type":"Point","coordinates":[34.471699,31.483769]}},{"type":"Feature","properties":{"site_id":26,"event_code":"CE20231007PSE","latest_date":"2025-09-22T00:00:00+00:00","latest_class":1,"pass_count":11,"h":[["2024-01-06T00:00:00+00:00",1,1,3],["2024-02-29T00:00:00+00:00",1,1,0],["2024-04-01T00:00:00+00:00",1,1,0],["2024-05-03T00:00:00+00:00",1,1,0],["2024-07-06T00:00:00+00:00",1,1,0],["2024-09-06T00:00:00+00:00",1,1,0],["2024-12-01T00:00:00+00:00",1,1,0],["2025-02-25T00:00:00+00:00",1,1,0],["2025-04-04T00:00:00+00:00",1,1,0],["2025-07-08T00:00:00+00:00",1,1,0],["2025-09-22T00:00:00+00:00",1,1,0]]},"geometry":{"type":"Point","coordinates":[34.468029,31.484582]}},{"type":"Feature","properties":{"site_id":26,"event_code":"CE20231007PSE","latest_date":"2025-09-22T00:00:00+00:00","latest_class":1,"pass_count":11,"h":[["2024-01-06T00:00:00+00:00",1,1,3],["2024-02-29T00:00:00+00:00",1,1,0],["2024-04-01T00:00:00+00:00",1,1,0],["2024-05-03T00:00:00+00:00",1,1,0],["2024-07-06T00:00:00+00:00",1,1,0],["2024-09-06T00:00:00+00:00",1,1,0],["2024-12-01T00:00:00+00:00",1,1,0],["2025-02-25T00:00:00+00:00",1,1,0],["2025-04-04T00:00:00+00:00",1,1,0],["2025-07-08T00:00:00+00:00",1,1,0],["2025-09-22T00:00:00+00:00",1,1,0]]},"geometry":{"type":"Point","coordinates":[34.468866,31.484346]}},{"type":"Feature","properties":{"site_id":26,"event_code":"CE20231007PSE","latest_date":"2025-09-22T00:00:00+00:00","latest_class":1,"pass_count":11,"h":[["2024-01-06T00:00:00+00:00",1,1,3],["2024-02-29T00:00:00+00:00",1,1,0],["2024-04-01T00:00:00+00:00",1,1,0],["2024-05-03T00:00:00+00:00",1,1,0],["2024-07-06T00:00:00+00:00",1,1,0],["2024-09-06T00:00:00+00:00",1,1,0],["2024-12-01T00:00:00+00:00",1,1,0],["2025-02-25T00:00:00+00:00",1,1,0],["2025-04-04T00:00:00+00:00",1,1,0],["2025-07-08T00:00:00+00:00",1,1,0],["2025-09-22T00:00:00+00:00",1,1,0]]},"geometry":{"type":"Point","coordinates":[34.468872,31.484142]}},{"type":"Feature","properties":{"site_id":26,"event_code":"CE20231007PSE","latest_date":"2025-09-22T00:00:00+00:00","latest_class":1,"pass_count":11,"h":[["2024-01-06T00:00:00+00:00",1,1,3],["2024-02-29T00:00:00+00:00",1,1,0],["2024-04-01T00:00:00+00:00",1,1,0],["2024-05-03T00:00:00+00:00",1,1,0],["2024-07-06T00:00:00+00:00",1,1,0],["2024-09-06T00:00:00+00:00",1,1,0],["2024-12-01T00:00:00+00:00",1,1,0],["2025-02-25T00:00:00+00:00",1,1,0],["2025-04-04T00:00:00+00:00",1,1,0],["2025-07-08T00:00:00+00:00",1,1,0],["2025-09-22T00:00:00+00:00",1,1,0]]},"geometry":{"type":"Point","coordinates":[34.468886,31.48441]}},{"type":"Feature","properties":{"site_id":26,"event_code":"CE20231007PSE","latest_date":"2025-09-22T00:00:00+00:00","latest_class":1,"pass_count":11,"h":[["2024-01-06T00:00:00+00:00",1,1,3],["2024-02-29T00:00:00+00:00",1,1,0],["2024-04-01T00:00:00+00:00",1,1,0],["2024-05-03T00:00:00+00:00",1,1,0],["2024-07-06T00:00:00+00:00",1,1,0],["2024-09-06T00:00:00+00:00",1,1,0],["2024-12-01T00:00:00+00:00",1,1,0],["2025-02-25T00:00:00+00:00",1,1,0],["2025-04-04T00:00:00+00:00",1,1,0],["2025-07-08T00:00:00+00:00",1,1,0],["2025-09-22T00:00:00+00:00",1,1,0]]},"geometry":{"type":"Point","coordinates":[34.46946,31.484075]}},{"type":"Feature","properties":{"site_id":26,"event_code":"CE20231007PSE","latest_date":"2025-09-22T00:00:00+00:00","latest_class":1,"pass_count":11,"h":[["2024-01-06T00:00:00+00:00",3,2,3],["2024-02-29T00:00:00+00:00",3,2,0],["2024-04-01T00:00:00+00:00",3,2,0],["2024-05-03T00:00:00+00:00",3,2,0],["2024-07-06T00:00:00+00:00",3,2,0],["2024-09-06T00:00:00+00:00",3,2,0],["2024-12-01T00:00:00+00:00",3,2,0],["2025-02-25T00:00:00+00:00",3,2,0],["2025-04-04T00:00:00+00:00",3,2,0],["2025-07-08T00:00:00+00:00",1,1,1],["2025-09-22T00:00:00+00:00",1,1,0]]},"geometry":{"type":"Point","coordinates":[34.469152,31.484145]}},{"type":"Feature","properties":{"site_id":26,"event_code":"CE20231007PSE","latest_date":"2025-09-22T00:00:00+00:00","latest_class":1,"pass_count":11,"h":[["2024-01-06T00:00:00+00:00",3,2,3],["2024-02-29T00:00:00+00:00",3,2,0],["2024-04-01T00:00:00+00:00",3,2,0],["2024-05-03T00:00:00+00:00",3,2,0],["2024-07-06T00:00:00+00:00",2,1,1],["2024-09-06T00:00:00+00:00",2,1,0],["2024-12-01T00:00:00+00:00",2,1,0],["2025-02-25T00:00:00+00:00",2,1,0],["2025-04-04T00:00:00+00:00",2,1,0],["2025-07-08T00:00:00+00:00",1,1,1],["2025-09-22T00:00:00+00:00",1,1,0]]},"geometry":{"type":"Point","coordinates":[34.469467,31.484416]}},{"type":"Feature","properties":{"site_id":26,"event_code":"CE20231007PSE","latest_date":"2025-09-23T00:00:00+00:00","latest_class":1,"pass_count":11,"h":[["2024-01-06T00:00:00+00:00",2,1,3],["2024-02-29T00:00:00+00:00",2,1,0],["2024-04-01T00:00:00+00:00",2,1,0],["2024-05-03T00:00:00+00:00",2,1,0],["2024-07-06T00:00:00+00:00",2,1,0],["2024-09-06T00:00:00+00:00",2,1,0],["2024-12-01T00:00:00+00:00",2,1,0],["2025-02-25T00:00:00+00:00",2,1,0],["2025-04-04T00:00:00+00:00",2,1,0],["2025-07-08T00:00:00+00:00",1,1,1],["2025-09-23T00:00:00+00:00",1,1,0]]},"geometry":{"type":"Point","coordinates":[34.469135,31.48389]}},{"type":"Feature","properties":{"site_id":26,"event_code":"CE20231007PSE","latest_date":"2025-09-23T00:00:00+00:00","latest_class":1,"pass_count":13,"h":[["2023-11-07T00:00:00+00:00",4,3,3],["2023-11-26T00:00:00+00:00",4,3,0],["2024-01-06T00:00:00+00:00",1,1,1],["2024-02-29T00:00:00+00:00",1,1,0],["2024-04-01T00:00:00+00:00",1,1,0],["2024-05-03T00:00:00+00:00",1,1,0],["2024-07-06T00:00:00+00:00",1,1,0],["2024-09-06T00:00:00+00:00",1,1,0],["2024-12-01T00:00:00+00:00",1,1,0],["2025-02-25T00:00:00+00:00",1,1,0],["2025-04-04T00:00:00+00:00",1,1,0],["2025-07-08T00:00:00+00:00",1,1,0],["2025-09-23T00:00:00+00:00",1,1,0]]},"geometry":{"type":"Point","coordinates":[34.468477,31.483778]}},{"type":"Feature","properties":{"site_id":26,"event_code":"CE20231007PSE","latest_date":"2025-09-22T00:00:00+00:00","latest_class":1,"pass_count":11,"h":[["2024-01-06T00:00:00+00:00",2,1,3],["2024-02-29T00:00:00+00:00",2,1,0],["2024-04-01T00:00:00+00:00",2,1,0],["2024-05-03T00:00:00+00:00",2,1,0],["2024-07-06T00:00:00+00:00",2,1,0],["2024-09-06T00:00:00+00:00",2,1,0],["2024-12-01T00:00:00+00:00",2,1,0],["2025-02-25T00:00:00+00:00",2,1,0],["2025-04-04T00:00:00+00:00",2,1,0],["2025-07-08T00:00:00+00:00",1,1,1],["2025-09-22T00:00:00+00:00",1,1,0]]},"geometry":{"type":"Point","coordinates":[34.468552,31.484304]}},{"type":"Feature","properties":{"site_id":26,"event_code":"CE20231007PSE","latest_date":"2025-09-22T00:00:00+00:00","latest_class":2,"pass_count":11,"h":[["2024-01-06T00:00:00+00:00",3,2,3],["2024-02-29T00:00:00+00:00",3,2,0],["2024-04-01T00:00:00+00:00",3,2,0],["2024-05-03T00:00:00+00:00",3,2,0],["2024-07-06T00:00:00+00:00",3,2,0],["2024-09-06T00:00:00+00:00",3,2,0],["2024-12-01T00:00:00+00:00",3,2,0],["2025-02-25T00:00:00+00:00",3,2,0],["2025-04-04T00:00:00+00:00",3,2,0],["2025-07-08T00:00:00+00:00",2,1,1],["2025-09-22T00:00:00+00:00",2,1,0]]},"geometry":{"type":"Point","coordinates":[34.468628,31.48444]}},{"type":"Feature","properties":{"site_id":26,"event_code":"CE20231007PSE","latest_date":"2025-09-22T00:00:00+00:00","latest_class":1,"pass_count":11,"h":[["2024-01-06T00:00:00+00:00",3,2,3],["2024-02-29T00:00:00+00:00",3,2,0],["2024-04-01T00:00:00+00:00",3,2,0],["2024-05-03T00:00:00+00:00",3,2,0],["2024-07-06T00:00:00+00:00",3,2,0],["2024-09-06T00:00:00+00:00",3,2,0],["2024-12-01T00:00:00+00:00",3,2,0],["2025-02-25T00:00:00+00:00",3,2,0],["2025-04-04T00:00:00+00:00",3,2,0],["2025-07-08T00:00:00+00:00",1,1,1],["2025-09-22T00:00:00+00:00",1,1,0]]},"geometry":{"type":"Point","coordinates":[34.468439,31.484456]}},{"type":"Feature","properties":{"site_id":26,"event_code":"CE20231007PSE","latest_date":"2025-09-22T00:00:00+00:00","latest_class":1,"pass_count":11,"h":[["2024-01-06T00:00:00+00:00",3,2,3],["2024-02-29T00:00:00+00:00",3,2,0],["2024-04-01T00:00:00+00:00",3,2,0],["2024-05-03T00:00:00+00:00",3,2,0],["2024-07-06T00:00:00+00:00",3,2,0],["2024-09-06T00:00:00+00:00",3,2,0],["2024-12-01T00:00:00+00:00",3,2,0],["2025-02-25T00:00:00+00:00",2,2,1],["2025-04-04T00:00:00+00:00",2,2,0],["2025-07-08T00:00:00+00:00",2,2,0],["2025-09-22T00:00:00+00:00",1,1,1]]},"geometry":{"type":"Point","coordinates":[34.468122,31.484269]}},{"type":"Feature","properties":{"site_id":26,"event_code":"CE20231007PSE","latest_date":"2025-09-22T00:00:00+00:00","latest_class":1,"pass_count":13,"h":[["2023-11-07T00:00:00+00:00",4,3,3],["2023-11-26T00:00:00+00:00",4,3,0],["2024-01-06T00:00:00+00:00",3,2,1],["2024-02-29T00:00:00+00:00",3,2,0],["2024-04-01T00:00:00+00:00",3,2,0],["2024-05-03T00:00:00+00:00",3,2,0],["2024-07-06T00:00:00+00:00",1,1,1],["2024-09-06T00:00:00+00:00",1,1,0],["2024-12-01T00:00:00+00:00",1,1,0],["2025-02-25T00:00:00+00:00",1,1,0],["2025-04-04T00:00:00+00:00",1,1,0],["2025-07-08T00:00:00+00:00",1,1,0],["2025-09-22T00:00:00+00:00",1,1,0]]},"geometry":{"type":"Point","coordinates":[34.468085,31.484004]}},{"type":"Feature","properties":{"site_id":26,"event_code":"CE20231007PSE","latest_date":"2025-09-22T00:00:00+00:00","latest_class":1,"pass_count":13,"h":[["2023-11-07T00:00:00+00:00",4,3,3],["2023-11-26T00:00:00+00:00",4,3,0],["2024-01-06T00:00:00+00:00",2,1,1],["2024-02-29T00:00:00+00:00",2,1,0],["2024-04-01T00:00:00+00:00",2,1,0],["2024-05-03T00:00:00+00:00",2,1,0],["2024-07-06T00:00:00+00:00",2,1,0],["2024-09-06T00:00:00+00:00",2,1,0],["2024-12-01T00:00:00+00:00",2,1,0],["2025-02-25T00:00:00+00:00",2,1,0],["2025-04-04T00:00:00+00:00",2,1,0],["2025-07-08T00:00:00+00:00",1,1,1],["2025-09-22T00:00:00+00:00",1,1,0]]},"geometry":{"type":"Point","coordinates":[34.46761,31.484068]}},{"type":"Feature","properties":{"site_id":26,"event_code":"CE20231007PSE","latest_date":"2025-09-22T00:00:00+00:00","latest_class":1,"pass_count":11,"h":[["2024-01-06T00:00:00+00:00",2,1,3],["2024-02-29T00:00:00+00:00",2,1,0],["2024-04-01T00:00:00+00:00",2,1,0],["2024-05-03T00:00:00+00:00",2,1,0],["2024-07-06T00:00:00+00:00",2,1,0],["2024-09-06T00:00:00+00:00",2,1,0],["2024-12-01T00:00:00+00:00",2,1,0],["2025-02-25T00:00:00+00:00",2,1,0],["2025-04-04T00:00:00+00:00",2,1,0],["2025-07-08T00:00:00+00:00",1,1,1],["2025-09-22T00:00:00+00:00",1,1,0]]},"geometry":{"type":"Point","coordinates":[34.468171,31.484431]}},{"type":"Feature","properties":{"site_id":26,"event_code":"CE20231007PSE","latest_date":"2025-09-22T00:00:00+00:00","latest_class":1,"pass_count":11,"h":[["2024-01-06T00:00:00+00:00",2,1,3],["2024-02-29T00:00:00+00:00",2,1,0],["2024-04-01T00:00:00+00:00",2,1,0],["2024-05-03T00:00:00+00:00",2,1,0],["2024-07-06T00:00:00+00:00",2,1,0],["2024-09-06T00:00:00+00:00",2,1,0],["2024-12-01T00:00:00+00:00",2,1,0],["2025-02-25T00:00:00+00:00",2,1,0],["2025-04-04T00:00:00+00:00",2,1,0],["2025-07-08T00:00:00+00:00",1,1,1],["2025-09-22T00:00:00+00:00",1,1,0]]},"geometry":{"type":"Point","coordinates":[34.468188,31.484572]}},{"type":"Feature","properties":{"site_id":26,"event_code":"CE20231007PSE","latest_date":"2025-09-23T00:00:00+00:00","latest_class":1,"pass_count":13,"h":[["2023-11-07T00:00:00+00:00",4,3,3],["2023-11-26T00:00:00+00:00",4,3,0],["2024-01-06T00:00:00+00:00",3,2,1],["2024-02-29T00:00:00+00:00",3,2,0],["2024-04-01T00:00:00+00:00",3,2,0],["2024-05-03T00:00:00+00:00",3,2,0],["2024-07-06T00:00:00+00:00",3,2,0],["2024-09-06T00:00:00+00:00",3,2,0],["2024-12-01T00:00:00+00:00",3,2,0],["2025-02-25T00:00:00+00:00",3,2,0],["2025-04-04T00:00:00+00:00",3,2,0],["2025-07-08T00:00:00+00:00",1,1,1],["2025-09-23T00:00:00+00:00",1,1,0]]},"geometry":{"type":"Point","coordinates":[34.46837,31.483627]}},{"type":"Feature","properties":{"site_id":26,"event_code":"CE20231007PSE","latest_date":"2025-09-23T00:00:00+00:00","latest_class":1,"pass_count":13,"h":[["2023-11-07T00:00:00+00:00",4,3,3],["2023-11-26T00:00:00+00:00",4,3,0],["2024-01-06T00:00:00+00:00",2,1,1],["2024-02-29T00:00:00+00:00",2,1,0],["2024-04-01T00:00:00+00:00",2,1,0],["2024-05-03T00:00:00+00:00",2,1,0],["2024-07-06T00:00:00+00:00",1,1,1],["2024-09-06T00:00:00+00:00",1,1,0],["2024-12-01T00:00:00+00:00",1,1,0],["2025-02-25T00:00:00+00:00",1,1,0],["2025-04-04T00:00:00+00:00",1,1,0],["2025-07-08T00:00:00+00:00",1,1,0],["2025-09-23T00:00:00+00:00",1,1,0]]},"geometry":{"type":"Point","coordinates":[34.468609,31.483596]}},{"type":"Feature","properties":{"site_id":26,"event_code":"CE20231007PSE","latest_date":"2025-09-22T00:00:00+00:00","latest_class":1,"pass_count":11,"h":[["2024-01-06T00:00:00+00:00",3,2,3],["2024-02-29T00:00:00+00:00",3,2,0],["2024-04-01T00:00:00+00:00",3,2,0],["2024-05-03T00:00:00+00:00",3,2,0],["2024-07-06T00:00:00+00:00",3,2,0],["2024-09-06T00:00:00+00:00",3,2,0],["2024-12-01T00:00:00+00:00",3,2,0],["2025-02-25T00:00:00+00:00",3,2,0],["2025-04-04T00:00:00+00:00",3,2,0],["2025-07-08T00:00:00+00:00",1,1,1],["2025-09-22T00:00:00+00:00",1,1,0]]},"geometry":{"type":"Point","coordinates":[34.467768,31.484648]}},{"type":"Feature","properties":{"site_id":26,"event_code":"CE20231007PSE","latest_date":"2025-09-22T00:00:00+00:00","latest_class":1,"pass_count":11,"h":[["2024-01-06T00:00:00+00:00",1,1,3],["2024-02-29T00:00:00+00:00",1,1,0],["2024-04-01T00:00:00+00:00",1,1,0],["2024-05-03T00:00:00+00:00",1,1,0],["2024-07-06T00:00:00+00:00",1,1,0],["2024-09-06T00:00:00+00:00",1,1,0],["2024-12-01T00:00:00+00:00",1,1,0],["2025-02-25T00:00:00+00:00",1,1,0],["2025-04-04T00:00:00+00:00",1,1,0],["2025-07-08T00:00:00+00:00",1,1,0],["2025-09-22T00:00:00+00:00",1,1,0]]},"geometry":{"type":"Point","coordinates":[34.468398,31.484299]}},{"type":"Feature","properties":{"site_id":26,"event_code":"CE20231007PSE","latest_date":"2025-09-23T00:00:00+00:00","latest_class":1,"pass_count":13,"h":[["2023-11-07T00:00:00+00:00",4,3,3],["2023-11-26T00:00:00+00:00",4,3,0],["2024-01-06T00:00:00+00:00",3,2,1],["2024-02-29T00:00:00+00:00",3,2,0],["2024-04-01T00:00:00+00:00",3,2,0],["2024-05-03T00:00:00+00:00",3,2,0],["2024-07-06T00:00:00+00:00",3,2,0],["2024-09-06T00:00:00+00:00",3,2,0],["2024-12-01T00:00:00+00:00",3,2,0],["2025-02-25T00:00:00+00:00",3,2,0],["2025-04-04T00:00:00+00:00",3,2,0],["2025-07-08T00:00:00+00:00",2,1,1],["2025-09-23T00:00:00+00:00",1,1,1]]},"geometry":{"type":"Point","coordinates":[34.468675,31.483767]}},{"type":"Feature","properties":{"site_id":26,"event_code":"CE20231007PSE","latest_date":"2025-09-23T00:00:00+00:00","latest_class":1,"pass_count":13,"h":[["2023-11-07T00:00:00+00:00",4,3,3],["2023-11-26T00:00:00+00:00",4,3,0],["2024-01-06T00:00:00+00:00",1,1,1],["2024-02-29T00:00:00+00:00",1,1,0],["2024-04-01T00:00:00+00:00",1,1,0],["2024-05-03T00:00:00+00:00",1,1,0],["2024-07-06T00:00:00+00:00",1,1,0],["2024-09-06T00:00:00+00:00",1,1,0],["2024-12-01T00:00:00+00:00",1,1,0],["2025-02-25T00:00:00+00:00",1,1,0],["2025-04-04T00:00:00+00:00",1,1,0],["2025-07-08T00:00:00+00:00",1,1,0],["2025-09-23T00:00:00+00:00",1,1,0]]},"geometry":{"type":"Point","coordinates":[34.468688,31.48317]}},{"type":"Feature","properties":{"site_id":26,"event_code":"CE20231007PSE","latest_date":"2025-09-23T00:00:00+00:00","latest_class":1,"pass_count":13,"h":[["2023-11-07T00:00:00+00:00",4,3,3],["2023-11-26T00:00:00+00:00",4,3,0],["2024-01-06T00:00:00+00:00",1,1,1],["2024-02-29T00:00:00+00:00",1,1,0],["2024-04-01T00:00:00+00:00",1,1,0],["2024-05-03T00:00:00+00:00",1,1,0],["2024-07-06T00:00:00+00:00",1,1,0],["2024-09-06T00:00:00+00:00",1,1,0],["2024-12-01T00:00:00+00:00",1,1,0],["2025-02-25T00:00:00+00:00",1,1,0],["2025-04-04T00:00:00+00:00",1,1,0],["2025-07-08T00:00:00+00:00",1,1,0],["2025-09-23T00:00:00+00:00",1,1,0]]},"geometry":{"type":"Point","coordinates":[34.468507,31.483201]}},{"type":"Feature","properties":{"site_id":26,"event_code":"CE20231007PSE","latest_date":"2025-09-22T00:00:00+00:00","latest_class":1,"pass_count":13,"h":[["2023-11-07T00:00:00+00:00",4,3,3],["2023-11-26T00:00:00+00:00",4,3,0],["2024-01-06T00:00:00+00:00",2,1,1],["2024-02-29T00:00:00+00:00",2,1,0],["2024-04-01T00:00:00+00:00",2,1,0],["2024-05-03T00:00:00+00:00",2,1,0],["2024-07-06T00:00:00+00:00",2,1,0],["2024-09-06T00:00:00+00:00",2,1,0],["2024-12-01T00:00:00+00:00",2,1,0],["2025-02-25T00:00:00+00:00",2,1,0],["2025-04-04T00:00:00+00:00",2,1,0],["2025-07-08T00:00:00+00:00",1,1,1],["2025-09-22T00:00:00+00:00",1,1,0]]},"geometry":{"type":"Point","coordinates":[34.467955,31.483512]}},{"type":"Feature","properties":{"site_id":26,"event_code":"CE20231007PSE","latest_date":"2025-09-23T00:00:00+00:00","latest_class":2,"pass_count":13,"h":[["2023-11-07T00:00:00+00:00",4,3,3],["2023-11-26T00:00:00+00:00",4,3,0],["2024-01-06T00:00:00+00:00",2,1,1],["2024-02-29T00:00:00+00:00",2,1,0],["2024-04-01T00:00:00+00:00",2,1,0],["2024-05-03T00:00:00+00:00",2,1,0],["2024-07-06T00:00:00+00:00",2,1,0],["2024-09-06T00:00:00+00:00",2,1,0],["2024-12-01T00:00:00+00:00",2,1,0],["2025-02-25T00:00:00+00:00",2,1,0],["2025-04-04T00:00:00+00:00",2,1,0],["2025-07-08T00:00:00+00:00",2,1,0],["2025-09-23T00:00:00+00:00",2,1,0]]},"geometry":{"type":"Point","coordinates":[34.467466,31.482944]}},{"type":"Feature","properties":{"site_id":26,"event_code":"CE20231007PSE","latest_date":"2025-09-23T00:00:00+00:00","latest_class":1,"pass_count":13,"h":[["2023-11-07T00:00:00+00:00",4,3,3],["2023-11-26T00:00:00+00:00",4,3,0],["2024-01-06T00:00:00+00:00",3,2,1],["2024-02-29T00:00:00+00:00",3,2,0],["2024-04-01T00:00:00+00:00",3,2,0],["2024-05-03T00:00:00+00:00",3,2,0],["2024-07-06T00:00:00+00:00",3,2,0],["2024-09-06T00:00:00+00:00",3,2,0],["2024-12-01T00:00:00+00:00",3,2,0],["2025-02-25T00:00:00+00:00",3,2,0],["2025-04-04T00:00:00+00:00",3,2,0],["2025-07-08T00:00:00+00:00",1,1,1],["2025-09-23T00:00:00+00:00",1,1,0]]},"geometry":{"type":"Point","coordinates":[34.467698,31.483119]}},{"type":"Feature","properties":{"site_id":26,"event_code":"CE20231007PSE","latest_date":"2025-09-23T00:00:00+00:00","latest_class":1,"pass_count":13,"h":[["2023-11-07T00:00:00+00:00",4,3,3],["2023-11-26T00:00:00+00:00",4,3,0],["2024-01-06T00:00:00+00:00",3,2,1],["2024-02-29T00:00:00+00:00",3,2,0],["2024-04-01T00:00:00+00:00",3,2,0],["2024-05-03T00:00:00+00:00",3,2,0],["2024-07-06T00:00:00+00:00",3,2,0],["2024-09-06T00:00:00+00:00",3,2,0],["2024-12-01T00:00:00+00:00",3,2,0],["2025-02-25T00:00:00+00:00",3,2,0],["2025-04-04T00:00:00+00:00",3,2,0],["2025-07-08T00:00:00+00:00",1,1,1],["2025-09-23T00:00:00+00:00",1,1,0]]},"geometry":{"type":"Point","coordinates":[34.467763,31.483254]}},{"type":"Feature","properties":{"site_id":26,"event_code":"CE20231007PSE","latest_date":"2025-09-23T00:00:00+00:00","latest_class":1,"pass_count":13,"h":[["2023-11-07T00:00:00+00:00",4,3,3],["2023-11-26T00:00:00+00:00",4,3,0],["2024-01-06T00:00:00+00:00",3,2,1],["2024-02-29T00:00:00+00:00",3,2,0],["2024-04-01T00:00:00+00:00",3,2,0],["2024-05-03T00:00:00+00:00",1,1,1],["2024-07-06T00:00:00+00:00",1,1,0],["2024-09-06T00:00:00+00:00",1,1,0],["2024-12-01T00:00:00+00:00",1,1,0],["2025-02-25T00:00:00+00:00",1,1,0],["2025-04-04T00:00:00+00:00",1,1,0],["2025-07-08T00:00:00+00:00",1,1,0],["2025-09-23T00:00:00+00:00",1,1,0]]},"geometry":{"type":"Point","coordinates":[34.466952,31.482688]}},{"type":"Feature","properties":{"site_id":26,"event_code":"CE20231007PSE","latest_date":"2025-09-23T00:00:00+00:00","latest_class":1,"pass_count":13,"h":[["2023-11-07T00:00:00+00:00",4,3,3],["2023-11-26T00:00:00+00:00",4,3,0],["2024-01-06T00:00:00+00:00",3,2,1],["2024-02-29T00:00:00+00:00",3,2,0],["2024-04-01T00:00:00+00:00",3,2,0],["2024-05-03T00:00:00+00:00",3,2,0],["2024-07-06T00:00:00+00:00",3,2,0],["2024-09-06T00:00:00+00:00",3,2,0],["2024-12-01T00:00:00+00:00",3,2,0],["2025-02-25T00:00:00+00:00",3,2,0],["2025-04-04T00:00:00+00:00",3,2,0],["2025-07-08T00:00:00+00:00",1,1,1],["2025-09-23T00:00:00+00:00",1,1,0]]},"geometry":{"type":"Point","coordinates":[34.466719,31.482819]}},{"type":"Feature","properties":{"site_id":26,"event_code":"CE20231007PSE","latest_date":"2025-09-23T00:00:00+00:00","latest_class":1,"pass_count":13,"h":[["2023-11-07T00:00:00+00:00",4,3,3],["2023-11-26T00:00:00+00:00",4,3,0],["2024-01-06T00:00:00+00:00",3,2,1],["2024-02-29T00:00:00+00:00",3,2,0],["2024-04-01T00:00:00+00:00",3,2,0],["2024-05-03T00:00:00+00:00",3,2,0],["2024-07-06T00:00:00+00:00",3,2,0],["2024-09-06T00:00:00+00:00",3,2,0],["2024-12-01T00:00:00+00:00",3,2,0],["2025-02-25T00:00:00+00:00",3,2,0],["2025-04-04T00:00:00+00:00",3,2,0],["2025-07-08T00:00:00+00:00",1,1,1],["2025-09-23T00:00:00+00:00",1,1,0]]},"geometry":{"type":"Point","coordinates":[34.46854,31.482527]}},{"type":"Feature","properties":{"site_id":26,"event_code":"CE20231007PSE","latest_date":"2025-09-22T00:00:00+00:00","latest_class":1,"pass_count":11,"h":[["2024-01-06T00:00:00+00:00",1,1,3],["2024-02-29T00:00:00+00:00",1,1,0],["2024-04-01T00:00:00+00:00",1,1,0],["2024-05-03T00:00:00+00:00",1,1,0],["2024-07-06T00:00:00+00:00",1,1,0],["2024-09-06T00:00:00+00:00",1,1,0],["2024-12-01T00:00:00+00:00",1,1,0],["2025-02-25T00:00:00+00:00",1,1,0],["2025-04-04T00:00:00+00:00",1,1,0],["2025-07-08T00:00:00+00:00",1,1,0],["2025-09-22T00:00:00+00:00",1,1,0]]},"geometry":{"type":"Point","coordinates":[34.466711,31.484942]}},{"type":"Feature","properties":{"site_id":26,"event_code":"CE20231007PSE","latest_date":"2025-09-23T00:00:00+00:00","latest_class":1,"pass_count":13,"h":[["2023-11-07T00:00:00+00:00",4,3,3],["2023-11-26T00:00:00+00:00",4,3,0],["2024-01-06T00:00:00+00:00",3,2,1],["2024-02-29T00:00:00+00:00",3,2,0],["2024-04-01T00:00:00+00:00",3,2,0],["2024-05-03T00:00:00+00:00",3,2,0],["2024-07-06T00:00:00+00:00",3,2,0],["2024-09-06T00:00:00+00:00",3,2,0],["2024-12-01T00:00:00+00:00",3,2,0],["2025-02-25T00:00:00+00:00",3,2,0],["2025-04-04T00:00:00+00:00",3,2,0],["2025-07-08T00:00:00+00:00",1,1,1],["2025-09-23T00:00:00+00:00",1,1,0]]},"geometry":{"type":"Point","coordinates":[34.468332,31.483044]}},{"type":"Feature","properties":{"site_id":26,"event_code":"CE20231007PSE","latest_date":"2025-09-23T00:00:00+00:00","latest_class":1,"pass_count":11,"h":[["2024-01-06T00:00:00+00:00",3,2,3],["2024-02-29T00:00:00+00:00",3,2,0],["2024-04-01T00:00:00+00:00",3,2,0],["2024-05-03T00:00:00+00:00",3,2,0],["2024-07-06T00:00:00+00:00",3,2,0],["2024-09-06T00:00:00+00:00",3,2,0],["2024-12-01T00:00:00+00:00",3,2,0],["2025-02-25T00:00:00+00:00",3,2,0],["2025-04-04T00:00:00+00:00",3,2,0],["2025-07-08T00:00:00+00:00",1,1,1],["2025-09-23T00:00:00+00:00",1,1,0]]},"geometry":{"type":"Point","coordinates":[34.46898,31.483382]}},{"type":"Feature","properties":{"site_id":26,"event_code":"CE20231007PSE","latest_date":"2025-09-23T00:00:00+00:00","latest_class":1,"pass_count":11,"h":[["2024-01-06T00:00:00+00:00",3,2,3],["2024-02-29T00:00:00+00:00",3,2,0],["2024-04-01T00:00:00+00:00",3,2,0],["2024-05-03T00:00:00+00:00",3,2,0],["2024-07-06T00:00:00+00:00",3,2,0],["2024-09-06T00:00:00+00:00",3,2,0],["2024-12-01T00:00:00+00:00",3,2,0],["2025-02-25T00:00:00+00:00",3,2,0],["2025-04-04T00:00:00+00:00",3,2,0],["2025-07-08T00:00:00+00:00",1,1,1],["2025-09-23T00:00:00+00:00",1,1,0]]},"geometry":{"type":"Point","coordinates":[34.468843,31.483946]}},{"type":"Feature","properties":{"site_id":26,"event_code":"CE20231007PSE","latest_date":"2025-09-22T00:00:00+00:00","latest_class":1,"pass_count":11,"h":[["2024-01-06T00:00:00+00:00",3,2,3],["2024-02-29T00:00:00+00:00",3,2,0],["2024-04-01T00:00:00+00:00",3,2,0],["2024-05-03T00:00:00+00:00",3,2,0],["2024-07-06T00:00:00+00:00",3,2,0],["2024-09-06T00:00:00+00:00",3,2,0],["2024-12-01T00:00:00+00:00",3,2,0],["2025-02-25T00:00:00+00:00",3,2,0],["2025-04-04T00:00:00+00:00",3,2,0],["2025-07-08T00:00:00+00:00",1,1,1],["2025-09-22T00:00:00+00:00",1,1,0]]},"geometry":{"type":"Point","coordinates":[34.469506,31.483962]}},{"type":"Feature","properties":{"site_id":26,"event_code":"CE20231007PSE","latest_date":"2025-09-22T00:00:00+00:00","latest_class":1,"pass_count":11,"h":[["2024-01-06T00:00:00+00:00",3,2,3],["2024-02-29T00:00:00+00:00",3,2,0],["2024-04-01T00:00:00+00:00",3,2,0],["2024-05-03T00:00:00+00:00",3,2,0],["2024-07-06T00:00:00+00:00",3,2,0],["2024-09-06T00:00:00+00:00",3,2,0],["2024-12-01T00:00:00+00:00",3,2,0],["2025-02-25T00:00:00+00:00",3,2,0],["2025-04-04T00:00:00+00:00",3,2,0],["2025-07-08T00:00:00+00:00",1,1,1],["2025-09-22T00:00:00+00:00",1,1,0]]},"geometry":{"type":"Point","coordinates":[34.469359,31.483984]}},{"type":"Feature","properties":{"site_id":26,"event_code":"CE20231007PSE","latest_date":"2025-09-22T00:00:00+00:00","latest_class":1,"pass_count":11,"h":[["2024-01-06T00:00:00+00:00",3,2,3],["2024-02-29T00:00:00+00:00",3,2,0],["2024-04-01T00:00:00+00:00",3,2,0],["2024-05-03T00:00:00+00:00",3,2,0],["2024-07-06T00:00:00+00:00",3,2,0],["2024-09-06T00:00:00+00:00",3,2,0],["2024-12-01T00:00:00+00:00",3,2,0],["2025-02-25T00:00:00+00:00",3,2,0],["2025-04-04T00:00:00+00:00",3,2,0],["2025-07-08T00:00:00+00:00",3,2,0],["2025-09-22T00:00:00+00:00",1,1,1]]},"geometry":{"type":"Point","coordinates":[34.462596,31.497655]}},{"type":"Feature","properties":{"site_id":26,"event_code":"CE20231007PSE","latest_date":"2025-09-23T00:00:00+00:00","latest_class":1,"pass_count":11,"h":[["2024-01-06T00:00:00+00:00",3,2,3],["2024-02-29T00:00:00+00:00",3,2,0],["2024-04-01T00:00:00+00:00",3,2,0],["2024-05-03T00:00:00+00:00",3,2,0],["2024-07-06T00:00:00+00:00",3,2,0],["2024-09-06T00:00:00+00:00",3,2,0],["2024-12-01T00:00:00+00:00",3,2,0],["2025-02-25T00:00:00+00:00",3,2,0],["2025-04-04T00:00:00+00:00",3,2,0],["2025-07-08T00:00:00+00:00",1,1,1],["2025-09-23T00:00:00+00:00",1,1,0]]},"geometry":{"type":"Point","coordinates":[34.469075,31.483604]}},{"type":"Feature","properties":{"site_id":26,"event_code":"CE20231007PSE","latest_date":"2025-09-23T00:00:00+00:00","latest_class":1,"pass_count":13,"h":[["2023-11-07T00:00:00+00:00",4,3,3],["2023-11-26T00:00:00+00:00",4,3,0],["2024-01-06T00:00:00+00:00",3,2,1],["2024-02-29T00:00:00+00:00",3,2,0],["2024-04-01T00:00:00+00:00",3,2,0],["2024-05-03T00:00:00+00:00",3,2,0],["2024-07-06T00:00:00+00:00",3,2,0],["2024-09-06T00:00:00+00:00",3,2,0],["2024-12-01T00:00:00+00:00",3,2,0],["2025-02-25T00:00:00+00:00",3,2,0],["2025-04-04T00:00:00+00:00",3,2,0],["2025-07-08T00:00:00+00:00",1,1,1],["2025-09-23T00:00:00+00:00",1,1,0]]},"geometry":{"type":"Point","coordinates":[34.46915,31.483486]}},{"type":"Feature","properties":{"site_id":26,"event_code":"CE20231007PSE","latest_date":"2025-09-22T00:00:00+00:00","latest_class":1,"pass_count":11,"h":[["2024-01-06T00:00:00+00:00",1,1,3],["2024-02-29T00:00:00+00:00",1,1,0],["2024-04-01T00:00:00+00:00",1,1,0],["2024-05-03T00:00:00+00:00",1,1,0],["2024-07-06T00:00:00+00:00",1,1,0],["2024-09-06T00:00:00+00:00",1,1,0],["2024-12-01T00:00:00+00:00",1,1,0],["2025-02-25T00:00:00+00:00",1,1,0],["2025-04-04T00:00:00+00:00",1,1,0],["2025-07-08T00:00:00+00:00",1,1,0],["2025-09-22T00:00:00+00:00",1,1,0]]},"geometry":{"type":"Point","coordinates":[34.469418,31.484327]}},{"type":"Feature","properties":{"site_id":26,"event_code":"CE20231007PSE","latest_date":"2025-09-22T00:00:00+00:00","latest_class":1,"pass_count":11,"h":[["2024-01-06T00:00:00+00:00",2,1,3],["2024-02-29T00:00:00+00:00",2,1,0],["2024-04-01T00:00:00+00:00",2,1,0],["2024-05-03T00:00:00+00:00",2,1,0],["2024-07-06T00:00:00+00:00",2,1,0],["2024-09-06T00:00:00+00:00",2,1,0],["2024-12-01T00:00:00+00:00",2,1,0],["2025-02-25T00:00:00+00:00",2,1,0],["2025-04-04T00:00:00+00:00",2,1,0],["2025-07-08T00:00:00+00:00",1,1,1],["2025-09-22T00:00:00+00:00",1,1,0]]},"geometry":{"type":"Point","coordinates":[34.463732,31.484935]}},{"type":"Feature","properties":{"site_id":26,"event_code":"CE20231007PSE","latest_date":"2025-09-22T00:00:00+00:00","latest_class":1,"pass_count":11,"h":[["2024-01-06T00:00:00+00:00",1,1,3],["2024-02-29T00:00:00+00:00",1,1,0],["2024-04-01T00:00:00+00:00",1,1,0],["2024-05-03T00:00:00+00:00",1,1,0],["2024-07-06T00:00:00+00:00",1,1,0],["2024-09-06T00:00:00+00:00",1,1,0],["2024-12-01T00:00:00+00:00",1,1,0],["2025-02-25T00:00:00+00:00",1,1,0],["2025-04-04T00:00:00+00:00",1,1,0],["2025-07-08T00:00:00+00:00",1,1,0],["2025-09-22T00:00:00+00:00",1,1,0]]},"geometry":{"type":"Point","coordinates":[34.462666,31.485683]}},{"type":"Feature","properties":{"site_id":26,"event_code":"CE20231007PSE","latest_date":"2025-09-22T00:00:00+00:00","latest_class":1,"pass_count":13,"h":[["2023-11-07T00:00:00+00:00",4,3,3],["2023-11-26T00:00:00+00:00",4,3,0],["2024-01-06T00:00:00+00:00",4,3,0],["2024-02-29T00:00:00+00:00",4,3,0],["2024-04-01T00:00:00+00:00",4,3,0],["2024-05-03T00:00:00+00:00",4,3,0],["2024-07-06T00:00:00+00:00",2,1,1],["2024-09-06T00:00:00+00:00",2,1,0],["2024-12-01T00:00:00+00:00",2,1,0],["2025-02-25T00:00:00+00:00",2,1,0],["2025-04-04T00:00:00+00:00",2,1,0],["2025-07-08T00:00:00+00:00",1,1,1],["2025-09-22T00:00:00+00:00",1,1,0]]},"geometry":{"type":"Point","coordinates":[34.468253,31.483797]}},{"type":"Feature","properties":{"site_id":26,"event_code":"CE20231007PSE","latest_date":"2025-09-22T00:00:00+00:00","latest_class":1,"pass_count":13,"h":[["2023-11-07T00:00:00+00:00",4,3,3],["2023-11-26T00:00:00+00:00",4,3,0],["2024-01-06T00:00:00+00:00",4,3,0],["2024-02-29T00:00:00+00:00",4,3,0],["2024-04-01T00:00:00+00:00",4,3,0],["2024-05-03T00:00:00+00:00",4,3,0],["2024-07-06T00:00:00+00:00",3,2,1],["2024-09-06T00:00:00+00:00",3,2,0],["2024-12-01T00:00:00+00:00",3,2,0],["2025-02-25T00:00:00+00:00",3,2,0],["2025-04-04T00:00:00+00:00",3,2,0],["2025-07-08T00:00:00+00:00",1,1,1],["2025-09-22T00:00:00+00:00",1,1,0]]},"geometry":{"type":"Point","coordinates":[34.468308,31.484097]}},{"type":"Feature","properties":{"site_id":26,"event_code":"CE20231007PSE","latest_date":"2025-09-23T00:00:00+00:00","latest_class":1,"pass_count":7,"h":[["2024-07-06T00:00:00+00:00",3,2,3],["2024-09-06T00:00:00+00:00",3,2,0],["2024-12-01T00:00:00+00:00",3,2,0],["2025-02-25T00:00:00+00:00",3,2,0],["2025-04-04T00:00:00+00:00",3,2,0],["2025-07-08T00:00:00+00:00",1,1,1],["2025-09-23T00:00:00+00:00",1,1,0]]},"geometry":{"type":"Point","coordinates":[34.469059,31.483684]}},{"type":"Feature","properties":{"site_id":26,"event_code":"CE20231007PSE","latest_date":"2025-09-22T00:00:00+00:00","latest_class":1,"pass_count":13,"h":[["2023-11-07T00:00:00+00:00",4,3,3],["2023-11-26T00:00:00+00:00",4,3,0],["2024-01-06T00:00:00+00:00",3,2,1],["2024-02-29T00:00:00+00:00",3,2,0],["2024-04-01T00:00:00+00:00",3,2,0],["2024-05-03T00:00:00+00:00",3,2,0],["2024-07-06T00:00:00+00:00",3,2,0],["2024-09-06T00:00:00+00:00",3,2,0],["2024-12-01T00:00:00+00:00",3,2,0],["2025-02-25T00:00:00+00:00",3,2,0],["2025-04-04T00:00:00+00:00",3,2,0],["2025-07-08T00:00:00+00:00",1,1,1],["2025-09-22T00:00:00+00:00",1,1,0]]},"geometry":{"type":"Point","coordinates":[34.4693,31.483593]}},{"type":"Feature","properties":{"site_id":26,"event_code":"CE20231007PSE","latest_date":"2025-09-22T00:00:00+00:00","latest_class":1,"pass_count":11,"h":[["2024-01-06T00:00:00+00:00",3,2,3],["2024-02-29T00:00:00+00:00",3,2,0],["2024-04-01T00:00:00+00:00",3,2,0],["2024-05-03T00:00:00+00:00",3,2,0],["2024-07-06T00:00:00+00:00",3,2,0],["2024-09-06T00:00:00+00:00",3,2,0],["2024-12-01T00:00:00+00:00",3,2,0],["2025-02-25T00:00:00+00:00",3,2,0],["2025-04-04T00:00:00+00:00",3,2,0],["2025-07-08T00:00:00+00:00",1,1,1],["2025-09-22T00:00:00+00:00",1,1,0]]},"geometry":{"type":"Point","coordinates":[34.469348,31.483745]}},{"type":"Feature","properties":{"site_id":26,"event_code":"CE20231007PSE","latest_date":"2025-09-23T00:00:00+00:00","latest_class":1,"pass_count":11,"h":[["2024-01-06T00:00:00+00:00",3,2,3],["2024-02-29T00:00:00+00:00",3,2,0],["2024-04-01T00:00:00+00:00",3,2,0],["2024-05-03T00:00:00+00:00",3,2,0],["2024-07-06T00:00:00+00:00",3,2,0],["2024-09-06T00:00:00+00:00",3,2,0],["2024-12-01T00:00:00+00:00",3,2,0],["2025-02-25T00:00:00+00:00",3,2,0],["2025-04-04T00:00:00+00:00",3,2,0],["2025-07-08T00:00:00+00:00",1,1,1],["2025-09-23T00:00:00+00:00",1,1,0]]},"geometry":{"type":"Point","coordinates":[34.469151,31.483784]}},{"type":"Feature","properties":{"site_id":26,"event_code":"CE20231007PSE","latest_date":"2025-09-22T00:00:00+00:00","latest_class":1,"pass_count":13,"h":[["2023-11-07T00:00:00+00:00",4,3,3],["2023-11-26T00:00:00+00:00",4,3,0],["2024-01-06T00:00:00+00:00",3,2,1],["2024-02-29T00:00:00+00:00",3,2,0],["2024-04-01T00:00:00+00:00",3,2,0],["2024-05-03T00:00:00+00:00",3,2,0],["2024-07-06T00:00:00+00:00",3,2,0],["2024-09-06T00:00:00+00:00",3,2,0],["2024-12-01T00:00:00+00:00",3,2,0],["2025-02-25T00:00:00+00:00",3,2,0],["2025-04-04T00:00:00+00:00",3,2,0],["2025-07-08T00:00:00+00:00",1,1,1],["2025-09-22T00:00:00+00:00",1,1,0]]},"geometry":{"type":"Point","coordinates":[34.467776,31.483535]}},{"type":"Feature","properties":{"site_id":26,"event_code":"CE20231007PSE","latest_date":"2025-09-22T00:00:00+00:00","latest_class":1,"pass_count":11,"h":[["2024-01-06T00:00:00+00:00",4,3,3],["2024-02-29T00:00:00+00:00",4,3,0],["2024-04-01T00:00:00+00:00",4,3,0],["2024-05-03T00:00:00+00:00",4,3,0],["2024-07-06T00:00:00+00:00",4,3,0],["2024-09-06T00:00:00+00:00",4,3,0],["2024-12-01T00:00:00+00:00",4,3,0],["2025-02-25T00:00:00+00:00",4,3,0],["2025-04-04T00:00:00+00:00",4,3,0],["2025-07-08T00:00:00+00:00",2,1,1],["2025-09-22T00:00:00+00:00",1,1,1]]},"geometry":{"type":"Point","coordinates":[34.462412,31.497589]}},{"type":"Feature","properties":{"site_id":26,"event_code":"CE20231007PSE","latest_date":"2025-09-22T00:00:00+00:00","latest_class":1,"pass_count":13,"h":[["2023-11-07T00:00:00+00:00",4,3,3],["2023-11-26T00:00:00+00:00",4,3,0],["2024-01-06T00:00:00+00:00",4,3,0],["2024-02-29T00:00:00+00:00",4,3,0],["2024-04-01T00:00:00+00:00",4,3,0],["2024-05-03T00:00:00+00:00",4,3,0],["2024-07-06T00:00:00+00:00",4,3,0],["2024-09-06T00:00:00+00:00",4,3,0],["2024-12-01T00:00:00+00:00",4,3,0],["2025-02-25T00:00:00+00:00",4,3,0],["2025-04-04T00:00:00+00:00",4,3,0],["2025-07-08T00:00:00+00:00",1,1,1],["2025-09-22T00:00:00+00:00",1,1,0]]},"geometry":{"type":"Point","coordinates":[34.462106,31.486057]}},{"type":"Feature","properties":{"site_id":26,"event_code":"CE20231007PSE","latest_date":"2025-09-22T00:00:00+00:00","latest_class":1,"pass_count":2,"h":[["2025-07-08T00:00:00+00:00",1,1,3],["2025-09-22T00:00:00+00:00",1,1,0]]},"geometry":{"type":"Point","coordinates":[34.469368,31.483889]}},{"type":"Feature","properties":{"site_id":26,"event_code":"CE20231007PSE","latest_date":"2025-09-23T00:00:00+00:00","latest_class":2,"pass_count":2,"h":[["2025-07-08T00:00:00+00:00",2,1,3],["2025-09-23T00:00:00+00:00",2,1,0]]},"geometry":{"type":"Point","coordinates":[34.468344,31.483206]}},{"type":"Feature","properties":{"site_id":26,"event_code":"CE20231007PSE","latest_date":"2025-09-23T00:00:00+00:00","latest_class":1,"pass_count":13,"h":[["2023-11-07T00:00:00+00:00",4,3,3],["2023-11-26T00:00:00+00:00",4,3,0],["2024-01-06T00:00:00+00:00",4,3,0],["2024-02-29T00:00:00+00:00",4,3,0],["2024-04-01T00:00:00+00:00",4,3,0],["2024-05-03T00:00:00+00:00",4,3,0],["2024-07-06T00:00:00+00:00",4,3,0],["2024-09-06T00:00:00+00:00",4,3,0],["2024-12-01T00:00:00+00:00",4,3,0],["2025-02-25T00:00:00+00:00",4,3,0],["2025-04-04T00:00:00+00:00",4,3,0],["2025-07-08T00:00:00+00:00",1,1,1],["2025-09-23T00:00:00+00:00",1,1,0]]},"geometry":{"type":"Point","coordinates":[34.469365,31.483294]}},{"type":"Feature","properties":{"site_id":26,"event_code":"CE20231007PSE","latest_date":"2025-09-22T00:00:00+00:00","latest_class":1,"pass_count":14,"h":[["2023-10-15T00:00:00+00:00",1,1,null],["2023-11-07T00:00:00+00:00",1,1,0],["2023-11-26T00:00:00+00:00",1,1,0],["2024-01-06T00:00:00+00:00",1,1,0],["2024-02-29T00:00:00+00:00",1,1,0],["2024-04-01T00:00:00+00:00",1,1,0],["2024-05-03T00:00:00+00:00",1,1,0],["2024-07-06T00:00:00+00:00",1,1,0],["2024-09-06T00:00:00+00:00",1,1,0],["2024-12-01T00:00:00+00:00",1,1,0],["2025-02-25T00:00:00+00:00",1,1,0],["2025-04-04T00:00:00+00:00",1,1,0],["2025-07-08T00:00:00+00:00",1,1,0],["2025-09-22T00:00:00+00:00",1,1,0]]},"geometry":{"type":"Point","coordinates":[34.47275,31.487427]}},{"type":"Feature","properties":{"site_id":26,"event_code":"CE20231007PSE","latest_date":"2025-09-22T00:00:00+00:00","latest_class":1,"pass_count":14,"h":[["2023-10-15T00:00:00+00:00",1,1,null],["2023-11-07T00:00:00+00:00",1,1,0],["2023-11-26T00:00:00+00:00",1,1,0],["2024-01-06T00:00:00+00:00",1,1,0],["2024-02-29T00:00:00+00:00",1,1,0],["2024-04-01T00:00:00+00:00",1,1,0],["2024-05-03T00:00:00+00:00",1,1,0],["2024-07-06T00:00:00+00:00",1,1,0],["2024-09-06T00:00:00+00:00",1,1,0],["2024-12-01T00:00:00+00:00",1,1,0],["2025-02-25T00:00:00+00:00",1,1,0],["2025-04-04T00:00:00+00:00",1,1,0],["2025-07-08T00:00:00+00:00",1,1,0],["2025-09-22T00:00:00+00:00",1,1,0]]},"geometry":{"type":"Point","coordinates":[34.473505,31.48511]}},{"type":"Feature","properties":{"site_id":26,"event_code":"CE20231007PSE","latest_date":"2025-09-22T00:00:00+00:00","latest_class":1,"pass_count":14,"h":[["2023-10-15T00:00:00+00:00",1,1,null],["2023-11-07T00:00:00+00:00",1,1,0],["2023-11-26T00:00:00+00:00",1,1,0],["2024-01-06T00:00:00+00:00",1,1,0],["2024-02-29T00:00:00+00:00",1,1,0],["2024-04-01T00:00:00+00:00",1,1,0],["2024-05-03T00:00:00+00:00",1,1,0],["2024-07-06T00:00:00+00:00",1,1,0],["2024-09-06T00:00:00+00:00",1,1,0],["2024-12-01T00:00:00+00:00",1,1,0],["2025-02-25T00:00:00+00:00",1,1,0],["2025-04-04T00:00:00+00:00",1,1,0],["2025-07-08T00:00:00+00:00",1,1,0],["2025-09-22T00:00:00+00:00",1,1,0]]},"geometry":{"type":"Point","coordinates":[34.473416,31.485382]}},{"type":"Feature","properties":{"site_id":26,"event_code":"CE20231007PSE","latest_date":"2025-09-22T00:00:00+00:00","latest_class":1,"pass_count":14,"h":[["2023-10-15T00:00:00+00:00",1,1,null],["2023-11-07T00:00:00+00:00",1,1,0],["2023-11-26T00:00:00+00:00",1,1,0],["2024-01-06T00:00:00+00:00",1,1,0],["2024-02-29T00:00:00+00:00",1,1,0],["2024-04-01T00:00:00+00:00",1,1,0],["2024-05-03T00:00:00+00:00",1,1,0],["2024-07-06T00:00:00+00:00",1,1,0],["2024-09-06T00:00:00+00:00",1,1,0],["2024-12-01T00:00:00+00:00",1,1,0],["2025-02-25T00:00:00+00:00",1,1,0],["2025-04-04T00:00:00+00:00",1,1,0],["2025-07-08T00:00:00+00:00",1,1,0],["2025-09-22T00:00:00+00:00",1,1,0]]},"geometry":{"type":"Point","coordinates":[34.473722,31.485827]}},{"type":"Feature","properties":{"site_id":26,"event_code":"CE20231007PSE","latest_date":"2025-09-22T00:00:00+00:00","latest_class":1,"pass_count":14,"h":[["2023-10-15T00:00:00+00:00",1,1,null],["2023-11-07T00:00:00+00:00",1,1,0],["2023-11-26T00:00:00+00:00",1,1,0],["2024-01-06T00:00:00+00:00",1,1,0],["2024-02-29T00:00:00+00:00",1,1,0],["2024-04-01T00:00:00+00:00",1,1,0],["2024-05-03T00:00:00+00:00",1,1,0],["2024-07-06T00:00:00+00:00",1,1,0],["2024-09-06T00:00:00+00:00",1,1,0],["2024-12-01T00:00:00+00:00",1,1,0],["2025-02-25T00:00:00+00:00",1,1,0],["2025-04-04T00:00:00+00:00",1,1,0],["2025-07-08T00:00:00+00:00",1,1,0],["2025-09-22T00:00:00+00:00",1,1,0]]},"geometry":{"type":"Point","coordinates":[34.473759,31.485924]}},{"type":"Feature","properties":{"site_id":26,"event_code":"CE20231007PSE","latest_date":"2025-09-22T00:00:00+00:00","latest_class":1,"pass_count":14,"h":[["2023-10-15T00:00:00+00:00",2,1,null],["2023-11-07T00:00:00+00:00",2,1,0],["2023-11-26T00:00:00+00:00",2,1,0],["2024-01-06T00:00:00+00:00",2,1,0],["2024-02-29T00:00:00+00:00",2,1,0],["2024-04-01T00:00:00+00:00",2,1,0],["2024-05-03T00:00:00+00:00",2,1,0],["2024-07-06T00:00:00+00:00",2,1,0],["2024-09-06T00:00:00+00:00",2,1,0],["2024-12-01T00:00:00+00:00",2,1,0],["2025-02-25T00:00:00+00:00",2,1,0],["2025-04-04T00:00:00+00:00",2,1,0],["2025-07-08T00:00:00+00:00",1,1,1],["2025-09-22T00:00:00+00:00",1,1,0]]},"geometry":{"type":"Point","coordinates":[34.473201,31.48527]}},{"type":"Feature","properties":{"site_id":26,"event_code":"CE20231007PSE","latest_date":"2025-09-22T00:00:00+00:00","latest_class":1,"pass_count":14,"h":[["2023-10-15T00:00:00+00:00",2,1,null],["2023-11-07T00:00:00+00:00",2,1,0],["2023-11-26T00:00:00+00:00",2,1,0],["2024-01-06T00:00:00+00:00",2,1,0],["2024-02-29T00:00:00+00:00",2,1,0],["2024-04-01T00:00:00+00:00",2,1,0],["2024-05-03T00:00:00+00:00",2,1,0],["2024-07-06T00:00:00+00:00",2,1,0],["2024-09-06T00:00:00+00:00",2,1,0],["2024-12-01T00:00:00+00:00",2,1,0],["2025-02-25T00:00:00+00:00",2,1,0],["2025-04-04T00:00:00+00:00",2,1,0],["2025-07-08T00:00:00+00:00",1,1,1],["2025-09-22T00:00:00+00:00",1,1,0]]},"geometry":{"type":"Point","coordinates":[34.473168,31.485404]}},{"type":"Feature","properties":{"site_id":26,"event_code":"CE20231007PSE","latest_date":"2025-09-22T00:00:00+00:00","latest_class":1,"pass_count":14,"h":[["2023-10-15T00:00:00+00:00",2,1,null],["2023-11-07T00:00:00+00:00",2,1,0],["2023-11-26T00:00:00+00:00",2,1,0],["2024-01-06T00:00:00+00:00",2,1,0],["2024-02-29T00:00:00+00:00",2,1,0],["2024-04-01T00:00:00+00:00",2,1,0],["2024-05-03T00:00:00+00:00",2,1,0],["2024-07-06T00:00:00+00:00",2,1,0],["2024-09-06T00:00:00+00:00",2,1,0],["2024-12-01T00:00:00+00:00",2,1,0],["2025-02-25T00:00:00+00:00",2,1,0],["2025-04-04T00:00:00+00:00",2,1,0],["2025-07-08T00:00:00+00:00",1,1,1],["2025-09-22T00:00:00+00:00",1,1,0]]},"geometry":{"type":"Point","coordinates":[34.473049,31.485615]}},{"type":"Feature","properties":{"site_id":26,"event_code":"CE20231007PSE","latest_date":"2025-09-22T00:00:00+00:00","latest_class":1,"pass_count":14,"h":[["2023-10-15T00:00:00+00:00",1,1,null],["2023-11-07T00:00:00+00:00",1,1,0],["2023-11-26T00:00:00+00:00",1,1,0],["2024-01-06T00:00:00+00:00",1,1,0],["2024-02-29T00:00:00+00:00",1,1,0],["2024-04-01T00:00:00+00:00",1,1,0],["2024-05-03T00:00:00+00:00",1,1,0],["2024-07-06T00:00:00+00:00",1,1,0],["2024-09-06T00:00:00+00:00",1,1,0],["2024-12-01T00:00:00+00:00",1,1,0],["2025-02-25T00:00:00+00:00",1,1,0],["2025-04-04T00:00:00+00:00",1,1,0],["2025-07-08T00:00:00+00:00",1,1,0],["2025-09-22T00:00:00+00:00",1,1,0]]},"geometry":{"type":"Point","coordinates":[34.472716,31.486477]}},{"type":"Feature","properties":{"site_id":26,"event_code":"CE20231007PSE","latest_date":"2025-09-22T00:00:00+00:00","latest_class":1,"pass_count":14,"h":[["2023-10-15T00:00:00+00:00",1,1,null],["2023-11-07T00:00:00+00:00",1,1,0],["2023-11-26T00:00:00+00:00",1,1,0],["2024-01-06T00:00:00+00:00",1,1,0],["2024-02-29T00:00:00+00:00",1,1,0],["2024-04-01T00:00:00+00:00",1,1,0],["2024-05-03T00:00:00+00:00",1,1,0],["2024-07-06T00:00:00+00:00",1,1,0],["2024-09-06T00:00:00+00:00",1,1,0],["2024-12-01T00:00:00+00:00",1,1,0],["2025-02-25T00:00:00+00:00",1,1,0],["2025-04-04T00:00:00+00:00",1,1,0],["2025-07-08T00:00:00+00:00",1,1,0],["2025-09-22T00:00:00+00:00",1,1,0]]},"geometry":{"type":"Point","coordinates":[34.472816,31.486934]}},{"type":"Feature","properties":{"site_id":26,"event_code":"CE20231007PSE","latest_date":"2025-09-22T00:00:00+00:00","latest_class":1,"pass_count":14,"h":[["2023-10-15T00:00:00+00:00",1,1,null],["2023-11-07T00:00:00+00:00",1,1,0],["2023-11-26T00:00:00+00:00",1,1,0],["2024-01-06T00:00:00+00:00",1,1,0],["2024-02-29T00:00:00+00:00",1,1,0],["2024-04-01T00:00:00+00:00",1,1,0],["2024-05-03T00:00:00+00:00",1,1,0],["2024-07-06T00:00:00+00:00",1,1,0],["2024-09-06T00:00:00+00:00",1,1,0],["2024-12-01T00:00:00+00:00",1,1,0],["2025-02-25T00:00:00+00:00",1,1,0],["2025-04-04T00:00:00+00:00",1,1,0],["2025-07-08T00:00:00+00:00",1,1,0],["2025-09-22T00:00:00+00:00",1,1,0]]},"geometry":{"type":"Point","coordinates":[34.473106,31.487106]}},{"type":"Feature","properties":{"site_id":26,"event_code":"CE20231007PSE","latest_date":"2025-09-22T00:00:00+00:00","latest_class":1,"pass_count":14,"h":[["2023-10-15T00:00:00+00:00",1,1,null],["2023-11-07T00:00:00+00:00",1,1,0],["2023-11-26T00:00:00+00:00",1,1,0],["2024-01-06T00:00:00+00:00",1,1,0],["2024-02-29T00:00:00+00:00",1,1,0],["2024-04-01T00:00:00+00:00",1,1,0],["2024-05-03T00:00:00+00:00",1,1,0],["2024-07-06T00:00:00+00:00",1,1,0],["2024-09-06T00:00:00+00:00",1,1,0],["2024-12-01T00:00:00+00:00",1,1,0],["2025-02-25T00:00:00+00:00",1,1,0],["2025-04-04T00:00:00+00:00",1,1,0],["2025-07-08T00:00:00+00:00",1,1,0],["2025-09-22T00:00:00+00:00",1,1,0]]},"geometry":{"type":"Point","coordinates":[34.472473,31.487263]}},{"type":"Feature","properties":{"site_id":26,"event_code":"CE20231007PSE","latest_date":"2025-09-22T00:00:00+00:00","latest_class":1,"pass_count":14,"h":[["2023-10-15T00:00:00+00:00",3,2,null],["2023-11-07T00:00:00+00:00",3,2,0],["2023-11-26T00:00:00+00:00",3,2,0],["2024-01-06T00:00:00+00:00",3,2,0],["2024-02-29T00:00:00+00:00",3,2,0],["2024-04-01T00:00:00+00:00",3,2,0],["2024-05-03T00:00:00+00:00",3,2,0],["2024-07-06T00:00:00+00:00",3,2,0],["2024-09-06T00:00:00+00:00",3,2,0],["2024-12-01T00:00:00+00:00",3,2,0],["2025-02-25T00:00:00+00:00",3,2,0],["2025-04-04T00:00:00+00:00",3,2,0],["2025-07-08T00:00:00+00:00",1,1,1],["2025-09-22T00:00:00+00:00",1,1,0]]},"geometry":{"type":"Point","coordinates":[34.472741,31.487217]}},{"type":"Feature","properties":{"site_id":26,"event_code":"CE20231007PSE","latest_date":"2025-09-22T00:00:00+00:00","latest_class":1,"pass_count":14,"h":[["2023-10-15T00:00:00+00:00",3,2,null],["2023-11-07T00:00:00+00:00",3,2,0],["2023-11-26T00:00:00+00:00",3,2,0],["2024-01-06T00:00:00+00:00",1,1,1],["2024-02-29T00:00:00+00:00",1,1,0],["2024-04-01T00:00:00+00:00",1,1,0],["2024-05-03T00:00:00+00:00",1,1,0],["2024-07-06T00:00:00+00:00",1,1,0],["2024-09-06T00:00:00+00:00",1,1,0],["2024-12-01T00:00:00+00:00",1,1,0],["2025-02-25T00:00:00+00:00",1,1,0],["2025-04-04T00:00:00+00:00",1,1,0],["2025-07-08T00:00:00+00:00",1,1,0],["2025-09-22T00:00:00+00:00",1,1,0]]},"geometry":{"type":"Point","coordinates":[34.472975,31.487032]}},{"type":"Feature","properties":{"site_id":26,"event_code":"CE20231007PSE","latest_date":"2025-09-22T00:00:00+00:00","latest_class":1,"pass_count":14,"h":[["2023-10-15T00:00:00+00:00",3,2,null],["2023-11-07T00:00:00+00:00",3,2,0],["2023-11-26T00:00:00+00:00",3,2,0],["2024-01-06T00:00:00+00:00",3,2,0],["2024-02-29T00:00:00+00:00",3,2,0],["2024-04-01T00:00:00+00:00",3,2,0],["2024-05-03T00:00:00+00:00",3,2,0],["2024-07-06T00:00:00+00:00",3,2,0],["2024-09-06T00:00:00+00:00",3,2,0],["2024-12-01T00:00:00+00:00",3,2,0],["2025-02-25T00:00:00+00:00",3,2,0],["2025-04-04T00:00:00+00:00",3,2,0],["2025-07-08T00:00:00+00:00",1,1,1],["2025-09-22T00:00:00+00:00",1,1,0]]},"geometry":{"type":"Point","coordinates":[34.47263,31.487352]}},{"type":"Feature","properties":{"site_id":26,"event_code":"CE20231007PSE","latest_date":"2025-09-22T00:00:00+00:00","latest_class":1,"pass_count":14,"h":[["2023-10-15T00:00:00+00:00",1,1,null],["2023-11-07T00:00:00+00:00",1,1,0],["2023-11-26T00:00:00+00:00",1,1,0],["2024-01-06T00:00:00+00:00",1,1,0],["2024-02-29T00:00:00+00:00",1,1,0],["2024-04-01T00:00:00+00:00",1,1,0],["2024-05-03T00:00:00+00:00",1,1,0],["2024-07-06T00:00:00+00:00",1,1,0],["2024-09-06T00:00:00+00:00",1,1,0],["2024-12-01T00:00:00+00:00",1,1,0],["2025-02-25T00:00:00+00:00",1,1,0],["2025-04-04T00:00:00+00:00",1,1,0],["2025-07-08T00:00:00+00:00",1,1,0],["2025-09-22T00:00:00+00:00",1,1,0]]},"geometry":{"type":"Point","coordinates":[34.473025,31.487612]}},{"type":"Feature","properties":{"site_id":26,"event_code":"CE20231007PSE","latest_date":"2025-09-22T00:00:00+00:00","latest_class":1,"pass_count":14,"h":[["2023-10-15T00:00:00+00:00",1,1,null],["2023-11-07T00:00:00+00:00",1,1,0],["2023-11-26T00:00:00+00:00",1,1,0],["2024-01-06T00:00:00+00:00",1,1,0],["2024-02-29T00:00:00+00:00",1,1,0],["2024-04-01T00:00:00+00:00",1,1,0],["2024-05-03T00:00:00+00:00",1,1,0],["2024-07-06T00:00:00+00:00",1,1,0],["2024-09-06T00:00:00+00:00",1,1,0],["2024-12-01T00:00:00+00:00",1,1,0],["2025-02-25T00:00:00+00:00",1,1,0],["2025-04-04T00:00:00+00:00",1,1,0],["2025-07-08T00:00:00+00:00",1,1,0],["2025-09-22T00:00:00+00:00",1,1,0]]},"geometry":{"type":"Point","coordinates":[34.47233,31.487348]}},{"type":"Feature","properties":{"site_id":26,"event_code":"CE20231007PSE","latest_date":"2025-09-22T00:00:00+00:00","latest_class":1,"pass_count":14,"h":[["2023-10-15T00:00:00+00:00",3,2,null],["2023-11-07T00:00:00+00:00",3,2,0],["2023-11-26T00:00:00+00:00",3,2,0],["2024-01-06T00:00:00+00:00",1,1,1],["2024-02-29T00:00:00+00:00",1,1,0],["2024-04-01T00:00:00+00:00",1,1,0],["2024-05-03T00:00:00+00:00",1,1,0],["2024-07-06T00:00:00+00:00",1,1,0],["2024-09-06T00:00:00+00:00",1,1,0],["2024-12-01T00:00:00+00:00",1,1,0],["2025-02-25T00:00:00+00:00",1,1,0],["2025-04-04T00:00:00+00:00",1,1,0],["2025-07-08T00:00:00+00:00",1,1,0],["2025-09-22T00:00:00+00:00",1,1,0]]},"geometry":{"type":"Point","coordinates":[34.473242,31.488747]}},{"type":"Feature","properties":{"site_id":26,"event_code":"CE20231007PSE","latest_date":"2025-09-22T00:00:00+00:00","latest_class":1,"pass_count":14,"h":[["2023-10-15T00:00:00+00:00",3,2,null],["2023-11-07T00:00:00+00:00",3,2,0],["2023-11-26T00:00:00+00:00",3,2,0],["2024-01-06T00:00:00+00:00",1,1,1],["2024-02-29T00:00:00+00:00",1,1,0],["2024-04-01T00:00:00+00:00",1,1,0],["2024-05-03T00:00:00+00:00",1,1,0],["2024-07-06T00:00:00+00:00",1,1,0],["2024-09-06T00:00:00+00:00",1,1,0],["2024-12-01T00:00:00+00:00",1,1,0],["2025-02-25T00:00:00+00:00",1,1,0],["2025-04-04T00:00:00+00:00",1,1,0],["2025-07-08T00:00:00+00:00",1,1,0],["2025-09-22T00:00:00+00:00",1,1,0]]},"geometry":{"type":"Point","coordinates":[34.473605,31.489426]}},{"type":"Feature","properties":{"site_id":26,"event_code":"CE20231007PSE","latest_date":"2025-09-22T00:00:00+00:00","latest_class":1,"pass_count":14,"h":[["2023-10-15T00:00:00+00:00",3,2,null],["2023-11-07T00:00:00+00:00",3,2,0],["2023-11-26T00:00:00+00:00",3,2,0],["2024-01-06T00:00:00+00:00",2,1,1],["2024-02-29T00:00:00+00:00",2,1,0],["2024-04-01T00:00:00+00:00",2,1,0],["2024-05-03T00:00:00+00:00",2,1,0],["2024-07-06T00:00:00+00:00",2,1,0],["2024-09-06T00:00:00+00:00",2,1,0],["2024-12-01T00:00:00+00:00",2,1,0],["2025-02-25T00:00:00+00:00",2,1,0],["2025-04-04T00:00:00+00:00",2,1,0],["2025-07-08T00:00:00+00:00",1,1,1],["2025-09-22T00:00:00+00:00",1,1,0]]},"geometry":{"type":"Point","coordinates":[34.473633,31.485609]}},{"type":"Feature","properties":{"site_id":26,"event_code":"CE20231007PSE","latest_date":"2025-09-22T00:00:00+00:00","latest_class":1,"pass_count":13,"h":[["2023-11-07T00:00:00+00:00",2,1,3],["2023-11-26T00:00:00+00:00",2,1,0],["2024-01-06T00:00:00+00:00",1,1,1],["2024-02-29T00:00:00+00:00",1,1,0],["2024-04-01T00:00:00+00:00",1,1,0],["2024-05-03T00:00:00+00:00",1,1,0],["2024-07-06T00:00:00+00:00",1,1,0],["2024-09-06T00:00:00+00:00",1,1,0],["2024-12-01T00:00:00+00:00",1,1,0],["2025-02-25T00:00:00+00:00",1,1,0],["2025-04-04T00:00:00+00:00",1,1,0],["2025-07-08T00:00:00+00:00",1,1,0],["2025-09-22T00:00:00+00:00",1,1,0]]},"geometry":{"type":"Point","coordinates":[34.473107,31.489602]}},{"type":"Feature","properties":{"site_id":26,"event_code":"CE20231007PSE","latest_date":"2025-09-22T00:00:00+00:00","latest_class":1,"pass_count":13,"h":[["2023-11-07T00:00:00+00:00",2,1,3],["2023-11-26T00:00:00+00:00",2,1,0],["2024-01-06T00:00:00+00:00",1,1,1],["2024-02-29T00:00:00+00:00",1,1,0],["2024-04-01T00:00:00+00:00",1,1,0],["2024-05-03T00:00:00+00:00",1,1,0],["2024-07-06T00:00:00+00:00",1,1,0],["2024-09-06T00:00:00+00:00",1,1,0],["2024-12-01T00:00:00+00:00",1,1,0],["2025-02-25T00:00:00+00:00",1,1,0],["2025-04-04T00:00:00+00:00",1,1,0],["2025-07-08T00:00:00+00:00",1,1,0],["2025-09-22T00:00:00+00:00",1,1,0]]},"geometry":{"type":"Point","coordinates":[34.472991,31.489515]}},{"type":"Feature","properties":{"site_id":26,"event_code":"CE20231007PSE","latest_date":"2025-09-22T00:00:00+00:00","latest_class":1,"pass_count":13,"h":[["2023-11-07T00:00:00+00:00",1,1,3],["2023-11-26T00:00:00+00:00",1,1,0],["2024-01-06T00:00:00+00:00",1,1,0],["2024-02-29T00:00:00+00:00",1,1,0],["2024-04-01T00:00:00+00:00",1,1,0],["2024-05-03T00:00:00+00:00",1,1,0],["2024-07-06T00:00:00+00:00",1,1,0],["2024-09-06T00:00:00+00:00",1,1,0],["2024-12-01T00:00:00+00:00",1,1,0],["2025-02-25T00:00:00+00:00",1,1,0],["2025-04-04T00:00:00+00:00",1,1,0],["2025-07-08T00:00:00+00:00",1,1,0],["2025-09-22T00:00:00+00:00",1,1,0]]},"geometry":{"type":"Point","coordinates":[34.472807,31.48887]}},{"type":"Feature","properties":{"site_id":26,"event_code":"CE20231007PSE","latest_date":"2025-09-22T00:00:00+00:00","latest_class":1,"pass_count":13,"h":[["2023-11-07T00:00:00+00:00",2,1,3],["2023-11-26T00:00:00+00:00",2,1,0],["2024-01-06T00:00:00+00:00",1,1,1],["2024-02-29T00:00:00+00:00",1,1,0],["2024-04-01T00:00:00+00:00",1,1,0],["2024-05-03T00:00:00+00:00",1,1,0],["2024-07-06T00:00:00+00:00",1,1,0],["2024-09-06T00:00:00+00:00",1,1,0],["2024-12-01T00:00:00+00:00",1,1,0],["2025-02-25T00:00:00+00:00",1,1,0],["2025-04-04T00:00:00+00:00",1,1,0],["2025-07-08T00:00:00+00:00",1,1,0],["2025-09-22T00:00:00+00:00",1,1,0]]},"geometry":{"type":"Point","coordinates":[34.473105,31.489016]}},{"type":"Feature","properties":{"site_id":26,"event_code":"CE20231007PSE","latest_date":"2025-09-22T00:00:00+00:00","latest_class":1,"pass_count":13,"h":[["2023-11-07T00:00:00+00:00",1,1,3],["2023-11-26T00:00:00+00:00",1,1,0],["2024-01-06T00:00:00+00:00",1,1,0],["2024-02-29T00:00:00+00:00",1,1,0],["2024-04-01T00:00:00+00:00",1,1,0],["2024-05-03T00:00:00+00:00",1,1,0],["2024-07-06T00:00:00+00:00",1,1,0],["2024-09-06T00:00:00+00:00",1,1,0],["2024-12-01T00:00:00+00:00",1,1,0],["2025-02-25T00:00:00+00:00",1,1,0],["2025-04-04T00:00:00+00:00",1,1,0],["2025-07-08T00:00:00+00:00",1,1,0],["2025-09-22T00:00:00+00:00",1,1,0]]},"geometry":{"type":"Point","coordinates":[34.472949,31.489305]}},{"type":"Feature","properties":{"site_id":26,"event_code":"CE20231007PSE","latest_date":"2025-09-22T00:00:00+00:00","latest_class":1,"pass_count":13,"h":[["2023-11-07T00:00:00+00:00",1,1,3],["2023-11-26T00:00:00+00:00",1,1,0],["2024-01-06T00:00:00+00:00",1,1,0],["2024-02-29T00:00:00+00:00",1,1,0],["2024-04-01T00:00:00+00:00",1,1,0],["2024-05-03T00:00:00+00:00",1,1,0],["2024-07-06T00:00:00+00:00",1,1,0],["2024-09-06T00:00:00+00:00",1,1,0],["2024-12-01T00:00:00+00:00",1,1,0],["2025-02-25T00:00:00+00:00",1,1,0],["2025-04-04T00:00:00+00:00",1,1,0],["2025-07-08T00:00:00+00:00",1,1,0],["2025-09-22T00:00:00+00:00",1,1,0]]},"geometry":{"type":"Point","coordinates":[34.472794,31.489176]}},{"type":"Feature","properties":{"site_id":26,"event_code":"CE20231007PSE","latest_date":"2025-09-22T00:00:00+00:00","latest_class":1,"pass_count":13,"h":[["2023-11-07T00:00:00+00:00",2,1,3],["2023-11-26T00:00:00+00:00",2,1,0],["2024-01-06T00:00:00+00:00",1,1,1],["2024-02-29T00:00:00+00:00",1,1,0],["2024-04-01T00:00:00+00:00",1,1,0],["2024-05-03T00:00:00+00:00",1,1,0],["2024-07-06T00:00:00+00:00",1,1,0],["2024-09-06T00:00:00+00:00",1,1,0],["2024-12-01T00:00:00+00:00",1,1,0],["2025-02-25T00:00:00+00:00",1,1,0],["2025-04-04T00:00:00+00:00",1,1,0],["2025-07-08T00:00:00+00:00",1,1,0],["2025-09-22T00:00:00+00:00",1,1,0]]},"geometry":{"type":"Point","coordinates":[34.473605,31.489163]}},{"type":"Feature","properties":{"site_id":26,"event_code":"CE20231007PSE","latest_date":"2025-09-22T00:00:00+00:00","latest_class":1,"pass_count":13,"h":[["2023-11-07T00:00:00+00:00",1,1,3],["2023-11-26T00:00:00+00:00",1,1,0],["2024-01-06T00:00:00+00:00",1,1,0],["2024-02-29T00:00:00+00:00",1,1,0],["2024-04-01T00:00:00+00:00",1,1,0],["2024-05-03T00:00:00+00:00",1,1,0],["2024-07-06T00:00:00+00:00",1,1,0],["2024-09-06T00:00:00+00:00",1,1,0],["2024-12-01T00:00:00+00:00",1,1,0],["2025-02-25T00:00:00+00:00",1,1,0],["2025-04-04T00:00:00+00:00",1,1,0],["2025-07-08T00:00:00+00:00",1,1,0],["2025-09-22T00:00:00+00:00",1,1,0]]},"geometry":{"type":"Point","coordinates":[34.473407,31.489013]}},{"type":"Feature","properties":{"site_id":26,"event_code":"CE20231007PSE","latest_date":"2025-09-22T00:00:00+00:00","latest_class":1,"pass_count":14,"h":[["2023-10-15T00:00:00+00:00",4,3,null],["2023-11-07T00:00:00+00:00",2,1,1],["2023-11-26T00:00:00+00:00",2,1,0],["2024-01-06T00:00:00+00:00",1,1,1],["2024-02-29T00:00:00+00:00",1,1,0],["2024-04-01T00:00:00+00:00",1,1,0],["2024-05-03T00:00:00+00:00",1,1,0],["2024-07-06T00:00:00+00:00",1,1,0],["2024-09-06T00:00:00+00:00",1,1,0],["2024-12-01T00:00:00+00:00",1,1,0],["2025-02-25T00:00:00+00:00",1,1,0],["2025-04-04T00:00:00+00:00",1,1,0],["2025-07-08T00:00:00+00:00",1,1,0],["2025-09-22T00:00:00+00:00",1,1,0]]},"geometry":{"type":"Point","coordinates":[34.473704,31.489098]}},{"type":"Feature","properties":{"site_id":26,"event_code":"CE20231007PSE","latest_date":"2025-09-22T00:00:00+00:00","latest_class":1,"pass_count":13,"h":[["2023-11-07T00:00:00+00:00",2,1,3],["2023-11-26T00:00:00+00:00",2,1,0],["2024-01-06T00:00:00+00:00",1,1,1],["2024-02-29T00:00:00+00:00",1,1,0],["2024-04-01T00:00:00+00:00",1,1,0],["2024-05-03T00:00:00+00:00",1,1,0],["2024-07-06T00:00:00+00:00",1,1,0],["2024-09-06T00:00:00+00:00",1,1,0],["2024-12-01T00:00:00+00:00",1,1,0],["2025-02-25T00:00:00+00:00",1,1,0],["2025-04-04T00:00:00+00:00",1,1,0],["2025-07-08T00:00:00+00:00",1,1,0],["2025-09-22T00:00:00+00:00",1,1,0]]},"geometry":{"type":"Point","coordinates":[34.473211,31.489195]}},{"type":"Feature","properties":{"site_id":26,"event_code":"CE20231007PSE","latest_date":"2025-09-22T00:00:00+00:00","latest_class":1,"pass_count":14,"h":[["2023-10-15T00:00:00+00:00",4,3,null],["2023-11-07T00:00:00+00:00",2,1,1],["2023-11-26T00:00:00+00:00",2,1,0],["2024-01-06T00:00:00+00:00",1,1,1],["2024-02-29T00:00:00+00:00",1,1,0],["2024-04-01T00:00:00+00:00",1,1,0],["2024-05-03T00:00:00+00:00",1,1,0],["2024-07-06T00:00:00+00:00",1,1,0],["2024-09-06T00:00:00+00:00",1,1,0],["2024-12-01T00:00:00+00:00",1,1,0],["2025-02-25T00:00:00+00:00",1,1,0],["2025-04-04T00:00:00+00:00",1,1,0],["2025-07-08T00:00:00+00:00",1,1,0],["2025-09-22T00:00:00+00:00",1,1,0]]},"geometry":{"type":"Point","coordinates":[34.473414,31.489223]}},{"type":"Feature","properties":{"site_id":26,"event_code":"CE20231007PSE","latest_date":"2025-09-22T00:00:00+00:00","latest_class":1,"pass_count":14,"h":[["2023-10-15T00:00:00+00:00",4,3,null],["2023-11-07T00:00:00+00:00",2,1,1],["2023-11-26T00:00:00+00:00",2,1,0],["2024-01-06T00:00:00+00:00",1,1,1],["2024-02-29T00:00:00+00:00",1,1,0],["2024-04-01T00:00:00+00:00",1,1,0],["2024-05-03T00:00:00+00:00",1,1,0],["2024-07-06T00:00:00+00:00",1,1,0],["2024-09-06T00:00:00+00:00",1,1,0],["2024-12-01T00:00:00+00:00",1,1,0],["2025-02-25T00:00:00+00:00",1,1,0],["2025-04-04T00:00:00+00:00",1,1,0],["2025-07-08T00:00:00+00:00",1,1,0],["2025-09-22T00:00:00+00:00",1,1,0]]},"geometry":{"type":"Point","coordinates":[34.473226,31.489488]}},{"type":"Feature","properties":{"site_id":26,"event_code":"CE20231007PSE","latest_date":"2025-09-22T00:00:00+00:00","latest_class":1,"pass_count":14,"h":[["2023-10-15T00:00:00+00:00",4,3,null],["2023-11-07T00:00:00+00:00",3,2,1],["2023-11-26T00:00:00+00:00",3,2,0],["2024-01-06T00:00:00+00:00",1,1,1],["2024-02-29T00:00:00+00:00",1,1,0],["2024-04-01T00:00:00+00:00",1,1,0],["2024-05-03T00:00:00+00:00",1,1,0],["2024-07-06T00:00:00+00:00",1,1,0],["2024-09-06T00:00:00+00:00",1,1,0],["2024-12-01T00:00:00+00:00",1,1,0],["2025-02-25T00:00:00+00:00",1,1,0],["2025-04-04T00:00:00+00:00",1,1,0],["2025-07-08T00:00:00+00:00",1,1,0],["2025-09-22T00:00:00+00:00",1,1,0]]},"geometry":{"type":"Point","coordinates":[34.473399,31.489367]}},{"type":"Feature","properties":{"site_id":26,"event_code":"CE20231007PSE","latest_date":"2025-09-22T00:00:00+00:00","latest_class":1,"pass_count":13,"h":[["2023-11-07T00:00:00+00:00",2,1,3],["2023-11-26T00:00:00+00:00",2,1,0],["2024-01-06T00:00:00+00:00",2,1,0],["2024-02-29T00:00:00+00:00",2,1,0],["2024-04-01T00:00:00+00:00",2,1,0],["2024-05-03T00:00:00+00:00",2,1,0],["2024-07-06T00:00:00+00:00",2,1,0],["2024-09-06T00:00:00+00:00",2,1,0],["2024-12-01T00:00:00+00:00",2,1,0],["2025-02-25T00:00:00+00:00",2,1,0],["2025-04-04T00:00:00+00:00",2,1,0],["2025-07-08T00:00:00+00:00",1,1,1],["2025-09-22T00:00:00+00:00",1,1,0]]},"geometry":{"type":"Point","coordinates":[34.473688,31.48816]}},{"type":"Feature","properties":{"site_id":26,"event_code":"CE20231007PSE","latest_date":"2025-09-22T00:00:00+00:00","latest_class":1,"pass_count":14,"h":[["2023-10-15T00:00:00+00:00",4,3,null],["2023-11-07T00:00:00+00:00",3,2,1],["2023-11-26T00:00:00+00:00",3,2,0],["2024-01-06T00:00:00+00:00",1,1,1],["2024-02-29T00:00:00+00:00",1,1,0],["2024-04-01T00:00:00+00:00",1,1,0],["2024-05-03T00:00:00+00:00",1,1,0],["2024-07-06T00:00:00+00:00",1,1,0],["2024-09-06T00:00:00+00:00",1,1,0],["2024-12-01T00:00:00+00:00",1,1,0],["2025-02-25T00:00:00+00:00",1,1,0],["2025-04-04T00:00:00+00:00",1,1,0],["2025-07-08T00:00:00+00:00",1,1,0],["2025-09-22T00:00:00+00:00",1,1,0]]},"geometry":{"type":"Point","coordinates":[34.473324,31.487936]}},{"type":"Feature","properties":{"site_id":26,"event_code":"CE20231007PSE","latest_date":"2025-09-22T00:00:00+00:00","latest_class":1,"pass_count":13,"h":[["2023-11-07T00:00:00+00:00",3,2,3],["2023-11-26T00:00:00+00:00",3,2,0],["2024-01-06T00:00:00+00:00",3,2,0],["2024-02-29T00:00:00+00:00",3,2,0],["2024-04-01T00:00:00+00:00",3,2,0],["2024-05-03T00:00:00+00:00",3,2,0],["2024-07-06T00:00:00+00:00",3,2,0],["2024-09-06T00:00:00+00:00",3,2,0],["2024-12-01T00:00:00+00:00",3,2,0],["2025-02-25T00:00:00+00:00",3,2,0],["2025-04-04T00:00:00+00:00",3,2,0],["2025-07-08T00:00:00+00:00",1,1,1],["2025-09-22T00:00:00+00:00",1,1,0]]},"geometry":{"type":"Point","coordinates":[34.472986,31.4859]}},{"type":"Feature","properties":{"site_id":26,"event_code":"CE20231007PSE","latest_date":"2025-09-22T00:00:00+00:00","latest_class":1,"pass_count":11,"h":[["2024-01-06T00:00:00+00:00",3,2,3],["2024-02-29T00:00:00+00:00",3,2,0],["2024-04-01T00:00:00+00:00",3,2,0],["2024-05-03T00:00:00+00:00",3,2,0],["2024-07-06T00:00:00+00:00",3,2,0],["2024-09-06T00:00:00+00:00",3,2,0],["2024-12-01T00:00:00+00:00",3,2,0],["2025-02-25T00:00:00+00:00",3,2,0],["2025-04-04T00:00:00+00:00",3,2,0],["2025-07-08T00:00:00+00:00",1,1,1],["2025-09-22T00:00:00+00:00",1,1,0]]},"geometry":{"type":"Point","coordinates":[34.472767,31.486194]}},{"type":"Feature","properties":{"site_id":26,"event_code":"CE20231007PSE","latest_date":"2025-09-22T00:00:00+00:00","latest_class":1,"pass_count":14,"h":[["2023-10-15T00:00:00+00:00",4,3,null],["2023-11-07T00:00:00+00:00",4,3,0],["2023-11-26T00:00:00+00:00",4,3,0],["2024-01-06T00:00:00+00:00",1,1,1],["2024-02-29T00:00:00+00:00",1,1,0],["2024-04-01T00:00:00+00:00",1,1,0],["2024-05-03T00:00:00+00:00",1,1,0],["2024-07-06T00:00:00+00:00",1,1,0],["2024-09-06T00:00:00+00:00",1,1,0],["2024-12-01T00:00:00+00:00",1,1,0],["2025-02-25T00:00:00+00:00",1,1,0],["2025-04-04T00:00:00+00:00",1,1,0],["2025-07-08T00:00:00+00:00",1,1,0],["2025-09-22T00:00:00+00:00",1,1,0]]},"geometry":{"type":"Point","coordinates":[34.473711,31.488623]}},{"type":"Feature","properties":{"site_id":26,"event_code":"CE20231007PSE","latest_date":"2025-09-22T00:00:00+00:00","latest_class":1,"pass_count":11,"h":[["2024-01-06T00:00:00+00:00",2,1,3],["2024-02-29T00:00:00+00:00",2,1,0],["2024-04-01T00:00:00+00:00",2,1,0],["2024-05-03T00:00:00+00:00",2,1,0],["2024-07-06T00:00:00+00:00",2,1,0],["2024-09-06T00:00:00+00:00",2,1,0],["2024-12-01T00:00:00+00:00",2,1,0],["2025-02-25T00:00:00+00:00",2,1,0],["2025-04-04T00:00:00+00:00",2,1,0],["2025-07-08T00:00:00+00:00",1,1,1],["2025-09-22T00:00:00+00:00",1,1,0]]},"geometry":{"type":"Point","coordinates":[34.473412,31.488226]}},{"type":"Feature","properties":{"site_id":26,"event_code":"CE20231007PSE","latest_date":"2025-09-22T00:00:00+00:00","latest_class":1,"pass_count":11,"h":[["2024-01-06T00:00:00+00:00",2,1,3],["2024-02-29T00:00:00+00:00",2,1,0],["2024-04-01T00:00:00+00:00",2,1,0],["2024-05-03T00:00:00+00:00",2,1,0],["2024-07-06T00:00:00+00:00",2,1,0],["2024-09-06T00:00:00+00:00",2,1,0],["2024-12-01T00:00:00+00:00",2,1,0],["2025-02-25T00:00:00+00:00",2,1,0],["2025-04-04T00:00:00+00:00",2,1,0],["2025-07-08T00:00:00+00:00",1,1,1],["2025-09-22T00:00:00+00:00",1,1,0]]},"geometry":{"type":"Point","coordinates":[34.473507,31.488345]}},{"type":"Feature","properties":{"site_id":26,"event_code":"CE20231007PSE","latest_date":"2025-09-22T00:00:00+00:00","latest_class":1,"pass_count":11,"h":[["2024-01-06T00:00:00+00:00",1,1,3],["2024-02-29T00:00:00+00:00",1,1,0],["2024-04-01T00:00:00+00:00",1,1,0],["2024-05-03T00:00:00+00:00",1,1,0],["2024-07-06T00:00:00+00:00",1,1,0],["2024-09-06T00:00:00+00:00",1,1,0],["2024-12-01T00:00:00+00:00",1,1,0],["2025-02-25T00:00:00+00:00",1,1,0],["2025-04-04T00:00:00+00:00",1,1,0],["2025-07-08T00:00:00+00:00",1,1,0],["2025-09-22T00:00:00+00:00",1,1,0]]},"geometry":{"type":"Point","coordinates":[34.473481,31.48868]}},{"type":"Feature","properties":{"site_id":26,"event_code":"CE20231007PSE","latest_date":"2025-09-22T00:00:00+00:00","latest_class":1,"pass_count":11,"h":[["2024-01-06T00:00:00+00:00",1,1,3],["2024-02-29T00:00:00+00:00",1,1,0],["2024-04-01T00:00:00+00:00",1,1,0],["2024-05-03T00:00:00+00:00",1,1,0],["2024-07-06T00:00:00+00:00",1,1,0],["2024-09-06T00:00:00+00:00",1,1,0],["2024-12-01T00:00:00+00:00",1,1,0],["2025-02-25T00:00:00+00:00",1,1,0],["2025-04-04T00:00:00+00:00",1,1,0],["2025-07-08T00:00:00+00:00",1,1,0],["2025-09-22T00:00:00+00:00",1,1,0]]},"geometry":{"type":"Point","coordinates":[34.473544,31.488787]}},{"type":"Feature","properties":{"site_id":26,"event_code":"CE20231007PSE","latest_date":"2025-09-22T00:00:00+00:00","latest_class":1,"pass_count":11,"h":[["2024-01-06T00:00:00+00:00",1,1,3],["2024-02-29T00:00:00+00:00",1,1,0],["2024-04-01T00:00:00+00:00",1,1,0],["2024-05-03T00:00:00+00:00",1,1,0],["2024-07-06T00:00:00+00:00",1,1,0],["2024-09-06T00:00:00+00:00",1,1,0],["2024-12-01T00:00:00+00:00",1,1,0],["2025-02-25T00:00:00+00:00",1,1,0],["2025-04-04T00:00:00+00:00",1,1,0],["2025-07-08T00:00:00+00:00",1,1,0],["2025-09-22T00:00:00+00:00",1,1,0]]},"geometry":{"type":"Point","coordinates":[34.473586,31.488887]}},{"type":"Feature","properties":{"site_id":26,"event_code":"CE20231007PSE","latest_date":"2025-09-22T00:00:00+00:00","latest_class":1,"pass_count":14,"h":[["2023-10-15T00:00:00+00:00",4,3,null],["2023-11-07T00:00:00+00:00",4,3,0],["2023-11-26T00:00:00+00:00",4,3,0],["2024-01-06T00:00:00+00:00",1,1,1],["2024-02-29T00:00:00+00:00",1,1,0],["2024-04-01T00:00:00+00:00",1,1,0],["2024-05-03T00:00:00+00:00",1,1,0],["2024-07-06T00:00:00+00:00",1,1,0],["2024-09-06T00:00:00+00:00",1,1,0],["2024-12-01T00:00:00+00:00",1,1,0],["2025-02-25T00:00:00+00:00",1,1,0],["2025-04-04T00:00:00+00:00",1,1,0],["2025-07-08T00:00:00+00:00",1,1,0],["2025-09-22T00:00:00+00:00",1,1,0]]},"geometry":{"type":"Point","coordinates":[34.47371,31.488844]}},{"type":"Feature","properties":{"site_id":26,"event_code":"CE20231007PSE","latest_date":"2025-09-22T00:00:00+00:00","latest_class":1,"pass_count":13,"h":[["2023-11-07T00:00:00+00:00",4,3,3],["2023-11-26T00:00:00+00:00",4,3,0],["2024-01-06T00:00:00+00:00",1,1,1],["2024-02-29T00:00:00+00:00",1,1,0],["2024-04-01T00:00:00+00:00",1,1,0],["2024-05-03T00:00:00+00:00",1,1,0],["2024-07-06T00:00:00+00:00",1,1,0],["2024-09-06T00:00:00+00:00",1,1,0],["2024-12-01T00:00:00+00:00",1,1,0],["2025-02-25T00:00:00+00:00",1,1,0],["2025-04-04T00:00:00+00:00",1,1,0],["2025-07-08T00:00:00+00:00",1,1,0],["2025-09-22T00:00:00+00:00",1,1,0]]},"geometry":{"type":"Point","coordinates":[34.472973,31.488807]}},{"type":"Feature","properties":{"site_id":26,"event_code":"CE20231007PSE","latest_date":"2025-09-22T00:00:00+00:00","latest_class":1,"pass_count":13,"h":[["2023-11-07T00:00:00+00:00",4,3,3],["2023-11-26T00:00:00+00:00",4,3,0],["2024-01-06T00:00:00+00:00",1,1,1],["2024-02-29T00:00:00+00:00",1,1,0],["2024-04-01T00:00:00+00:00",1,1,0],["2024-05-03T00:00:00+00:00",1,1,0],["2024-07-06T00:00:00+00:00",1,1,0],["2024-09-06T00:00:00+00:00",1,1,0],["2024-12-01T00:00:00+00:00",1,1,0],["2025-02-25T00:00:00+00:00",1,1,0],["2025-04-04T00:00:00+00:00",1,1,0],["2025-07-08T00:00:00+00:00",1,1,0],["2025-09-22T00:00:00+00:00",1,1,0]]},"geometry":{"type":"Point","coordinates":[34.472919,31.489084]}},{"type":"Feature","properties":{"site_id":26,"event_code":"CE20231007PSE","latest_date":"2025-09-22T00:00:00+00:00","latest_class":1,"pass_count":11,"h":[["2024-01-06T00:00:00+00:00",3,2,3],["2024-02-29T00:00:00+00:00",3,2,0],["2024-04-01T00:00:00+00:00",3,2,0],["2024-05-03T00:00:00+00:00",3,2,0],["2024-07-06T00:00:00+00:00",3,2,0],["2024-09-06T00:00:00+00:00",3,2,0],["2024-12-01T00:00:00+00:00",3,2,0],["2025-02-25T00:00:00+00:00",3,2,0],["2025-04-04T00:00:00+00:00",3,2,0],["2025-07-08T00:00:00+00:00",1,1,1],["2025-09-22T00:00:00+00:00",1,1,0]]},"geometry":{"type":"Point","coordinates":[34.472527,31.487042]}},{"type":"Feature","properties":{"site_id":26,"event_code":"CE20231007PSE","latest_date":"2025-09-22T00:00:00+00:00","latest_class":1,"pass_count":14,"h":[["2023-10-15T00:00:00+00:00",3,2,null],["2023-11-07T00:00:00+00:00",3,2,0],["2023-11-26T00:00:00+00:00",3,2,0],["2024-01-06T00:00:00+00:00",1,1,1],["2024-02-29T00:00:00+00:00",1,1,0],["2024-04-01T00:00:00+00:00",1,1,0],["2024-05-03T00:00:00+00:00",1,1,0],["2024-07-06T00:00:00+00:00",1,1,0],["2024-09-06T00:00:00+00:00",1,1,0],["2024-12-01T00:00:00+00:00",1,1,0],["2025-02-25T00:00:00+00:00",1,1,0],["2025-04-04T00:00:00+00:00",1,1,0],["2025-07-08T00:00:00+00:00",1,1,0],["2025-09-22T00:00:00+00:00",1,1,0]]},"geometry":{"type":"Point","coordinates":[34.474083,31.487999]}},{"type":"Feature","properties":{"site_id":26,"event_code":"CE20231007PSE","latest_date":"2025-09-22T00:00:00+00:00","latest_class":1,"pass_count":14,"h":[["2023-10-15T00:00:00+00:00",1,1,null],["2023-11-07T00:00:00+00:00",1,1,0],["2023-11-26T00:00:00+00:00",1,1,0],["2024-01-06T00:00:00+00:00",1,1,0],["2024-02-29T00:00:00+00:00",1,1,0],["2024-04-01T00:00:00+00:00",1,1,0],["2024-05-03T00:00:00+00:00",1,1,0],["2024-07-06T00:00:00+00:00",1,1,0],["2024-09-06T00:00:00+00:00",1,1,0],["2024-12-01T00:00:00+00:00",1,1,0],["2025-02-25T00:00:00+00:00",1,1,0],["2025-04-04T00:00:00+00:00",1,1,0],["2025-07-08T00:00:00+00:00",1,1,0],["2025-09-22T00:00:00+00:00",1,1,0]]},"geometry":{"type":"Point","coordinates":[34.47382,31.487085]}},{"type":"Feature","properties":{"site_id":26,"event_code":"CE20231007PSE","latest_date":"2025-09-22T00:00:00+00:00","latest_class":1,"pass_count":14,"h":[["2023-10-15T00:00:00+00:00",2,1,null],["2023-11-07T00:00:00+00:00",2,1,0],["2023-11-26T00:00:00+00:00",2,1,0],["2024-01-06T00:00:00+00:00",2,1,0],["2024-02-29T00:00:00+00:00",2,1,0],["2024-04-01T00:00:00+00:00",2,1,0],["2024-05-03T00:00:00+00:00",2,1,0],["2024-07-06T00:00:00+00:00",1,1,1],["2024-09-06T00:00:00+00:00",1,1,0],["2024-12-01T00:00:00+00:00",1,1,0],["2025-02-25T00:00:00+00:00",1,1,0],["2025-04-04T00:00:00+00:00",1,1,0],["2025-07-08T00:00:00+00:00",1,1,0],["2025-09-22T00:00:00+00:00",1,1,0]]},"geometry":{"type":"Point","coordinates":[34.474017,31.487439]}},{"type":"Feature","properties":{"site_id":26,"event_code":"CE20231007PSE","latest_date":"2025-09-22T00:00:00+00:00","latest_class":1,"pass_count":14,"h":[["2023-10-15T00:00:00+00:00",2,1,null],["2023-11-07T00:00:00+00:00",2,1,0],["2023-11-26T00:00:00+00:00",2,1,0],["2024-01-06T00:00:00+00:00",2,1,0],["2024-02-29T00:00:00+00:00",2,1,0],["2024-04-01T00:00:00+00:00",2,1,0],["2024-05-03T00:00:00+00:00",2,1,0],["2024-07-06T00:00:00+00:00",1,1,1],["2024-09-06T00:00:00+00:00",1,1,0],["2024-12-01T00:00:00+00:00",1,1,0],["2025-02-25T00:00:00+00:00",1,1,0],["2025-04-04T00:00:00+00:00",1,1,0],["2025-07-08T00:00:00+00:00",1,1,0],["2025-09-22T00:00:00+00:00",1,1,0]]},"geometry":{"type":"Point","coordinates":[34.473855,31.4873]}},{"type":"Feature","properties":{"site_id":26,"event_code":"CE20231007PSE","latest_date":"2025-09-22T00:00:00+00:00","latest_class":1,"pass_count":14,"h":[["2023-10-15T00:00:00+00:00",2,1,null],["2023-11-07T00:00:00+00:00",2,1,0],["2023-11-26T00:00:00+00:00",2,1,0],["2024-01-06T00:00:00+00:00",1,1,1],["2024-02-29T00:00:00+00:00",1,1,0],["2024-04-01T00:00:00+00:00",1,1,0],["2024-05-03T00:00:00+00:00",1,1,0],["2024-07-06T00:00:00+00:00",1,1,0],["2024-09-06T00:00:00+00:00",1,1,0],["2024-12-01T00:00:00+00:00",1,1,0],["2025-02-25T00:00:00+00:00",1,1,0],["2025-04-04T00:00:00+00:00",1,1,0],["2025-07-08T00:00:00+00:00",1,1,0],["2025-09-22T00:00:00+00:00",1,1,0]]},"geometry":{"type":"Point","coordinates":[34.474039,31.484517]}},{"type":"Feature","properties":{"site_id":26,"event_code":"CE20231007PSE","latest_date":"2025-09-22T00:00:00+00:00","latest_class":1,"pass_count":14,"h":[["2023-10-15T00:00:00+00:00",1,1,null],["2023-11-07T00:00:00+00:00",1,1,0],["2023-11-26T00:00:00+00:00",1,1,0],["2024-01-06T00:00:00+00:00",1,1,0],["2024-02-29T00:00:00+00:00",1,1,0],["2024-04-01T00:00:00+00:00",1,1,0],["2024-05-03T00:00:00+00:00",1,1,0],["2024-07-06T00:00:00+00:00",1,1,0],["2024-09-06T00:00:00+00:00",1,1,0],["2024-12-01T00:00:00+00:00",1,1,0],["2025-02-25T00:00:00+00:00",1,1,0],["2025-04-04T00:00:00+00:00",1,1,0],["2025-07-08T00:00:00+00:00",1,1,0],["2025-09-22T00:00:00+00:00",1,1,0]]},"geometry":{"type":"Point","coordinates":[34.474032,31.489593]}},{"type":"Feature","properties":{"site_id":26,"event_code":"CE20231007PSE","latest_date":"2025-09-22T00:00:00+00:00","latest_class":1,"pass_count":14,"h":[["2023-10-15T00:00:00+00:00",1,1,null],["2023-11-07T00:00:00+00:00",1,1,0],["2023-11-26T00:00:00+00:00",1,1,0],["2024-01-06T00:00:00+00:00",1,1,0],["2024-02-29T00:00:00+00:00",1,1,0],["2024-04-01T00:00:00+00:00",1,1,0],["2024-05-03T00:00:00+00:00",1,1,0],["2024-07-06T00:00:00+00:00",1,1,0],["2024-09-06T00:00:00+00:00",1,1,0],["2024-12-01T00:00:00+00:00",1,1,0],["2025-02-25T00:00:00+00:00",1,1,0],["2025-04-04T00:00:00+00:00",1,1,0],["2025-07-08T00:00:00+00:00",1,1,0],["2025-09-22T00:00:00+00:00",1,1,0]]},"geometry":{"type":"Point","coordinates":[34.473949,31.489497]}},{"type":"Feature","properties":{"site_id":26,"event_code":"CE20231007PSE","latest_date":"2025-09-22T00:00:00+00:00","latest_class":1,"pass_count":14,"h":[["2023-10-15T00:00:00+00:00",3,2,null],["2023-11-07T00:00:00+00:00",3,2,0],["2023-11-26T00:00:00+00:00",3,2,0],["2024-01-06T00:00:00+00:00",1,1,1],["2024-02-29T00:00:00+00:00",1,1,0],["2024-04-01T00:00:00+00:00",1,1,0],["2024-05-03T00:00:00+00:00",1,1,0],["2024-07-06T00:00:00+00:00",1,1,0],["2024-09-06T00:00:00+00:00",1,1,0],["2024-12-01T00:00:00+00:00",1,1,0],["2025-02-25T00:00:00+00:00",1,1,0],["2025-04-04T00:00:00+00:00",1,1,0],["2025-07-08T00:00:00+00:00",1,1,0],["2025-09-22T00:00:00+00:00",1,1,0]]},"geometry":{"type":"Point","coordinates":[34.473775,31.489416]}},{"type":"Feature","properties":{"site_id":26,"event_code":"CE20231007PSE","latest_date":"2025-09-22T00:00:00+00:00","latest_class":1,"pass_count":14,"h":[["2023-10-15T00:00:00+00:00",3,2,null],["2023-11-07T00:00:00+00:00",3,2,0],["2023-11-26T00:00:00+00:00",3,2,0],["2024-01-06T00:00:00+00:00",1,1,1],["2024-02-29T00:00:00+00:00",1,1,0],["2024-04-01T00:00:00+00:00",1,1,0],["2024-05-03T00:00:00+00:00",1,1,0],["2024-07-06T00:00:00+00:00",1,1,0],["2024-09-06T00:00:00+00:00",1,1,0],["2024-12-01T00:00:00+00:00",1,1,0],["2025-02-25T00:00:00+00:00",1,1,0],["2025-04-04T00:00:00+00:00",1,1,0],["2025-07-08T00:00:00+00:00",1,1,0],["2025-09-22T00:00:00+00:00",1,1,0]]},"geometry":{"type":"Point","coordinates":[34.474012,31.489124]}},{"type":"Feature","properties":{"site_id":26,"event_code":"CE20231007PSE","latest_date":"2025-09-22T00:00:00+00:00","latest_class":1,"pass_count":14,"h":[["2023-10-15T00:00:00+00:00",3,2,null],["2023-11-07T00:00:00+00:00",3,2,0],["2023-11-26T00:00:00+00:00",3,2,0],["2024-01-06T00:00:00+00:00",1,2,1],["2024-02-29T00:00:00+00:00",1,2,0],["2024-04-01T00:00:00+00:00",1,2,0],["2024-05-03T00:00:00+00:00",1,2,0],["2024-07-06T00:00:00+00:00",1,2,0],["2024-09-06T00:00:00+00:00",1,2,0],["2024-12-01T00:00:00+00:00",1,2,0],["2025-02-25T00:00:00+00:00",1,2,0],["2025-04-04T00:00:00+00:00",1,2,0],["2025-07-08T00:00:00+00:00",1,2,0],["2025-09-22T00:00:00+00:00",1,2,0]]},"geometry":{"type":"Point","coordinates":[34.473977,31.488501]}},{"type":"Feature","properties":{"site_id":26,"event_code":"CE20231007PSE","latest_date":"2025-09-22T00:00:00+00:00","latest_class":1,"pass_count":14,"h":[["2023-10-15T00:00:00+00:00",4,3,null],["2023-11-07T00:00:00+00:00",1,1,1],["2023-11-26T00:00:00+00:00",1,1,0],["2024-01-06T00:00:00+00:00",1,1,0],["2024-02-29T00:00:00+00:00",1,1,0],["2024-04-01T00:00:00+00:00",1,1,0],["2024-05-03T00:00:00+00:00",1,1,0],["2024-07-06T00:00:00+00:00",1,1,0],["2024-09-06T00:00:00+00:00",1,1,0],["2024-12-01T00:00:00+00:00",1,1,0],["2025-02-25T00:00:00+00:00",1,1,0],["2025-04-04T00:00:00+00:00",1,1,0],["2025-07-08T00:00:00+00:00",1,1,0],["2025-09-22T00:00:00+00:00",1,1,0]]},"geometry":{"type":"Point","coordinates":[34.473998,31.488966]}},{"type":"Feature","properties":{"site_id":26,"event_code":"CE20231007PSE","latest_date":"2025-09-22T00:00:00+00:00","latest_class":1,"pass_count":14,"h":[["2023-10-15T00:00:00+00:00",4,3,null],["2023-11-07T00:00:00+00:00",1,1,1],["2023-11-26T00:00:00+00:00",1,1,0],["2024-01-06T00:00:00+00:00",1,1,0],["2024-02-29T00:00:00+00:00",1,1,0],["2024-04-01T00:00:00+00:00",1,1,0],["2024-05-03T00:00:00+00:00",1,1,0],["2024-07-06T00:00:00+00:00",1,1,0],["2024-09-06T00:00:00+00:00",1,1,0],["2024-12-01T00:00:00+00:00",1,1,0],["2025-02-25T00:00:00+00:00",1,1,0],["2025-04-04T00:00:00+00:00",1,1,0],["2025-07-08T00:00:00+00:00",1,1,0],["2025-09-22T00:00:00+00:00",1,1,0]]},"geometry":{"type":"Point","coordinates":[34.473845,31.489011]}},{"type":"Feature","properties":{"site_id":26,"event_code":"CE20231007PSE","latest_date":"2025-09-22T00:00:00+00:00","latest_class":1,"pass_count":13,"h":[["2023-11-07T00:00:00+00:00",2,1,3],["2023-11-26T00:00:00+00:00",2,1,0],["2024-01-06T00:00:00+00:00",2,1,0],["2024-02-29T00:00:00+00:00",2,1,0],["2024-04-01T00:00:00+00:00",2,1,0],["2024-05-03T00:00:00+00:00",2,1,0],["2024-07-06T00:00:00+00:00",2,1,0],["2024-09-06T00:00:00+00:00",2,1,0],["2024-12-01T00:00:00+00:00",2,1,0],["2025-02-25T00:00:00+00:00",2,1,0],["2025-04-04T00:00:00+00:00",2,1,0],["2025-07-08T00:00:00+00:00",1,1,1],["2025-09-22T00:00:00+00:00",1,1,0]]},"geometry":{"type":"Point","coordinates":[34.473776,31.488336]}},{"type":"Feature","properties":{"site_id":26,"event_code":"CE20231007PSE","latest_date":"2025-09-22T00:00:00+00:00","latest_class":1,"pass_count":14,"h":[["2023-10-15T00:00:00+00:00",4,3,null],["2023-11-07T00:00:00+00:00",1,1,1],["2023-11-26T00:00:00+00:00",1,1,0],["2024-01-06T00:00:00+00:00",1,1,0],["2024-02-29T00:00:00+00:00",1,1,0],["2024-04-01T00:00:00+00:00",1,1,0],["2024-05-03T00:00:00+00:00",1,1,0],["2024-07-06T00:00:00+00:00",1,1,0],["2024-09-06T00:00:00+00:00",1,1,0],["2024-12-01T00:00:00+00:00",1,1,0],["2025-02-25T00:00:00+00:00",1,1,0],["2025-04-04T00:00:00+00:00",1,1,0],["2025-07-08T00:00:00+00:00",1,1,0],["2025-09-22T00:00:00+00:00",1,1,0]]},"geometry":{"type":"Point","coordinates":[34.474044,31.486826]}},{"type":"Feature","properties":{"site_id":26,"event_code":"CE20231007PSE","latest_date":"2025-09-22T00:00:00+00:00","latest_class":1,"pass_count":11,"h":[["2024-01-06T00:00:00+00:00",1,1,3],["2024-02-29T00:00:00+00:00",1,1,0],["2024-04-01T00:00:00+00:00",1,1,0],["2024-05-03T00:00:00+00:00",1,1,0],["2024-07-06T00:00:00+00:00",1,1,0],["2024-09-06T00:00:00+00:00",1,1,0],["2024-12-01T00:00:00+00:00",1,1,0],["2025-02-25T00:00:00+00:00",1,1,0],["2025-04-04T00:00:00+00:00",1,1,0],["2025-07-08T00:00:00+00:00",1,1,0],["2025-09-22T00:00:00+00:00",1,1,0]]},"geometry":{"type":"Point","coordinates":[34.473804,31.484201]}},{"type":"Feature","properties":{"site_id":26,"event_code":"CE20231007PSE","latest_date":"2025-09-22T00:00:00+00:00","latest_class":1,"pass_count":11,"h":[["2024-01-06T00:00:00+00:00",1,1,3],["2024-02-29T00:00:00+00:00",1,1,0],["2024-04-01T00:00:00+00:00",1,1,0],["2024-05-03T00:00:00+00:00",1,1,0],["2024-07-06T00:00:00+00:00",1,1,0],["2024-09-06T00:00:00+00:00",1,1,0],["2024-12-01T00:00:00+00:00",1,1,0],["2025-02-25T00:00:00+00:00",1,1,0],["2025-04-04T00:00:00+00:00",1,1,0],["2025-07-08T00:00:00+00:00",1,1,0],["2025-09-22T00:00:00+00:00",1,1,0]]},"geometry":{"type":"Point","coordinates":[34.473983,31.485501]}},{"type":"Feature","properties":{"site_id":26,"event_code":"CE20231007PSE","latest_date":"2025-09-22T00:00:00+00:00","latest_class":1,"pass_count":14,"h":[["2023-10-15T00:00:00+00:00",4,3,null],["2023-11-07T00:00:00+00:00",4,3,0],["2023-11-26T00:00:00+00:00",4,3,0],["2024-01-06T00:00:00+00:00",1,1,1],["2024-02-29T00:00:00+00:00",1,1,0],["2024-04-01T00:00:00+00:00",1,1,0],["2024-05-03T00:00:00+00:00",1,1,0],["2024-07-06T00:00:00+00:00",1,1,0],["2024-09-06T00:00:00+00:00",1,1,0],["2024-12-01T00:00:00+00:00",1,1,0],["2025-02-25T00:00:00+00:00",1,1,0],["2025-04-04T00:00:00+00:00",1,1,0],["2025-07-08T00:00:00+00:00",1,1,0],["2025-09-22T00:00:00+00:00",1,1,0]]},"geometry":{"type":"Point","coordinates":[34.473952,31.488689]}},{"type":"Feature","properties":{"site_id":26,"event_code":"CE20231007PSE","latest_date":"2025-09-22T00:00:00+00:00","latest_class":1,"pass_count":14,"h":[["2023-10-15T00:00:00+00:00",4,3,null],["2023-11-07T00:00:00+00:00",4,3,0],["2023-11-26T00:00:00+00:00",4,3,0],["2024-01-06T00:00:00+00:00",1,1,1],["2024-02-29T00:00:00+00:00",1,1,0],["2024-04-01T00:00:00+00:00",1,1,0],["2024-05-03T00:00:00+00:00",1,1,0],["2024-07-06T00:00:00+00:00",1,1,0],["2024-09-06T00:00:00+00:00",1,1,0],["2024-12-01T00:00:00+00:00",1,1,0],["2025-02-25T00:00:00+00:00",1,1,0],["2025-04-04T00:00:00+00:00",1,1,0],["2025-07-08T00:00:00+00:00",1,1,0],["2025-09-22T00:00:00+00:00",1,1,0]]},"geometry":{"type":"Point","coordinates":[34.473811,31.488679]}},{"type":"Feature","properties":{"site_id":26,"event_code":"CE20231007PSE","latest_date":"2025-09-22T00:00:00+00:00","latest_class":1,"pass_count":14,"h":[["2023-10-15T00:00:00+00:00",3,2,null],["2023-11-07T00:00:00+00:00",3,2,0],["2023-11-26T00:00:00+00:00",3,2,0],["2024-01-06T00:00:00+00:00",1,1,1],["2024-02-29T00:00:00+00:00",1,1,0],["2024-04-01T00:00:00+00:00",1,1,0],["2024-05-03T00:00:00+00:00",1,1,0],["2024-07-06T00:00:00+00:00",1,1,0],["2024-09-06T00:00:00+00:00",1,1,0],["2024-12-01T00:00:00+00:00",1,1,0],["2025-02-25T00:00:00+00:00",1,1,0],["2025-04-04T00:00:00+00:00",1,1,0],["2025-07-08T00:00:00+00:00",1,1,0],["2025-09-22T00:00:00+00:00",1,1,0]]},"geometry":{"type":"Point","coordinates":[34.474166,31.488149]}},{"type":"Feature","properties":{"site_id":26,"event_code":"CE20231007PSE","latest_date":"2025-09-22T00:00:00+00:00","latest_class":1,"pass_count":14,"h":[["2023-10-15T00:00:00+00:00",1,1,null],["2023-11-07T00:00:00+00:00",1,1,0],["2023-11-26T00:00:00+00:00",1,1,0],["2024-01-06T00:00:00+00:00",1,1,0],["2024-02-29T00:00:00+00:00",1,1,0],["2024-04-01T00:00:00+00:00",1,1,0],["2024-05-03T00:00:00+00:00",1,1,0],["2024-07-06T00:00:00+00:00",1,1,0],["2024-09-06T00:00:00+00:00",1,1,0],["2024-12-01T00:00:00+00:00",1,1,0],["2025-02-25T00:00:00+00:00",1,1,0],["2025-04-04T00:00:00+00:00",1,1,0],["2025-07-08T00:00:00+00:00",1,1,0],["2025-09-22T00:00:00+00:00",1,1,0]]},"geometry":{"type":"Point","coordinates":[34.474234,31.487142]}},{"type":"Feature","properties":{"site_id":26,"event_code":"CE20231007PSE","latest_date":"2025-09-22T00:00:00+00:00","latest_class":1,"pass_count":14,"h":[["2023-10-15T00:00:00+00:00",2,1,null],["2023-11-07T00:00:00+00:00",2,1,0],["2023-11-26T00:00:00+00:00",2,1,0],["2024-01-06T00:00:00+00:00",1,1,1],["2024-02-29T00:00:00+00:00",1,1,0],["2024-04-01T00:00:00+00:00",1,1,0],["2024-05-03T00:00:00+00:00",1,1,0],["2024-07-06T00:00:00+00:00",1,1,0],["2024-09-06T00:00:00+00:00",1,1,0],["2024-12-01T00:00:00+00:00",1,1,0],["2025-02-25T00:00:00+00:00",1,1,0],["2025-04-04T00:00:00+00:00",1,1,0],["2025-07-08T00:00:00+00:00",1,1,0],["2025-09-22T00:00:00+00:00",1,1,0]]},"geometry":{"type":"Point","coordinates":[34.47421,31.486776]}},{"type":"Feature","properties":{"site_id":26,"event_code":"CE20231007PSE","latest_date":"2025-09-22T00:00:00+00:00","latest_class":1,"pass_count":14,"h":[["2023-10-15T00:00:00+00:00",2,1,null],["2023-11-07T00:00:00+00:00",2,1,0],["2023-11-26T00:00:00+00:00",2,1,0],["2024-01-06T00:00:00+00:00",1,1,1],["2024-02-29T00:00:00+00:00",1,1,0],["2024-04-01T00:00:00+00:00",1,1,0],["2024-05-03T00:00:00+00:00",1,1,0],["2024-07-06T00:00:00+00:00",1,1,0],["2024-09-06T00:00:00+00:00",1,1,0],["2024-12-01T00:00:00+00:00",1,1,0],["2025-02-25T00:00:00+00:00",1,1,0],["2025-04-04T00:00:00+00:00",1,1,0],["2025-07-08T00:00:00+00:00",1,1,0],["2025-09-22T00:00:00+00:00",1,1,0]]},"geometry":{"type":"Point","coordinates":[34.47425,31.488996]}},{"type":"Feature","properties":{"site_id":26,"event_code":"CE20231007PSE","latest_date":"2025-09-22T00:00:00+00:00","latest_class":1,"pass_count":14,"h":[["2023-10-15T00:00:00+00:00",3,2,null],["2023-11-07T00:00:00+00:00",3,2,0],["2023-11-26T00:00:00+00:00",3,2,0],["2024-01-06T00:00:00+00:00",1,1,1],["2024-02-29T00:00:00+00:00",1,1,0],["2024-04-01T00:00:00+00:00",1,1,0],["2024-05-03T00:00:00+00:00",1,1,0],["2024-07-06T00:00:00+00:00",1,1,0],["2024-09-06T00:00:00+00:00",1,1,0],["2024-12-01T00:00:00+00:00",1,1,0],["2025-02-25T00:00:00+00:00",1,1,0],["2025-04-04T00:00:00+00:00",1,1,0],["2025-07-08T00:00:00+00:00",1,1,0],["2025-09-22T00:00:00+00:00",1,1,0]]},"geometry":{"type":"Point","coordinates":[34.474237,31.488421]}},{"type":"Feature","properties":{"site_id":26,"event_code":"CE20231007PSE","latest_date":"2025-09-22T00:00:00+00:00","latest_class":1,"pass_count":14,"h":[["2023-10-15T00:00:00+00:00",4,3,null],["2023-11-07T00:00:00+00:00",4,3,0],["2023-11-26T00:00:00+00:00",4,3,0],["2024-01-06T00:00:00+00:00",3,2,1],["2024-02-29T00:00:00+00:00",3,2,0],["2024-04-01T00:00:00+00:00",3,2,0],["2024-05-03T00:00:00+00:00",3,2,0],["2024-07-06T00:00:00+00:00",3,2,0],["2024-09-06T00:00:00+00:00",3,2,0],["2024-12-01T00:00:00+00:00",3,2,0],["2025-02-25T00:00:00+00:00",3,2,0],["2025-04-04T00:00:00+00:00",3,2,0],["2025-07-08T00:00:00+00:00",1,1,1],["2025-09-22T00:00:00+00:00",1,1,0]]},"geometry":{"type":"Point","coordinates":[34.474242,31.484636]}},{"type":"Feature","properties":{"site_id":26,"event_code":"CE20231007PSE","latest_date":"2025-09-22T00:00:00+00:00","latest_class":1,"pass_count":11,"h":[["2024-01-06T00:00:00+00:00",1,1,3],["2024-02-29T00:00:00+00:00",1,1,0],["2024-04-01T00:00:00+00:00",1,1,0],["2024-05-03T00:00:00+00:00",1,1,0],["2024-07-06T00:00:00+00:00",1,1,0],["2024-09-06T00:00:00+00:00",1,1,0],["2024-12-01T00:00:00+00:00",1,1,0],["2025-02-25T00:00:00+00:00",1,1,0],["2025-04-04T00:00:00+00:00",1,1,0],["2025-07-08T00:00:00+00:00",1,1,0],["2025-09-22T00:00:00+00:00",1,1,0]]},"geometry":{"type":"Point","coordinates":[34.474234,31.486007]}},{"type":"Feature","properties":{"site_id":26,"event_code":"CE20231007PSE","latest_date":"2025-09-22T00:00:00+00:00","latest_class":1,"pass_count":14,"h":[["2023-10-15T00:00:00+00:00",1,1,null],["2023-11-07T00:00:00+00:00",1,1,0],["2023-11-26T00:00:00+00:00",1,1,0],["2024-01-06T00:00:00+00:00",1,1,0],["2024-02-29T00:00:00+00:00",1,1,0],["2024-04-01T00:00:00+00:00",1,1,0],["2024-05-03T00:00:00+00:00",1,1,0],["2024-07-06T00:00:00+00:00",1,1,0],["2024-09-06T00:00:00+00:00",1,1,0],["2024-12-01T00:00:00+00:00",1,1,0],["2025-02-25T00:00:00+00:00",1,1,0],["2025-04-04T00:00:00+00:00",1,1,0],["2025-07-08T00:00:00+00:00",1,1,0],["2025-09-22T00:00:00+00:00",1,1,0]]},"geometry":{"type":"Point","coordinates":[34.474796,31.488009]}},{"type":"Feature","properties":{"site_id":26,"event_code":"CE20231007PSE","latest_date":"2025-09-22T00:00:00+00:00","latest_class":1,"pass_count":14,"h":[["2023-10-15T00:00:00+00:00",1,1,null],["2023-11-07T00:00:00+00:00",1,1,0],["2023-11-26T00:00:00+00:00",1,1,0],["2024-01-06T00:00:00+00:00",1,1,0],["2024-02-29T00:00:00+00:00",1,1,0],["2024-04-01T00:00:00+00:00",1,1,0],["2024-05-03T00:00:00+00:00",1,1,0],["2024-07-06T00:00:00+00:00",1,1,0],["2024-09-06T00:00:00+00:00",1,1,0],["2024-12-01T00:00:00+00:00",1,1,0],["2025-02-25T00:00:00+00:00",1,1,0],["2025-04-04T00:00:00+00:00",1,1,0],["2025-07-08T00:00:00+00:00",1,1,0],["2025-09-22T00:00:00+00:00",1,1,0]]},"geometry":{"type":"Point","coordinates":[34.474867,31.488103]}},{"type":"Feature","properties":{"site_id":26,"event_code":"CE20231007PSE","latest_date":"2025-09-22T00:00:00+00:00","latest_class":1,"pass_count":14,"h":[["2023-10-15T00:00:00+00:00",3,2,null],["2023-11-07T00:00:00+00:00",3,2,0],["2023-11-26T00:00:00+00:00",3,2,0],["2024-01-06T00:00:00+00:00",1,1,1],["2024-02-29T00:00:00+00:00",1,1,0],["2024-04-01T00:00:00+00:00",1,1,0],["2024-05-03T00:00:00+00:00",1,1,0],["2024-07-06T00:00:00+00:00",1,1,0],["2024-09-06T00:00:00+00:00",1,1,0],["2024-12-01T00:00:00+00:00",1,1,0],["2025-02-25T00:00:00+00:00",1,1,0],["2025-04-04T00:00:00+00:00",1,1,0],["2025-07-08T00:00:00+00:00",1,1,0],["2025-09-22T00:00:00+00:00",1,1,0]]},"geometry":{"type":"Point","coordinates":[34.474685,31.489124]}},{"type":"Feature","properties":{"site_id":26,"event_code":"CE20231007PSE","latest_date":"2025-09-22T00:00:00+00:00","latest_class":1,"pass_count":14,"h":[["2023-10-15T00:00:00+00:00",3,2,null],["2023-11-07T00:00:00+00:00",3,2,0],["2023-11-26T00:00:00+00:00",3,2,0],["2024-01-06T00:00:00+00:00",1,1,1],["2024-02-29T00:00:00+00:00",1,1,0],["2024-04-01T00:00:00+00:00",1,1,0],["2024-05-03T00:00:00+00:00",1,1,0],["2024-07-06T00:00:00+00:00",1,1,0],["2024-09-06T00:00:00+00:00",1,1,0],["2024-12-01T00:00:00+00:00",1,1,0],["2025-02-25T00:00:00+00:00",1,1,0],["2025-04-04T00:00:00+00:00",1,1,0],["2025-07-08T00:00:00+00:00",1,1,0],["2025-09-22T00:00:00+00:00",1,1,0]]},"geometry":{"type":"Point","coordinates":[34.474351,31.489081]}},{"type":"Feature","properties":{"site_id":26,"event_code":"CE20231007PSE","latest_date":"2025-09-22T00:00:00+00:00","latest_class":1,"pass_count":14,"h":[["2023-10-15T00:00:00+00:00",3,2,null],["2023-11-07T00:00:00+00:00",3,2,0],["2023-11-26T00:00:00+00:00",3,2,0],["2024-01-06T00:00:00+00:00",1,1,1],["2024-02-29T00:00:00+00:00",1,1,0],["2024-04-01T00:00:00+00:00",1,1,0],["2024-05-03T00:00:00+00:00",1,1,0],["2024-07-06T00:00:00+00:00",1,1,0],["2024-09-06T00:00:00+00:00",1,1,0],["2024-12-01T00:00:00+00:00",1,1,0],["2025-02-25T00:00:00+00:00",1,1,0],["2025-04-04T00:00:00+00:00",1,1,0],["2025-07-08T00:00:00+00:00",1,1,0],["2025-09-22T00:00:00+00:00",1,1,0]]},"geometry":{"type":"Point","coordinates":[34.474838,31.488602]}},{"type":"Feature","properties":{"site_id":26,"event_code":"CE20231007PSE","latest_date":"2025-09-22T00:00:00+00:00","latest_class":1,"pass_count":14,"h":[["2023-10-15T00:00:00+00:00",3,2,null],["2023-11-07T00:00:00+00:00",3,2,0],["2023-11-26T00:00:00+00:00",3,2,0],["2024-01-06T00:00:00+00:00",1,1,1],["2024-02-29T00:00:00+00:00",1,1,0],["2024-04-01T00:00:00+00:00",1,1,0],["2024-05-03T00:00:00+00:00",1,1,0],["2024-07-06T00:00:00+00:00",1,1,0],["2024-09-06T00:00:00+00:00",1,1,0],["2024-12-01T00:00:00+00:00",1,1,0],["2025-02-25T00:00:00+00:00",1,1,0],["2025-04-04T00:00:00+00:00",1,1,0],["2025-07-08T00:00:00+00:00",1,1,0],["2025-09-22T00:00:00+00:00",1,1,0]]},"geometry":{"type":"Point","coordinates":[34.474893,31.488411]}},{"type":"Feature","properties":{"site_id":26,"event_code":"CE20231007PSE","latest_date":"2025-09-22T00:00:00+00:00","latest_class":1,"pass_count":14,"h":[["2023-10-15T00:00:00+00:00",3,2,null],["2023-11-07T00:00:00+00:00",3,2,0],["2023-11-26T00:00:00+00:00",3,2,0],["2024-01-06T00:00:00+00:00",1,1,1],["2024-02-29T00:00:00+00:00",1,1,0],["2024-04-01T00:00:00+00:00",1,1,0],["2024-05-03T00:00:00+00:00",1,1,0],["2024-07-06T00:00:00+00:00",1,1,0],["2024-09-06T00:00:00+00:00",1,1,0],["2024-12-01T00:00:00+00:00",1,1,0],["2025-02-25T00:00:00+00:00",1,1,0],["2025-04-04T00:00:00+00:00",1,1,0],["2025-07-08T00:00:00+00:00",1,1,0],["2025-09-22T00:00:00+00:00",1,1,0]]},"geometry":{"type":"Point","coordinates":[34.474993,31.488295]}},{"type":"Feature","properties":{"site_id":26,"event_code":"CE20231007PSE","latest_date":"2025-09-22T00:00:00+00:00","latest_class":1,"pass_count":14,"h":[["2023-10-15T00:00:00+00:00",3,2,null],["2023-11-07T00:00:00+00:00",3,2,0],["2023-11-26T00:00:00+00:00",3,2,0],["2024-01-06T00:00:00+00:00",1,1,1],["2024-02-29T00:00:00+00:00",1,1,0],["2024-04-01T00:00:00+00:00",1,1,0],["2024-05-03T00:00:00+00:00",1,1,0],["2024-07-06T00:00:00+00:00",1,1,0],["2024-09-06T00:00:00+00:00",1,1,0],["2024-12-01T00:00:00+00:00",1,1,0],["2025-02-25T00:00:00+00:00",1,1,0],["2025-04-04T00:00:00+00:00",1,1,0],["2025-07-08T00:00:00+00:00",1,1,0],["2025-09-22T00:00:00+00:00",1,1,0]]},"geometry":{"type":"Point","coordinates":[34.475398,31.488388]}},{"type":"Feature","properties":{"site_id":26,"event_code":"CE20231007PSE","latest_date":"2025-09-22T00:00:00+00:00","latest_class":1,"pass_count":14,"h":[["2023-10-15T00:00:00+00:00",3,2,null],["2023-11-07T00:00:00+00:00",3,2,0],["2023-11-26T00:00:00+00:00",3,2,0],["2024-01-06T00:00:00+00:00",1,1,1],["2024-02-29T00:00:00+00:00",1,1,0],["2024-04-01T00:00:00+00:00",1,1,0],["2024-05-03T00:00:00+00:00",1,1,0],["2024-07-06T00:00:00+00:00",1,1,0],["2024-09-06T00:00:00+00:00",1,1,0],["2024-12-01T00:00:00+00:00",1,1,0],["2025-02-25T00:00:00+00:00",1,1,0],["2025-04-04T00:00:00+00:00",1,1,0],["2025-07-08T00:00:00+00:00",1,1,0],["2025-09-22T00:00:00+00:00",1,1,0]]},"geometry":{"type":"Point","coordinates":[34.475207,31.488501]}},{"type":"Feature","properties":{"site_id":26,"event_code":"CE20231007PSE","latest_date":"2025-09-22T00:00:00+00:00","latest_class":2,"pass_count":14,"h":[["2023-10-15T00:00:00+00:00",3,2,null],["2023-11-07T00:00:00+00:00",3,2,0],["2023-11-26T00:00:00+00:00",3,2,0],["2024-01-06T00:00:00+00:00",2,1,1],["2024-02-29T00:00:00+00:00",2,1,0],["2024-04-01T00:00:00+00:00",2,1,0],["2024-05-03T00:00:00+00:00",2,1,0],["2024-07-06T00:00:00+00:00",2,1,0],["2024-09-06T00:00:00+00:00",2,1,0],["2024-12-01T00:00:00+00:00",2,1,0],["2025-02-25T00:00:00+00:00",2,1,0],["2025-04-04T00:00:00+00:00",2,1,0],["2025-07-08T00:00:00+00:00",2,1,0],["2025-09-22T00:00:00+00:00",2,1,0]]},"geometry":{"type":"Point","coordinates":[34.475566,31.48801]}},{"type":"Feature","properties":{"site_id":26,"event_code":"CE20231007PSE","latest_date":"2025-09-22T00:00:00+00:00","latest_class":1,"pass_count":14,"h":[["2023-10-15T00:00:00+00:00",3,2,null],["2023-11-07T00:00:00+00:00",3,2,0],["2023-11-26T00:00:00+00:00",3,2,0],["2024-01-06T00:00:00+00:00",1,1,1],["2024-02-29T00:00:00+00:00",1,1,0],["2024-04-01T00:00:00+00:00",1,1,0],["2024-05-03T00:00:00+00:00",1,1,0],["2024-07-06T00:00:00+00:00",1,1,0],["2024-09-06T00:00:00+00:00",1,1,0],["2024-12-01T00:00:00+00:00",1,1,0],["2025-02-25T00:00:00+00:00",1,1,0],["2025-04-04T00:00:00+00:00",1,1,0],["2025-07-08T00:00:00+00:00",1,1,0],["2025-09-22T00:00:00+00:00",1,1,0]]},"geometry":{"type":"Point","coordinates":[34.475431,31.488094]}},{"type":"Feature","properties":{"site_id":26,"event_code":"CE20231007PSE","latest_date":"2025-09-22T00:00:00+00:00","latest_class":1,"pass_count":14,"h":[["2023-10-15T00:00:00+00:00",2,1,null],["2023-11-07T00:00:00+00:00",2,1,0],["2023-11-26T00:00:00+00:00",2,1,0],["2024-01-06T00:00:00+00:00",1,1,1],["2024-02-29T00:00:00+00:00",1,1,0],["2024-04-01T00:00:00+00:00",1,1,0],["2024-05-03T00:00:00+00:00",1,1,0],["2024-07-06T00:00:00+00:00",1,1,0],["2024-09-06T00:00:00+00:00",1,1,0],["2024-12-01T00:00:00+00:00",1,1,0],["2025-02-25T00:00:00+00:00",1,1,0],["2025-04-04T00:00:00+00:00",1,1,0],["2025-07-08T00:00:00+00:00",1,1,0],["2025-09-22T00:00:00+00:00",1,1,0]]},"geometry":{"type":"Point","coordinates":[34.47448,31.488422]}},{"type":"Feature","properties":{"site_id":26,"event_code":"CE20231007PSE","latest_date":"2025-09-22T00:00:00+00:00","latest_class":1,"pass_count":14,"h":[["2023-10-15T00:00:00+00:00",1,1,null],["2023-11-07T00:00:00+00:00",1,1,0],["2023-11-26T00:00:00+00:00",1,1,0],["2024-01-06T00:00:00+00:00",1,1,0],["2024-02-29T00:00:00+00:00",1,1,0],["2024-04-01T00:00:00+00:00",1,1,0],["2024-05-03T00:00:00+00:00",1,1,0],["2024-07-06T00:00:00+00:00",1,1,0],["2024-09-06T00:00:00+00:00",1,1,0],["2024-12-01T00:00:00+00:00",1,1,0],["2025-02-25T00:00:00+00:00",1,1,0],["2025-04-04T00:00:00+00:00",1,1,0],["2025-07-08T00:00:00+00:00",1,1,0],["2025-09-22T00:00:00+00:00",1,1,0]]},"geometry":{"type":"Point","coordinates":[34.476751,31.487592]}},{"type":"Feature","properties":{"site_id":26,"event_code":"CE20231007PSE","latest_date":"2025-09-22T00:00:00+00:00","latest_class":1,"pass_count":14,"h":[["2023-10-15T00:00:00+00:00",1,1,null],["2023-11-07T00:00:00+00:00",1,1,0],["2023-11-26T00:00:00+00:00",1,1,0],["2024-01-06T00:00:00+00:00",1,1,0],["2024-02-29T00:00:00+00:00",1,1,0],["2024-04-01T00:00:00+00:00",1,1,0],["2024-05-03T00:00:00+00:00",1,1,0],["2024-07-06T00:00:00+00:00",1,1,0],["2024-09-06T00:00:00+00:00",1,1,0],["2024-12-01T00:00:00+00:00",1,1,0],["2025-02-25T00:00:00+00:00",1,1,0],["2025-04-04T00:00:00+00:00",1,1,0],["2025-07-08T00:00:00+00:00",1,1,0],["2025-09-22T00:00:00+00:00",1,1,0]]},"geometry":{"type":"Point","coordinates":[34.476044,31.48819]}},{"type":"Feature","properties":{"site_id":26,"event_code":"CE20231007PSE","latest_date":"2025-09-22T00:00:00+00:00","latest_class":1,"pass_count":14,"h":[["2023-10-15T00:00:00+00:00",2,1,null],["2023-11-07T00:00:00+00:00",2,1,0],["2023-11-26T00:00:00+00:00",2,1,0],["2024-01-06T00:00:00+00:00",1,1,1],["2024-02-29T00:00:00+00:00",1,1,0],["2024-04-01T00:00:00+00:00",1,1,0],["2024-05-03T00:00:00+00:00",1,1,0],["2024-07-06T00:00:00+00:00",1,1,0],["2024-09-06T00:00:00+00:00",1,1,0],["2024-12-01T00:00:00+00:00",1,1,0],["2025-02-25T00:00:00+00:00",1,1,0],["2025-04-04T00:00:00+00:00",1,1,0],["2025-07-08T00:00:00+00:00",1,1,0],["2025-09-22T00:00:00+00:00",1,1,0]]},"geometry":{"type":"Point","coordinates":[34.475189,31.488]}},{"type":"Feature","properties":{"site_id":26,"event_code":"CE20231007PSE","latest_date":"2025-09-22T00:00:00+00:00","latest_class":1,"pass_count":14,"h":[["2023-10-15T00:00:00+00:00",2,1,null],["2023-11-07T00:00:00+00:00",2,1,0],["2023-11-26T00:00:00+00:00",2,1,0],["2024-01-06T00:00:00+00:00",1,1,1],["2024-02-29T00:00:00+00:00",1,1,0],["2024-04-01T00:00:00+00:00",1,1,0],["2024-05-03T00:00:00+00:00",1,1,0],["2024-07-06T00:00:00+00:00",1,1,0],["2024-09-06T00:00:00+00:00",1,1,0],["2024-12-01T00:00:00+00:00",1,1,0],["2025-02-25T00:00:00+00:00",1,1,0],["2025-04-04T00:00:00+00:00",1,1,0],["2025-07-08T00:00:00+00:00",1,1,0],["2025-09-22T00:00:00+00:00",1,1,0]]},"geometry":{"type":"Point","coordinates":[34.475049,31.488087]}},{"type":"Feature","properties":{"site_id":26,"event_code":"CE20231007PSE","latest_date":"2025-09-22T00:00:00+00:00","latest_class":1,"pass_count":14,"h":[["2023-10-15T00:00:00+00:00",2,1,null],["2023-11-07T00:00:00+00:00",2,1,0],["2023-11-26T00:00:00+00:00",2,1,0],["2024-01-06T00:00:00+00:00",1,1,1],["2024-02-29T00:00:00+00:00",1,1,0],["2024-04-01T00:00:00+00:00",1,1,0],["2024-05-03T00:00:00+00:00",1,1,0],["2024-07-06T00:00:00+00:00",1,1,0],["2024-09-06T00:00:00+00:00",1,1,0],["2024-12-01T00:00:00+00:00",1,1,0],["2025-02-25T00:00:00+00:00",1,1,0],["2025-04-04T00:00:00+00:00",1,1,0],["2025-07-08T00:00:00+00:00",1,1,0],["2025-09-22T00:00:00+00:00",1,1,0]]},"geometry":{"type":"Point","coordinates":[34.476851,31.48749]}},{"type":"Feature","properties":{"site_id":26,"event_code":"CE20231007PSE","latest_date":"2025-09-22T00:00:00+00:00","latest_class":1,"pass_count":14,"h":[["2023-10-15T00:00:00+00:00",2,1,null],["2023-11-07T00:00:00+00:00",2,1,0],["2023-11-26T00:00:00+00:00",2,1,0],["2024-01-06T00:00:00+00:00",1,1,1],["2024-02-29T00:00:00+00:00",1,1,0],["2024-04-01T00:00:00+00:00",1,1,0],["2024-05-03T00:00:00+00:00",1,1,0],["2024-07-06T00:00:00+00:00",1,1,0],["2024-09-06T00:00:00+00:00",1,1,0],["2024-12-01T00:00:00+00:00",1,1,0],["2025-02-25T00:00:00+00:00",1,1,0],["2025-04-04T00:00:00+00:00",1,1,0],["2025-07-08T00:00:00+00:00",1,1,0],["2025-09-22T00:00:00+00:00",1,1,0]]},"geometry":{"type":"Point","coordinates":[34.475848,31.487731]}},{"type":"Feature","properties":{"site_id":26,"event_code":"CE20231007PSE","latest_date":"2025-09-22T00:00:00+00:00","latest_class":1,"pass_count":14,"h":[["2023-10-15T00:00:00+00:00",2,1,null],["2023-11-07T00:00:00+00:00",2,1,0],["2023-11-26T00:00:00+00:00",2,1,0],["2024-01-06T00:00:00+00:00",1,1,1],["2024-02-29T00:00:00+00:00",1,1,0],["2024-04-01T00:00:00+00:00",1,1,0],["2024-05-03T00:00:00+00:00",1,1,0],["2024-07-06T00:00:00+00:00",1,1,0],["2024-09-06T00:00:00+00:00",1,1,0],["2024-12-01T00:00:00+00:00",1,1,0],["2025-02-25T00:00:00+00:00",1,1,0],["2025-04-04T00:00:00+00:00",1,1,0],["2025-07-08T00:00:00+00:00",1,1,0],["2025-09-22T00:00:00+00:00",1,1,0]]},"geometry":{"type":"Point","coordinates":[34.475575,31.487752]}},{"type":"Feature","properties":{"site_id":26,"event_code":"CE20231007PSE","latest_date":"2025-09-22T00:00:00+00:00","latest_class":1,"pass_count":14,"h":[["2023-10-15T00:00:00+00:00",2,1,null],["2023-11-07T00:00:00+00:00",1,1,1],["2023-11-26T00:00:00+00:00",1,1,0],["2024-01-06T00:00:00+00:00",1,1,0],["2024-02-29T00:00:00+00:00",1,1,0],["2024-04-01T00:00:00+00:00",1,1,0],["2024-05-03T00:00:00+00:00",1,1,0],["2024-07-06T00:00:00+00:00",1,1,0],["2024-09-06T00:00:00+00:00",1,1,0],["2024-12-01T00:00:00+00:00",1,1,0],["2025-02-25T00:00:00+00:00",1,1,0],["2025-04-04T00:00:00+00:00",1,1,0],["2025-07-08T00:00:00+00:00",1,1,0],["2025-09-22T00:00:00+00:00",1,1,0]]},"geometry":{"type":"Point","coordinates":[34.475687,31.487929]}},{"type":"Feature","properties":{"site_id":26,"event_code":"CE20231007PSE","latest_date":"2025-09-22T00:00:00+00:00","latest_class":1,"pass_count":14,"h":[["2023-10-15T00:00:00+00:00",2,1,null],["2023-11-07T00:00:00+00:00",2,1,0],["2023-11-26T00:00:00+00:00",2,1,0],["2024-01-06T00:00:00+00:00",1,1,1],["2024-02-29T00:00:00+00:00",1,1,0],["2024-04-01T00:00:00+00:00",1,1,0],["2024-05-03T00:00:00+00:00",1,1,0],["2024-07-06T00:00:00+00:00",1,1,0],["2024-09-06T00:00:00+00:00",1,1,0],["2024-12-01T00:00:00+00:00",1,1,0],["2025-02-25T00:00:00+00:00",1,1,0],["2025-04-04T00:00:00+00:00",1,1,0],["2025-07-08T00:00:00+00:00",1,1,0],["2025-09-22T00:00:00+00:00",1,1,0]]},"geometry":{"type":"Point","coordinates":[34.474603,31.487874]}},{"type":"Feature","properties":{"site_id":26,"event_code":"CE20231007PSE","latest_date":"2025-09-22T00:00:00+00:00","latest_class":1,"pass_count":14,"h":[["2023-10-15T00:00:00+00:00",2,1,null],["2023-11-07T00:00:00+00:00",2,1,0],["2023-11-26T00:00:00+00:00",2,1,0],["2024-01-06T00:00:00+00:00",1,1,1],["2024-02-29T00:00:00+00:00",1,1,0],["2024-04-01T00:00:00+00:00",1,1,0],["2024-05-03T00:00:00+00:00",1,1,0],["2024-07-06T00:00:00+00:00",1,1,0],["2024-09-06T00:00:00+00:00",1,1,0],["2024-12-01T00:00:00+00:00",1,1,0],["2025-02-25T00:00:00+00:00",1,1,0],["2025-04-04T00:00:00+00:00",1,1,0],["2025-07-08T00:00:00+00:00",1,1,0],["2025-09-22T00:00:00+00:00",1,1,0]]},"geometry":{"type":"Point","coordinates":[34.474429,31.48798]}},{"type":"Feature","properties":{"site_id":26,"event_code":"CE20231007PSE","latest_date":"2025-09-22T00:00:00+00:00","latest_class":1,"pass_count":14,"h":[["2023-10-15T00:00:00+00:00",2,1,null],["2023-11-07T00:00:00+00:00",2,1,0],["2023-11-26T00:00:00+00:00",2,1,0],["2024-01-06T00:00:00+00:00",1,1,1],["2024-02-29T00:00:00+00:00",1,1,0],["2024-04-01T00:00:00+00:00",1,1,0],["2024-05-03T00:00:00+00:00",1,1,0],["2024-07-06T00:00:00+00:00",1,1,0],["2024-09-06T00:00:00+00:00",1,1,0],["2024-12-01T00:00:00+00:00",1,1,0],["2025-02-25T00:00:00+00:00",1,1,0],["2025-04-04T00:00:00+00:00",1,1,0],["2025-07-08T00:00:00+00:00",1,1,0],["2025-09-22T00:00:00+00:00",1,1,0]]},"geometry":{"type":"Point","coordinates":[34.474952,31.488193]}},{"type":"Feature","properties":{"site_id":26,"event_code":"CE20231007PSE","latest_date":"2025-09-22T00:00:00+00:00","latest_class":1,"pass_count":14,"h":[["2023-10-15T00:00:00+00:00",2,1,null],["2023-11-07T00:00:00+00:00",2,1,0],["2023-11-26T00:00:00+00:00",2,1,0],["2024-01-06T00:00:00+00:00",1,1,1],["2024-02-29T00:00:00+00:00",1,1,0],["2024-04-01T00:00:00+00:00",1,1,0],["2024-05-03T00:00:00+00:00",1,1,0],["2024-07-06T00:00:00+00:00",1,1,0],["2024-09-06T00:00:00+00:00",1,1,0],["2024-12-01T00:00:00+00:00",1,1,0],["2025-02-25T00:00:00+00:00",1,1,0],["2025-04-04T00:00:00+00:00",1,1,0],["2025-07-08T00:00:00+00:00",1,1,0],["2025-09-22T00:00:00+00:00",1,1,0]]},"geometry":{"type":"Point","coordinates":[34.47472,31.48814]}},{"type":"Feature","properties":{"site_id":26,"event_code":"CE20231007PSE","latest_date":"2025-09-22T00:00:00+00:00","latest_class":1,"pass_count":14,"h":[["2023-10-15T00:00:00+00:00",3,2,null],["2023-11-07T00:00:00+00:00",2,1,1],["2023-11-26T00:00:00+00:00",2,1,0],["2024-01-06T00:00:00+00:00",1,1,1],["2024-02-29T00:00:00+00:00",1,1,0],["2024-04-01T00:00:00+00:00",1,1,0],["2024-05-03T00:00:00+00:00",1,1,0],["2024-07-06T00:00:00+00:00",1,1,0],["2024-09-06T00:00:00+00:00",1,1,0],["2024-12-01T00:00:00+00:00",1,1,0],["2025-02-25T00:00:00+00:00",1,1,0],["2025-04-04T00:00:00+00:00",1,1,0],["2025-07-08T00:00:00+00:00",1,1,0],["2025-09-22T00:00:00+00:00",1,1,0]]},"geometry":{"type":"Point","coordinates":[34.476712,31.487768]}},{"type":"Feature","properties":{"site_id":26,"event_code":"CE20231007PSE","latest_date":"2025-09-22T00:00:00+00:00","latest_class":1,"pass_count":14,"h":[["2023-10-15T00:00:00+00:00",3,2,null],["2023-11-07T00:00:00+00:00",2,1,1],["2023-11-26T00:00:00+00:00",2,1,0],["2024-01-06T00:00:00+00:00",1,1,1],["2024-02-29T00:00:00+00:00",1,1,0],["2024-04-01T00:00:00+00:00",1,1,0],["2024-05-03T00:00:00+00:00",1,1,0],["2024-07-06T00:00:00+00:00",1,1,0],["2024-09-06T00:00:00+00:00",1,1,0],["2024-12-01T00:00:00+00:00",1,1,0],["2025-02-25T00:00:00+00:00",1,1,0],["2025-04-04T00:00:00+00:00",1,1,0],["2025-07-08T00:00:00+00:00",1,1,0],["2025-09-22T00:00:00+00:00",1,1,0]]},"geometry":{"type":"Point","coordinates":[34.476653,31.487697]}},{"type":"Feature","properties":{"site_id":26,"event_code":"CE20231007PSE","latest_date":"2025-09-22T00:00:00+00:00","latest_class":1,"pass_count":14,"h":[["2023-10-15T00:00:00+00:00",3,2,null],["2023-11-07T00:00:00+00:00",3,2,0],["2023-11-26T00:00:00+00:00",3,2,0],["2024-01-06T00:00:00+00:00",1,1,1],["2024-02-29T00:00:00+00:00",1,1,0],["2024-04-01T00:00:00+00:00",1,1,0],["2024-05-03T00:00:00+00:00",1,1,0],["2024-07-06T00:00:00+00:00",1,1,0],["2024-09-06T00:00:00+00:00",1,1,0],["2024-12-01T00:00:00+00:00",1,1,0],["2025-02-25T00:00:00+00:00",1,1,0],["2025-04-04T00:00:00+00:00",1,1,0],["2025-07-08T00:00:00+00:00",1,1,0],["2025-09-22T00:00:00+00:00",1,1,0]]},"geometry":{"type":"Point","coordinates":[34.476108,31.487496]}},{"type":"Feature","properties":{"site_id":26,"event_code":"CE20231007PSE","latest_date":"2025-09-22T00:00:00+00:00","latest_class":1,"pass_count":14,"h":[["2023-10-15T00:00:00+00:00",3,2,null],["2023-11-07T00:00:00+00:00",3,2,0],["2023-11-26T00:00:00+00:00",3,2,0],["2024-01-06T00:00:00+00:00",1,1,1],["2024-02-29T00:00:00+00:00",1,1,0],["2024-04-01T00:00:00+00:00",1,1,0],["2024-05-03T00:00:00+00:00",1,1,0],["2024-07-06T00:00:00+00:00",1,1,0],["2024-09-06T00:00:00+00:00",1,1,0],["2024-12-01T00:00:00+00:00",1,1,0],["2025-02-25T00:00:00+00:00",1,1,0],["2025-04-04T00:00:00+00:00",1,1,0],["2025-07-08T00:00:00+00:00",1,1,0],["2025-09-22T00:00:00+00:00",1,1,0]]},"geometry":{"type":"Point","coordinates":[34.475809,31.487416]}},{"type":"Feature","properties":{"site_id":26,"event_code":"CE20231007PSE","latest_date":"2025-09-22T00:00:00+00:00","latest_class":1,"pass_count":14,"h":[["2023-10-15T00:00:00+00:00",3,2,null],["2023-11-07T00:00:00+00:00",3,2,0],["2023-11-26T00:00:00+00:00",3,2,0],["2024-01-06T00:00:00+00:00",1,1,1],["2024-02-29T00:00:00+00:00",1,1,0],["2024-04-01T00:00:00+00:00",1,1,0],["2024-05-03T00:00:00+00:00",1,1,0],["2024-07-06T00:00:00+00:00",1,1,0],["2024-09-06T00:00:00+00:00",1,1,0],["2024-12-01T00:00:00+00:00",1,1,0],["2025-02-25T00:00:00+00:00",1,1,0],["2025-04-04T00:00:00+00:00",1,1,0],["2025-07-08T00:00:00+00:00",1,1,0],["2025-09-22T00:00:00+00:00",1,1,0]]},"geometry":{"type":"Point","coordinates":[34.475615,31.487502]}},{"type":"Feature","properties":{"site_id":26,"event_code":"CE20231007PSE","latest_date":"2025-09-22T00:00:00+00:00","latest_class":1,"pass_count":14,"h":[["2023-10-15T00:00:00+00:00",3,2,null],["2023-11-07T00:00:00+00:00",3,2,0],["2023-11-26T00:00:00+00:00",3,2,0],["2024-01-06T00:00:00+00:00",1,1,1],["2024-02-29T00:00:00+00:00",1,1,0],["2024-04-01T00:00:00+00:00",1,1,0],["2024-05-03T00:00:00+00:00",1,1,0],["2024-07-06T00:00:00+00:00",1,1,0],["2024-09-06T00:00:00+00:00",1,1,0],["2024-12-01T00:00:00+00:00",1,1,0],["2025-02-25T00:00:00+00:00",1,1,0],["2025-04-04T00:00:00+00:00",1,1,0],["2025-07-08T00:00:00+00:00",1,1,0],["2025-09-22T00:00:00+00:00",1,1,0]]},"geometry":{"type":"Point","coordinates":[34.47517,31.487462]}},{"type":"Feature","properties":{"site_id":26,"event_code":"CE20231007PSE","latest_date":"2025-09-22T00:00:00+00:00","latest_class":1,"pass_count":14,"h":[["2023-10-15T00:00:00+00:00",3,2,null],["2023-11-07T00:00:00+00:00",3,2,0],["2023-11-26T00:00:00+00:00",3,2,0],["2024-01-06T00:00:00+00:00",1,1,1],["2024-02-29T00:00:00+00:00",1,1,0],["2024-04-01T00:00:00+00:00",1,1,0],["2024-05-03T00:00:00+00:00",1,1,0],["2024-07-06T00:00:00+00:00",1,1,0],["2024-09-06T00:00:00+00:00",1,1,0],["2024-12-01T00:00:00+00:00",1,1,0],["2025-02-25T00:00:00+00:00",1,1,0],["2025-04-04T00:00:00+00:00",1,1,0],["2025-07-08T00:00:00+00:00",1,1,0],["2025-09-22T00:00:00+00:00",1,1,0]]},"geometry":{"type":"Point","coordinates":[34.475433,31.487629]}},{"type":"Feature","properties":{"site_id":26,"event_code":"CE20231007PSE","latest_date":"2025-09-22T00:00:00+00:00","latest_class":1,"pass_count":14,"h":[["2023-10-15T00:00:00+00:00",3,2,null],["2023-11-07T00:00:00+00:00",3,2,0],["2023-11-26T00:00:00+00:00",3,2,0],["2024-01-06T00:00:00+00:00",1,1,1],["2024-02-29T00:00:00+00:00",1,1,0],["2024-04-01T00:00:00+00:00",1,1,0],["2024-05-03T00:00:00+00:00",1,1,0],["2024-07-06T00:00:00+00:00",1,1,0],["2024-09-06T00:00:00+00:00",1,1,0],["2024-12-01T00:00:00+00:00",1,1,0],["2025-02-25T00:00:00+00:00",1,1,0],["2025-04-04T00:00:00+00:00",1,1,0],["2025-07-08T00:00:00+00:00",1,1,0],["2025-09-22T00:00:00+00:00",1,1,0]]},"geometry":{"type":"Point","coordinates":[34.475321,31.487706]}},{"type":"Feature","properties":{"site_id":26,"event_code":"CE20231007PSE","latest_date":"2025-09-22T00:00:00+00:00","latest_class":1,"pass_count":14,"h":[["2023-10-15T00:00:00+00:00",2,1,null],["2023-11-07T00:00:00+00:00",2,1,0],["2023-11-26T00:00:00+00:00",2,1,0],["2024-01-06T00:00:00+00:00",1,1,1],["2024-02-29T00:00:00+00:00",1,1,0],["2024-04-01T00:00:00+00:00",1,1,0],["2024-05-03T00:00:00+00:00",1,1,0],["2024-07-06T00:00:00+00:00",1,1,0],["2024-09-06T00:00:00+00:00",1,1,0],["2024-12-01T00:00:00+00:00",1,1,0],["2025-02-25T00:00:00+00:00",1,1,0],["2025-04-04T00:00:00+00:00",1,1,0],["2025-07-08T00:00:00+00:00",1,1,0],["2025-09-22T00:00:00+00:00",1,1,0]]},"geometry":{"type":"Point","coordinates":[34.475983,31.486351]}},{"type":"Feature","properties":{"site_id":26,"event_code":"CE20231007PSE","latest_date":"2025-09-22T00:00:00+00:00","latest_class":1,"pass_count":14,"h":[["2023-10-15T00:00:00+00:00",2,1,null],["2023-11-07T00:00:00+00:00",2,1,0],["2023-11-26T00:00:00+00:00",2,1,0],["2024-01-06T00:00:00+00:00",1,1,1],["2024-02-29T00:00:00+00:00",1,1,0],["2024-04-01T00:00:00+00:00",1,1,0],["2024-05-03T00:00:00+00:00",1,1,0],["2024-07-06T00:00:00+00:00",1,1,0],["2024-09-06T00:00:00+00:00",1,1,0],["2024-12-01T00:00:00+00:00",1,1,0],["2025-02-25T00:00:00+00:00",1,1,0],["2025-04-04T00:00:00+00:00",1,1,0],["2025-07-08T00:00:00+00:00",1,1,0],["2025-09-22T00:00:00+00:00",1,1,0]]},"geometry":{"type":"Point","coordinates":[34.476402,31.487805]}},{"type":"Feature","properties":{"site_id":26,"event_code":"CE20231007PSE","latest_date":"2025-09-22T00:00:00+00:00","latest_class":1,"pass_count":14,"h":[["2023-10-15T00:00:00+00:00",1,1,null],["2023-11-07T00:00:00+00:00",1,1,0],["2023-11-26T00:00:00+00:00",1,1,0],["2024-01-06T00:00:00+00:00",1,1,0],["2024-02-29T00:00:00+00:00",1,1,0],["2024-04-01T00:00:00+00:00",1,1,0],["2024-05-03T00:00:00+00:00",1,1,0],["2024-07-06T00:00:00+00:00",1,1,0],["2024-09-06T00:00:00+00:00",1,1,0],["2024-12-01T00:00:00+00:00",1,1,0],["2025-02-25T00:00:00+00:00",1,1,0],["2025-04-04T00:00:00+00:00",1,1,0],["2025-07-08T00:00:00+00:00",1,1,0],["2025-09-22T00:00:00+00:00",1,1,0]]},"geometry":{"type":"Point","coordinates":[34.476526,31.487924]}},{"type":"Feature","properties":{"site_id":26,"event_code":"CE20231007PSE","latest_date":"2025-09-22T00:00:00+00:00","latest_class":1,"pass_count":14,"h":[["2023-10-15T00:00:00+00:00",1,1,null],["2023-11-07T00:00:00+00:00",1,1,0],["2023-11-26T00:00:00+00:00",1,1,0],["2024-01-06T00:00:00+00:00",1,1,0],["2024-02-29T00:00:00+00:00",1,1,0],["2024-04-01T00:00:00+00:00",1,1,0],["2024-05-03T00:00:00+00:00",1,1,0],["2024-07-06T00:00:00+00:00",1,1,0],["2024-09-06T00:00:00+00:00",1,1,0],["2024-12-01T00:00:00+00:00",1,1,0],["2025-02-25T00:00:00+00:00",1,1,0],["2025-04-04T00:00:00+00:00",1,1,0],["2025-07-08T00:00:00+00:00",1,1,0],["2025-09-22T00:00:00+00:00",1,1,0]]},"geometry":{"type":"Point","coordinates":[34.476247,31.487635]}},{"type":"Feature","properties":{"site_id":26,"event_code":"CE20231007PSE","latest_date":"2025-09-22T00:00:00+00:00","latest_class":1,"pass_count":14,"h":[["2023-10-15T00:00:00+00:00",1,1,null],["2023-11-07T00:00:00+00:00",1,1,0],["2023-11-26T00:00:00+00:00",1,1,0],["2024-01-06T00:00:00+00:00",1,1,0],["2024-02-29T00:00:00+00:00",1,1,0],["2024-04-01T00:00:00+00:00",1,1,0],["2024-05-03T00:00:00+00:00",1,1,0],["2024-07-06T00:00:00+00:00",1,1,0],["2024-09-06T00:00:00+00:00",1,1,0],["2024-12-01T00:00:00+00:00",1,1,0],["2025-02-25T00:00:00+00:00",1,1,0],["2025-04-04T00:00:00+00:00",1,1,0],["2025-07-08T00:00:00+00:00",1,1,0],["2025-09-22T00:00:00+00:00",1,1,0]]},"geometry":{"type":"Point","coordinates":[34.475693,31.487067]}},{"type":"Feature","properties":{"site_id":26,"event_code":"CE20231007PSE","latest_date":"2025-09-22T00:00:00+00:00","latest_class":1,"pass_count":14,"h":[["2023-10-15T00:00:00+00:00",1,1,null],["2023-11-07T00:00:00+00:00",1,1,0],["2023-11-26T00:00:00+00:00",1,1,0],["2024-01-06T00:00:00+00:00",1,1,0],["2024-02-29T00:00:00+00:00",1,1,0],["2024-04-01T00:00:00+00:00",1,1,0],["2024-05-03T00:00:00+00:00",1,1,0],["2024-07-06T00:00:00+00:00",1,1,0],["2024-09-06T00:00:00+00:00",1,1,0],["2024-12-01T00:00:00+00:00",1,1,0],["2025-02-25T00:00:00+00:00",1,1,0],["2025-04-04T00:00:00+00:00",1,1,0],["2025-07-08T00:00:00+00:00",1,1,0],["2025-09-22T00:00:00+00:00",1,1,0]]},"geometry":{"type":"Point","coordinates":[34.47551,31.487108]}},{"type":"Feature","properties":{"site_id":26,"event_code":"CE20231007PSE","latest_date":"2025-09-22T00:00:00+00:00","latest_class":1,"pass_count":14,"h":[["2023-10-15T00:00:00+00:00",1,1,null],["2023-11-07T00:00:00+00:00",1,1,0],["2023-11-26T00:00:00+00:00",1,1,0],["2024-01-06T00:00:00+00:00",1,1,0],["2024-02-29T00:00:00+00:00",1,1,0],["2024-04-01T00:00:00+00:00",1,1,0],["2024-05-03T00:00:00+00:00",1,1,0],["2024-07-06T00:00:00+00:00",1,1,0],["2024-09-06T00:00:00+00:00",1,1,0],["2024-12-01T00:00:00+00:00",1,1,0],["2025-02-25T00:00:00+00:00",1,1,0],["2025-04-04T00:00:00+00:00",1,1,0],["2025-07-08T00:00:00+00:00",1,1,0],["2025-09-22T00:00:00+00:00",1,1,0]]},"geometry":{"type":"Point","coordinates":[34.474923,31.487674]}},{"type":"Feature","properties":{"site_id":26,"event_code":"CE20231007PSE","latest_date":"2025-09-22T00:00:00+00:00","latest_class":1,"pass_count":14,"h":[["2023-10-15T00:00:00+00:00",1,1,null],["2023-11-07T00:00:00+00:00",1,1,0],["2023-11-26T00:00:00+00:00",1,1,0],["2024-01-06T00:00:00+00:00",1,1,0],["2024-02-29T00:00:00+00:00",1,1,0],["2024-04-01T00:00:00+00:00",1,1,0],["2024-05-03T00:00:00+00:00",1,1,0],["2024-07-06T00:00:00+00:00",1,1,0],["2024-09-06T00:00:00+00:00",1,1,0],["2024-12-01T00:00:00+00:00",1,1,0],["2025-02-25T00:00:00+00:00",1,1,0],["2025-04-04T00:00:00+00:00",1,1,0],["2025-07-08T00:00:00+00:00",1,1,0],["2025-09-22T00:00:00+00:00",1,1,0]]},"geometry":{"type":"Point","coordinates":[34.474734,31.487822]}},{"type":"Feature","properties":{"site_id":26,"event_code":"CE20231007PSE","latest_date":"2025-09-22T00:00:00+00:00","latest_class":1,"pass_count":14,"h":[["2023-10-15T00:00:00+00:00",1,1,null],["2023-11-07T00:00:00+00:00",1,1,0],["2023-11-26T00:00:00+00:00",1,1,0],["2024-01-06T00:00:00+00:00",1,1,0],["2024-02-29T00:00:00+00:00",1,1,0],["2024-04-01T00:00:00+00:00",1,1,0],["2024-05-03T00:00:00+00:00",1,1,0],["2024-07-06T00:00:00+00:00",1,1,0],["2024-09-06T00:00:00+00:00",1,1,0],["2024-12-01T00:00:00+00:00",1,1,0],["2025-02-25T00:00:00+00:00",1,1,0],["2025-04-04T00:00:00+00:00",1,1,0],["2025-07-08T00:00:00+00:00",1,1,0],["2025-09-22T00:00:00+00:00",1,1,0]]},"geometry":{"type":"Point","coordinates":[34.474428,31.487714]}},{"type":"Feature","properties":{"site_id":26,"event_code":"CE20231007PSE","latest_date":"2025-09-22T00:00:00+00:00","latest_class":1,"pass_count":14,"h":[["2023-10-15T00:00:00+00:00",1,1,null],["2023-11-07T00:00:00+00:00",1,1,0],["2023-11-26T00:00:00+00:00",1,1,0],["2024-01-06T00:00:00+00:00",1,1,0],["2024-02-29T00:00:00+00:00",1,1,0],["2024-04-01T00:00:00+00:00",1,1,0],["2024-05-03T00:00:00+00:00",1,1,0],["2024-07-06T00:00:00+00:00",1,1,0],["2024-09-06T00:00:00+00:00",1,1,0],["2024-12-01T00:00:00+00:00",1,1,0],["2025-02-25T00:00:00+00:00",1,1,0],["2025-04-04T00:00:00+00:00",1,1,0],["2025-07-08T00:00:00+00:00",1,1,0],["2025-09-22T00:00:00+00:00",1,1,0]]},"geometry":{"type":"Point","coordinates":[34.476061,31.4879]}},{"type":"Feature","properties":{"site_id":26,"event_code":"CE20231007PSE","latest_date":"2025-09-22T00:00:00+00:00","latest_class":1,"pass_count":14,"h":[["2023-10-15T00:00:00+00:00",1,1,null],["2023-11-07T00:00:00+00:00",1,1,0],["2023-11-26T00:00:00+00:00",1,1,0],["2024-01-06T00:00:00+00:00",1,1,0],["2024-02-29T00:00:00+00:00",1,1,0],["2024-04-01T00:00:00+00:00",1,1,0],["2024-05-03T00:00:00+00:00",1,1,0],["2024-07-06T00:00:00+00:00",1,1,0],["2024-09-06T00:00:00+00:00",1,1,0],["2024-12-01T00:00:00+00:00",1,1,0],["2025-02-25T00:00:00+00:00",1,1,0],["2025-04-04T00:00:00+00:00",1,1,0],["2025-07-08T00:00:00+00:00",1,1,0],["2025-09-22T00:00:00+00:00",1,1,0]]},"geometry":{"type":"Point","coordinates":[34.476135,31.487854]}},{"type":"Feature","properties":{"site_id":26,"event_code":"CE20231007PSE","latest_date":"2025-09-22T00:00:00+00:00","latest_class":1,"pass_count":14,"h":[["2023-10-15T00:00:00+00:00",1,1,null],["2023-11-07T00:00:00+00:00",1,1,0],["2023-11-26T00:00:00+00:00",1,1,0],["2024-01-06T00:00:00+00:00",1,1,0],["2024-02-29T00:00:00+00:00",1,1,0],["2024-04-01T00:00:00+00:00",1,1,0],["2024-05-03T00:00:00+00:00",1,1,0],["2024-07-06T00:00:00+00:00",1,1,0],["2024-09-06T00:00:00+00:00",1,1,0],["2024-12-01T00:00:00+00:00",1,1,0],["2025-02-25T00:00:00+00:00",1,1,0],["2025-04-04T00:00:00+00:00",1,1,0],["2025-07-08T00:00:00+00:00",1,1,0],["2025-09-22T00:00:00+00:00",1,1,0]]},"geometry":{"type":"Point","coordinates":[34.475481,31.487893]}},{"type":"Feature","properties":{"site_id":26,"event_code":"CE20231007PSE","latest_date":"2025-09-22T00:00:00+00:00","latest_class":1,"pass_count":14,"h":[["2023-10-15T00:00:00+00:00",1,1,null],["2023-11-07T00:00:00+00:00",1,1,0],["2023-11-26T00:00:00+00:00",1,1,0],["2024-01-06T00:00:00+00:00",1,1,0],["2024-02-29T00:00:00+00:00",1,1,0],["2024-04-01T00:00:00+00:00",1,1,0],["2024-05-03T00:00:00+00:00",1,1,0],["2024-07-06T00:00:00+00:00",1,1,0],["2024-09-06T00:00:00+00:00",1,1,0],["2024-12-01T00:00:00+00:00",1,1,0],["2025-02-25T00:00:00+00:00",1,1,0],["2025-04-04T00:00:00+00:00",1,1,0],["2025-07-08T00:00:00+00:00",1,1,0],["2025-09-22T00:00:00+00:00",1,1,0]]},"geometry":{"type":"Point","coordinates":[34.475393,31.487793]}},{"type":"Feature","properties":{"site_id":26,"event_code":"CE20231007PSE","latest_date":"2025-09-22T00:00:00+00:00","latest_class":1,"pass_count":14,"h":[["2023-10-15T00:00:00+00:00",1,1,null],["2023-11-07T00:00:00+00:00",1,1,0],["2023-11-26T00:00:00+00:00",1,1,0],["2024-01-06T00:00:00+00:00",1,1,0],["2024-02-29T00:00:00+00:00",1,1,0],["2024-04-01T00:00:00+00:00",1,1,0],["2024-05-03T00:00:00+00:00",1,1,0],["2024-07-06T00:00:00+00:00",1,1,0],["2024-09-06T00:00:00+00:00",1,1,0],["2024-12-01T00:00:00+00:00",1,1,0],["2025-02-25T00:00:00+00:00",1,1,0],["2025-04-04T00:00:00+00:00",1,1,0],["2025-07-08T00:00:00+00:00",1,1,0],["2025-09-22T00:00:00+00:00",1,1,0]]},"geometry":{"type":"Point","coordinates":[34.475345,31.487942]}},{"type":"Feature","properties":{"site_id":26,"event_code":"CE20231007PSE","latest_date":"2025-09-22T00:00:00+00:00","latest_class":1,"pass_count":14,"h":[["2023-10-15T00:00:00+00:00",1,1,null],["2023-11-07T00:00:00+00:00",1,1,0],["2023-11-26T00:00:00+00:00",1,1,0],["2024-01-06T00:00:00+00:00",1,1,0],["2024-02-29T00:00:00+00:00",1,1,0],["2024-04-01T00:00:00+00:00",1,1,0],["2024-05-03T00:00:00+00:00",1,1,0],["2024-07-06T00:00:00+00:00",1,1,0],["2024-09-06T00:00:00+00:00",1,1,0],["2024-12-01T00:00:00+00:00",1,1,0],["2025-02-25T00:00:00+00:00",1,1,0],["2025-04-04T00:00:00+00:00",1,1,0],["2025-07-08T00:00:00+00:00",1,1,0],["2025-09-22T00:00:00+00:00",1,1,0]]},"geometry":{"type":"Point","coordinates":[34.475224,31.487777]}},{"type":"Feature","properties":{"site_id":26,"event_code":"CE20231007PSE","latest_date":"2025-09-22T00:00:00+00:00","latest_class":1,"pass_count":14,"h":[["2023-10-15T00:00:00+00:00",1,1,null],["2023-11-07T00:00:00+00:00",1,1,0],["2023-11-26T00:00:00+00:00",1,1,0],["2024-01-06T00:00:00+00:00",1,1,0],["2024-02-29T00:00:00+00:00",1,1,0],["2024-04-01T00:00:00+00:00",1,1,0],["2024-05-03T00:00:00+00:00",1,1,0],["2024-07-06T00:00:00+00:00",1,1,0],["2024-09-06T00:00:00+00:00",1,1,0],["2024-12-01T00:00:00+00:00",1,1,0],["2025-02-25T00:00:00+00:00",1,1,0],["2025-04-04T00:00:00+00:00",1,1,0],["2025-07-08T00:00:00+00:00",1,1,0],["2025-09-22T00:00:00+00:00",1,1,0]]},"geometry":{"type":"Point","coordinates":[34.475114,31.487849]}},{"type":"Feature","properties":{"site_id":26,"event_code":"CE20231007PSE","latest_date":"2025-09-22T00:00:00+00:00","latest_class":1,"pass_count":14,"h":[["2023-10-15T00:00:00+00:00",1,1,null],["2023-11-07T00:00:00+00:00",1,1,0],["2023-11-26T00:00:00+00:00",1,1,0],["2024-01-06T00:00:00+00:00",1,1,0],["2024-02-29T00:00:00+00:00",1,1,0],["2024-04-01T00:00:00+00:00",1,1,0],["2024-05-03T00:00:00+00:00",1,1,0],["2024-07-06T00:00:00+00:00",1,1,0],["2024-09-06T00:00:00+00:00",1,1,0],["2024-12-01T00:00:00+00:00",1,1,0],["2025-02-25T00:00:00+00:00",1,1,0],["2025-04-04T00:00:00+00:00",1,1,0],["2025-07-08T00:00:00+00:00",1,1,0],["2025-09-22T00:00:00+00:00",1,1,0]]},"geometry":{"type":"Point","coordinates":[34.475834,31.487907]}},{"type":"Feature","properties":{"site_id":26,"event_code":"CE20231007PSE","latest_date":"2025-09-22T00:00:00+00:00","latest_class":1,"pass_count":14,"h":[["2023-10-15T00:00:00+00:00",1,1,null],["2023-11-07T00:00:00+00:00",1,1,0],["2023-11-26T00:00:00+00:00",1,1,0],["2024-01-06T00:00:00+00:00",1,1,0],["2024-02-29T00:00:00+00:00",1,1,0],["2024-04-01T00:00:00+00:00",1,1,0],["2024-05-03T00:00:00+00:00",1,1,0],["2024-07-06T00:00:00+00:00",1,1,0],["2024-09-06T00:00:00+00:00",1,1,0],["2024-12-01T00:00:00+00:00",1,1,0],["2025-02-25T00:00:00+00:00",1,1,0],["2025-04-04T00:00:00+00:00",1,1,0],["2025-07-08T00:00:00+00:00",1,1,0],["2025-09-22T00:00:00+00:00",1,1,0]]},"geometry":{"type":"Point","coordinates":[34.476011,31.487991]}},{"type":"Feature","properties":{"site_id":26,"event_code":"CE20231007PSE","latest_date":"2025-09-22T00:00:00+00:00","latest_class":1,"pass_count":14,"h":[["2023-10-15T00:00:00+00:00",1,1,null],["2023-11-07T00:00:00+00:00",1,1,0],["2023-11-26T00:00:00+00:00",1,1,0],["2024-01-06T00:00:00+00:00",1,1,0],["2024-02-29T00:00:00+00:00",1,1,0],["2024-04-01T00:00:00+00:00",1,1,0],["2024-05-03T00:00:00+00:00",1,1,0],["2024-07-06T00:00:00+00:00",1,1,0],["2024-09-06T00:00:00+00:00",1,1,0],["2024-12-01T00:00:00+00:00",1,1,0],["2025-02-25T00:00:00+00:00",1,1,0],["2025-04-04T00:00:00+00:00",1,1,0],["2025-07-08T00:00:00+00:00",1,1,0],["2025-09-22T00:00:00+00:00",1,1,0]]},"geometry":{"type":"Point","coordinates":[34.477432,31.488684]}},{"type":"Feature","properties":{"site_id":26,"event_code":"CE20231007PSE","latest_date":"2025-09-22T00:00:00+00:00","latest_class":1,"pass_count":14,"h":[["2023-10-15T00:00:00+00:00",1,1,null],["2023-11-07T00:00:00+00:00",1,1,0],["2023-11-26T00:00:00+00:00",1,1,0],["2024-01-06T00:00:00+00:00",1,1,0],["2024-02-29T00:00:00+00:00",1,1,0],["2024-04-01T00:00:00+00:00",1,1,0],["2024-05-03T00:00:00+00:00",1,1,0],["2024-07-06T00:00:00+00:00",1,1,0],["2024-09-06T00:00:00+00:00",1,1,0],["2024-12-01T00:00:00+00:00",1,1,0],["2025-02-25T00:00:00+00:00",1,1,0],["2025-04-04T00:00:00+00:00",1,1,0],["2025-07-08T00:00:00+00:00",1,1,0],["2025-09-22T00:00:00+00:00",1,1,0]]},"geometry":{"type":"Point","coordinates":[34.477341,31.488739]}},{"type":"Feature","properties":{"site_id":26,"event_code":"CE20231007PSE","latest_date":"2025-09-22T00:00:00+00:00","latest_class":1,"pass_count":14,"h":[["2023-10-15T00:00:00+00:00",1,1,null],["2023-11-07T00:00:00+00:00",1,1,0],["2023-11-26T00:00:00+00:00",1,1,0],["2024-01-06T00:00:00+00:00",1,1,0],["2024-02-29T00:00:00+00:00",1,1,0],["2024-04-01T00:00:00+00:00",1,1,0],["2024-05-03T00:00:00+00:00",1,1,0],["2024-07-06T00:00:00+00:00",1,1,0],["2024-09-06T00:00:00+00:00",1,1,0],["2024-12-01T00:00:00+00:00",1,1,0],["2025-02-25T00:00:00+00:00",1,1,0],["2025-04-04T00:00:00+00:00",1,1,0],["2025-07-08T00:00:00+00:00",1,1,0],["2025-09-22T00:00:00+00:00",1,1,0]]},"geometry":{"type":"Point","coordinates":[34.477313,31.488846]}},{"type":"Feature","properties":{"site_id":26,"event_code":"CE20231007PSE","latest_date":"2025-09-22T00:00:00+00:00","latest_class":1,"pass_count":14,"h":[["2023-10-15T00:00:00+00:00",1,1,null],["2023-11-07T00:00:00+00:00",1,1,0],["2023-11-26T00:00:00+00:00",1,1,0],["2024-01-06T00:00:00+00:00",1,1,0],["2024-02-29T00:00:00+00:00",1,1,0],["2024-04-01T00:00:00+00:00",1,1,0],["2024-05-03T00:00:00+00:00",1,1,0],["2024-07-06T00:00:00+00:00",1,1,0],["2024-09-06T00:00:00+00:00",1,1,0],["2024-12-01T00:00:00+00:00",1,1,0],["2025-02-25T00:00:00+00:00",1,1,0],["2025-04-04T00:00:00+00:00",1,1,0],["2025-07-08T00:00:00+00:00",1,1,0],["2025-09-22T00:00:00+00:00",1,1,0]]},"geometry":{"type":"Point","coordinates":[34.474942,31.487943]}},{"type":"Feature","properties":{"site_id":26,"event_code":"CE20231007PSE","latest_date":"2025-09-22T00:00:00+00:00","latest_class":1,"pass_count":14,"h":[["2023-10-15T00:00:00+00:00",1,1,null],["2023-11-07T00:00:00+00:00",1,1,0],["2023-11-26T00:00:00+00:00",1,1,0],["2024-01-06T00:00:00+00:00",1,1,0],["2024-02-29T00:00:00+00:00",1,1,0],["2024-04-01T00:00:00+00:00",1,1,0],["2024-05-03T00:00:00+00:00",1,1,0],["2024-07-06T00:00:00+00:00",1,1,0],["2024-09-06T00:00:00+00:00",1,1,0],["2024-12-01T00:00:00+00:00",1,1,0],["2025-02-25T00:00:00+00:00",1,1,0],["2025-04-04T00:00:00+00:00",1,1,0],["2025-07-08T00:00:00+00:00",1,1,0],["2025-09-22T00:00:00+00:00",1,1,0]]},"geometry":{"type":"Point","coordinates":[34.475179,31.488189]}},{"type":"Feature","properties":{"site_id":26,"event_code":"CE20231007PSE","latest_date":"2025-09-22T00:00:00+00:00","latest_class":1,"pass_count":14,"h":[["2023-10-15T00:00:00+00:00",1,1,null],["2023-11-07T00:00:00+00:00",1,1,0],["2023-11-26T00:00:00+00:00",1,1,0],["2024-01-06T00:00:00+00:00",1,1,0],["2024-02-29T00:00:00+00:00",1,1,0],["2024-04-01T00:00:00+00:00",1,1,0],["2024-05-03T00:00:00+00:00",1,1,0],["2024-07-06T00:00:00+00:00",1,1,0],["2024-09-06T00:00:00+00:00",1,1,0],["2024-12-01T00:00:00+00:00",1,1,0],["2025-02-25T00:00:00+00:00",1,1,0],["2025-04-04T00:00:00+00:00",1,1,0],["2025-07-08T00:00:00+00:00",1,1,0],["2025-09-22T00:00:00+00:00",1,1,0]]},"geometry":{"type":"Point","coordinates":[34.474448,31.488258]}},{"type":"Feature","properties":{"site_id":5,"event_code":"CE20231007PSE","latest_date":"2025-09-22T00:00:00+00:00","latest_class":1,"pass_count":14,"h":[["2023-10-15T00:00:00+00:00",1,1,null],["2023-11-07T00:00:00+00:00",1,1,0],["2023-11-26T00:00:00+00:00",1,1,0],["2024-01-06T00:00:00+00:00",1,1,0],["2024-02-29T00:00:00+00:00",1,1,0],["2024-04-01T00:00:00+00:00",1,1,0],["2024-05-03T00:00:00+00:00",1,1,0],["2024-07-06T00:00:00+00:00",1,1,0],["2024-09-06T00:00:00+00:00",1,1,0],["2024-12-01T00:00:00+00:00",1,1,0],["2025-02-25T00:00:00+00:00",1,1,0],["2025-04-04T00:00:00+00:00",1,1,0],["2025-07-08T00:00:00+00:00",1,1,0],["2025-09-22T00:00:00+00:00",1,1,0]]},"geometry":{"type":"Point","coordinates":[34.475323,31.489299]}},{"type":"Feature","properties":{"site_id":5,"event_code":"CE20231007PSE","latest_date":"2025-09-22T00:00:00+00:00","latest_class":1,"pass_count":14,"h":[["2023-10-15T00:00:00+00:00",1,1,null],["2023-11-07T00:00:00+00:00",1,1,0],["2023-11-26T00:00:00+00:00",1,1,0],["2024-01-06T00:00:00+00:00",1,1,0],["2024-02-29T00:00:00+00:00",1,1,0],["2024-04-01T00:00:00+00:00",1,1,0],["2024-05-03T00:00:00+00:00",1,1,0],["2024-07-06T00:00:00+00:00",1,1,0],["2024-09-06T00:00:00+00:00",1,1,0],["2024-12-01T00:00:00+00:00",1,1,0],["2025-02-25T00:00:00+00:00",1,1,0],["2025-04-04T00:00:00+00:00",1,1,0],["2025-07-08T00:00:00+00:00",1,1,0],["2025-09-22T00:00:00+00:00",1,1,0]]},"geometry":{"type":"Point","coordinates":[34.475651,31.489326]}},{"type":"Feature","properties":{"site_id":5,"event_code":"CE20231007PSE","latest_date":"2025-09-22T00:00:00+00:00","latest_class":1,"pass_count":14,"h":[["2023-10-15T00:00:00+00:00",1,1,null],["2023-11-07T00:00:00+00:00",1,1,0],["2023-11-26T00:00:00+00:00",1,1,0],["2024-01-06T00:00:00+00:00",1,1,0],["2024-02-29T00:00:00+00:00",1,1,0],["2024-04-01T00:00:00+00:00",1,1,0],["2024-05-03T00:00:00+00:00",1,1,0],["2024-07-06T00:00:00+00:00",1,1,0],["2024-09-06T00:00:00+00:00",1,1,0],["2024-12-01T00:00:00+00:00",1,1,0],["2025-02-25T00:00:00+00:00",1,1,0],["2025-04-04T00:00:00+00:00",1,1,0],["2025-07-08T00:00:00+00:00",1,1,0],["2025-09-22T00:00:00+00:00",1,1,0]]},"geometry":{"type":"Point","coordinates":[34.475411,31.489069]}},{"type":"Feature","properties":{"site_id":26,"event_code":"CE20231007PSE","latest_date":"2025-09-22T00:00:00+00:00","latest_class":1,"pass_count":14,"h":[["2023-10-15T00:00:00+00:00",2,1,null],["2023-11-07T00:00:00+00:00",2,1,0],["2023-11-26T00:00:00+00:00",2,1,0],["2024-01-06T00:00:00+00:00",1,1,1],["2024-02-29T00:00:00+00:00",1,1,0],["2024-04-01T00:00:00+00:00",1,1,0],["2024-05-03T00:00:00+00:00",1,1,0],["2024-07-06T00:00:00+00:00",1,1,0],["2024-09-06T00:00:00+00:00",1,1,0],["2024-12-01T00:00:00+00:00",1,1,0],["2025-02-25T00:00:00+00:00",1,1,0],["2025-04-04T00:00:00+00:00",1,1,0],["2025-07-08T00:00:00+00:00",1,1,0],["2025-09-22T00:00:00+00:00",1,1,0]]},"geometry":{"type":"Point","coordinates":[34.474579,31.488859]}},{"type":"Feature","properties":{"site_id":26,"event_code":"CE20231007PSE","latest_date":"2025-09-22T00:00:00+00:00","latest_class":1,"pass_count":14,"h":[["2023-10-15T00:00:00+00:00",1,1,null],["2023-11-07T00:00:00+00:00",1,1,0],["2023-11-26T00:00:00+00:00",1,1,0],["2024-01-06T00:00:00+00:00",1,1,0],["2024-02-29T00:00:00+00:00",1,1,0],["2024-04-01T00:00:00+00:00",1,1,0],["2024-05-03T00:00:00+00:00",1,1,0],["2024-07-06T00:00:00+00:00",1,1,0],["2024-09-06T00:00:00+00:00",1,1,0],["2024-12-01T00:00:00+00:00",1,1,0],["2025-02-25T00:00:00+00:00",1,1,0],["2025-04-04T00:00:00+00:00",1,1,0],["2025-07-08T00:00:00+00:00",1,1,0],["2025-09-22T00:00:00+00:00",1,1,0]]},"geometry":{"type":"Point","coordinates":[34.474632,31.488656]}},{"type":"Feature","properties":{"site_id":26,"event_code":"CE20231007PSE","latest_date":"2025-09-22T00:00:00+00:00","latest_class":1,"pass_count":14,"h":[["2023-10-15T00:00:00+00:00",1,1,null],["2023-11-07T00:00:00+00:00",1,1,0],["2023-11-26T00:00:00+00:00",1,1,0],["2024-01-06T00:00:00+00:00",1,1,0],["2024-02-29T00:00:00+00:00",1,1,0],["2024-04-01T00:00:00+00:00",1,1,0],["2024-05-03T00:00:00+00:00",1,1,0],["2024-07-06T00:00:00+00:00",1,1,0],["2024-09-06T00:00:00+00:00",1,1,0],["2024-12-01T00:00:00+00:00",1,1,0],["2025-02-25T00:00:00+00:00",1,1,0],["2025-04-04T00:00:00+00:00",1,1,0],["2025-07-08T00:00:00+00:00",1,1,0],["2025-09-22T00:00:00+00:00",1,1,0]]},"geometry":{"type":"Point","coordinates":[34.474779,31.488418]}},{"type":"Feature","properties":{"site_id":26,"event_code":"CE20231007PSE","latest_date":"2025-09-22T00:00:00+00:00","latest_class":1,"pass_count":14,"h":[["2023-10-15T00:00:00+00:00",2,1,null],["2023-11-07T00:00:00+00:00",2,1,0],["2023-11-26T00:00:00+00:00",2,1,0],["2024-01-06T00:00:00+00:00",1,1,1],["2024-02-29T00:00:00+00:00",1,1,0],["2024-04-01T00:00:00+00:00",1,1,0],["2024-05-03T00:00:00+00:00",1,1,0],["2024-07-06T00:00:00+00:00",1,1,0],["2024-09-06T00:00:00+00:00",1,1,0],["2024-12-01T00:00:00+00:00",1,1,0],["2025-02-25T00:00:00+00:00",1,1,0],["2025-04-04T00:00:00+00:00",1,1,0],["2025-07-08T00:00:00+00:00",1,1,0],["2025-09-22T00:00:00+00:00",1,1,0]]},"geometry":{"type":"Point","coordinates":[34.475809,31.488114]}},{"type":"Feature","properties":{"site_id":26,"event_code":"CE20231007PSE","latest_date":"2025-09-22T00:00:00+00:00","latest_class":1,"pass_count":14,"h":[["2023-10-15T00:00:00+00:00",2,1,null],["2023-11-07T00:00:00+00:00",2,1,0],["2023-11-26T00:00:00+00:00",2,1,0],["2024-01-06T00:00:00+00:00",1,1,1],["2024-02-29T00:00:00+00:00",1,1,0],["2024-04-01T00:00:00+00:00",1,1,0],["2024-05-03T00:00:00+00:00",1,1,0],["2024-07-06T00:00:00+00:00",1,1,0],["2024-09-06T00:00:00+00:00",1,1,0],["2024-12-01T00:00:00+00:00",1,1,0],["2025-02-25T00:00:00+00:00",1,1,0],["2025-04-04T00:00:00+00:00",1,1,0],["2025-07-08T00:00:00+00:00",1,1,0],["2025-09-22T00:00:00+00:00",1,1,0]]},"geometry":{"type":"Point","coordinates":[34.474315,31.48783]}},{"type":"Feature","properties":{"site_id":26,"event_code":"CE20231007PSE","latest_date":"2025-09-22T00:00:00+00:00","latest_class":1,"pass_count":14,"h":[["2023-10-15T00:00:00+00:00",2,1,null],["2023-11-07T00:00:00+00:00",2,1,0],["2023-11-26T00:00:00+00:00",2,1,0],["2024-01-06T00:00:00+00:00",1,1,1],["2024-02-29T00:00:00+00:00",1,1,0],["2024-04-01T00:00:00+00:00",1,1,0],["2024-05-03T00:00:00+00:00",1,1,0],["2024-07-06T00:00:00+00:00",1,1,0],["2024-09-06T00:00:00+00:00",1,1,0],["2024-12-01T00:00:00+00:00",1,1,0],["2025-02-25T00:00:00+00:00",1,1,0],["2025-04-04T00:00:00+00:00",1,1,0],["2025-07-08T00:00:00+00:00",1,1,0],["2025-09-22T00:00:00+00:00",1,1,0]]},"geometry":{"type":"Point","coordinates":[34.474701,31.485854]}},{"type":"Feature","properties":{"site_id":26,"event_code":"CE20231007PSE","latest_date":"2025-09-22T00:00:00+00:00","latest_class":1,"pass_count":14,"h":[["2023-10-15T00:00:00+00:00",1,1,null],["2023-11-07T00:00:00+00:00",1,1,0],["2023-11-26T00:00:00+00:00",1,1,0],["2024-01-06T00:00:00+00:00",1,1,0],["2024-02-29T00:00:00+00:00",1,1,0],["2024-04-01T00:00:00+00:00",1,1,0],["2024-05-03T00:00:00+00:00",1,1,0],["2024-07-06T00:00:00+00:00",1,1,0],["2024-09-06T00:00:00+00:00",1,1,0],["2024-12-01T00:00:00+00:00",1,1,0],["2025-02-25T00:00:00+00:00",1,1,0],["2025-04-04T00:00:00+00:00",1,1,0],["2025-07-08T00:00:00+00:00",1,1,0],["2025-09-22T00:00:00+00:00",1,1,0]]},"geometry":{"type":"Point","coordinates":[34.476,31.486726]}},{"type":"Feature","properties":{"site_id":26,"event_code":"CE20231007PSE","latest_date":"2025-09-22T00:00:00+00:00","latest_class":1,"pass_count":14,"h":[["2023-10-15T00:00:00+00:00",1,1,null],["2023-11-07T00:00:00+00:00",1,1,0],["2023-11-26T00:00:00+00:00",1,1,0],["2024-01-06T00:00:00+00:00",1,1,0],["2024-02-29T00:00:00+00:00",1,1,0],["2024-04-01T00:00:00+00:00",1,1,0],["2024-05-03T00:00:00+00:00",1,1,0],["2024-07-06T00:00:00+00:00",1,1,0],["2024-09-06T00:00:00+00:00",1,1,0],["2024-12-01T00:00:00+00:00",1,1,0],["2025-02-25T00:00:00+00:00",1,1,0],["2025-04-04T00:00:00+00:00",1,1,0],["2025-07-08T00:00:00+00:00",1,1,0],["2025-09-22T00:00:00+00:00",1,1,0]]},"geometry":{"type":"Point","coordinates":[34.474576,31.484971]}},{"type":"Feature","properties":{"site_id":26,"event_code":"CE20231007PSE","latest_date":"2025-09-22T00:00:00+00:00","latest_class":1,"pass_count":14,"h":[["2023-10-15T00:00:00+00:00",2,1,null],["2023-11-07T00:00:00+00:00",2,1,0],["2023-11-26T00:00:00+00:00",2,1,0],["2024-01-06T00:00:00+00:00",1,1,1],["2024-02-29T00:00:00+00:00",1,1,0],["2024-04-01T00:00:00+00:00",1,1,0],["2024-05-03T00:00:00+00:00",1,1,0],["2024-07-06T00:00:00+00:00",1,1,0],["2024-09-06T00:00:00+00:00",1,1,0],["2024-12-01T00:00:00+00:00",1,1,0],["2025-02-25T00:00:00+00:00",1,1,0],["2025-04-04T00:00:00+00:00",1,1,0],["2025-07-08T00:00:00+00:00",1,1,0],["2025-09-22T00:00:00+00:00",1,1,0]]},"geometry":{"type":"Point","coordinates":[34.477238,31.488954]}},{"type":"Feature","properties":{"site_id":26,"event_code":"CE20231007PSE","latest_date":"2025-09-22T00:00:00+00:00","latest_class":1,"pass_count":14,"h":[["2023-10-15T00:00:00+00:00",1,1,null],["2023-11-07T00:00:00+00:00",1,1,0],["2023-11-26T00:00:00+00:00",1,1,0],["2024-01-06T00:00:00+00:00",1,1,0],["2024-02-29T00:00:00+00:00",1,1,0],["2024-04-01T00:00:00+00:00",1,1,0],["2024-05-03T00:00:00+00:00",1,1,0],["2024-07-06T00:00:00+00:00",1,1,0],["2024-09-06T00:00:00+00:00",1,1,0],["2024-12-01T00:00:00+00:00",1,1,0],["2025-02-25T00:00:00+00:00",1,1,0],["2025-04-04T00:00:00+00:00",1,1,0],["2025-07-08T00:00:00+00:00",1,1,0],["2025-09-22T00:00:00+00:00",1,1,0]]},"geometry":{"type":"Point","coordinates":[34.47689,31.489474]}},{"type":"Feature","properties":{"site_id":26,"event_code":"CE20231007PSE","latest_date":"2025-09-22T00:00:00+00:00","latest_class":1,"pass_count":14,"h":[["2023-10-15T00:00:00+00:00",3,2,null],["2023-11-07T00:00:00+00:00",3,2,0],["2023-11-26T00:00:00+00:00",3,2,0],["2024-01-06T00:00:00+00:00",3,2,0],["2024-02-29T00:00:00+00:00",3,2,0],["2024-04-01T00:00:00+00:00",3,2,0],["2024-05-03T00:00:00+00:00",3,2,0],["2024-07-06T00:00:00+00:00",1,1,1],["2024-09-06T00:00:00+00:00",1,1,0],["2024-12-01T00:00:00+00:00",1,1,0],["2025-02-25T00:00:00+00:00",1,1,0],["2025-04-04T00:00:00+00:00",1,1,0],["2025-07-08T00:00:00+00:00",1,1,0],["2025-09-22T00:00:00+00:00",1,1,0]]},"geometry":{"type":"Point","coordinates":[34.474835,31.485163]}},{"type":"Feature","properties":{"site_id":26,"event_code":"CE20231007PSE","latest_date":"2025-09-22T00:00:00+00:00","latest_class":1,"pass_count":14,"h":[["2023-10-15T00:00:00+00:00",1,1,null],["2023-11-07T00:00:00+00:00",1,1,0],["2023-11-26T00:00:00+00:00",1,1,0],["2024-01-06T00:00:00+00:00",1,1,0],["2024-02-29T00:00:00+00:00",1,1,0],["2024-04-01T00:00:00+00:00",1,1,0],["2024-05-03T00:00:00+00:00",1,1,0],["2024-07-06T00:00:00+00:00",1,1,0],["2024-09-06T00:00:00+00:00",1,1,0],["2024-12-01T00:00:00+00:00",1,1,0],["2025-02-25T00:00:00+00:00",1,1,0],["2025-04-04T00:00:00+00:00",1,1,0],["2025-07-08T00:00:00+00:00",1,1,0],["2025-09-22T00:00:00+00:00",1,1,0]]},"geometry":{"type":"Point","coordinates":[34.477963,31.489481]}},{"type":"Feature","properties":{"site_id":26,"event_code":"CE20231007PSE","latest_date":"2025-09-22T00:00:00+00:00","latest_class":1,"pass_count":14,"h":[["2023-10-15T00:00:00+00:00",2,1,null],["2023-11-07T00:00:00+00:00",2,1,0],["2023-11-26T00:00:00+00:00",2,1,0],["2024-01-06T00:00:00+00:00",1,1,1],["2024-02-29T00:00:00+00:00",1,1,0],["2024-04-01T00:00:00+00:00",1,1,0],["2024-05-03T00:00:00+00:00",1,1,0],["2024-07-06T00:00:00+00:00",1,1,0],["2024-09-06T00:00:00+00:00",1,1,0],["2024-12-01T00:00:00+00:00",1,1,0],["2025-02-25T00:00:00+00:00",1,1,0],["2025-04-04T00:00:00+00:00",1,1,0],["2025-07-08T00:00:00+00:00",1,1,0],["2025-09-22T00:00:00+00:00",1,1,0]]},"geometry":{"type":"Point","coordinates":[34.478212,31.489605]}},{"type":"Feature","properties":{"site_id":26,"event_code":"CE20231007PSE","latest_date":"2025-09-22T00:00:00+00:00","latest_class":1,"pass_count":14,"h":[["2023-10-15T00:00:00+00:00",2,1,null],["2023-11-07T00:00:00+00:00",2,1,0],["2023-11-26T00:00:00+00:00",2,1,0],["2024-01-06T00:00:00+00:00",1,1,1],["2024-02-29T00:00:00+00:00",1,1,0],["2024-04-01T00:00:00+00:00",1,1,0],["2024-05-03T00:00:00+00:00",1,1,0],["2024-07-06T00:00:00+00:00",1,1,0],["2024-09-06T00:00:00+00:00",1,1,0],["2024-12-01T00:00:00+00:00",1,1,0],["2025-02-25T00:00:00+00:00",1,1,0],["2025-04-04T00:00:00+00:00",1,1,0],["2025-07-08T00:00:00+00:00",1,1,0],["2025-09-22T00:00:00+00:00",1,1,0]]},"geometry":{"type":"Point","coordinates":[34.478085,31.489646]}},{"type":"Feature","properties":{"site_id":26,"event_code":"CE20231007PSE","latest_date":"2025-09-22T00:00:00+00:00","latest_class":1,"pass_count":14,"h":[["2023-10-15T00:00:00+00:00",2,1,null],["2023-11-07T00:00:00+00:00",2,1,0],["2023-11-26T00:00:00+00:00",2,1,0],["2024-01-06T00:00:00+00:00",1,1,1],["2024-02-29T00:00:00+00:00",1,1,0],["2024-04-01T00:00:00+00:00",1,1,0],["2024-05-03T00:00:00+00:00",1,1,0],["2024-07-06T00:00:00+00:00",1,1,0],["2024-09-06T00:00:00+00:00",1,1,0],["2024-12-01T00:00:00+00:00",1,1,0],["2025-02-25T00:00:00+00:00",1,1,0],["2025-04-04T00:00:00+00:00",1,1,0],["2025-07-08T00:00:00+00:00",1,1,0],["2025-09-22T00:00:00+00:00",1,1,0]]},"geometry":{"type":"Point","coordinates":[34.478737,31.48962]}},{"type":"Feature","properties":{"site_id":26,"event_code":"CE20231007PSE","latest_date":"2025-09-22T00:00:00+00:00","latest_class":1,"pass_count":14,"h":[["2023-10-15T00:00:00+00:00",1,1,null],["2023-11-07T00:00:00+00:00",1,1,0],["2023-11-26T00:00:00+00:00",1,1,0],["2024-01-06T00:00:00+00:00",1,1,0],["2024-02-29T00:00:00+00:00",1,1,0],["2024-04-01T00:00:00+00:00",1,1,0],["2024-05-03T00:00:00+00:00",1,1,0],["2024-07-06T00:00:00+00:00",1,1,0],["2024-09-06T00:00:00+00:00",1,1,0],["2024-12-01T00:00:00+00:00",1,1,0],["2025-02-25T00:00:00+00:00",1,1,0],["2025-04-04T00:00:00+00:00",1,1,0],["2025-07-08T00:00:00+00:00",1,1,0],["2025-09-22T00:00:00+00:00",1,1,0]]},"geometry":{"type":"Point","coordinates":[34.478259,31.488916]}},{"type":"Feature","properties":{"site_id":26,"event_code":"CE20231007PSE","latest_date":"2025-09-22T00:00:00+00:00","latest_class":1,"pass_count":14,"h":[["2023-10-15T00:00:00+00:00",1,1,null],["2023-11-07T00:00:00+00:00",1,1,0],["2023-11-26T00:00:00+00:00",1,1,0],["2024-01-06T00:00:00+00:00",1,1,0],["2024-02-29T00:00:00+00:00",1,1,0],["2024-04-01T00:00:00+00:00",1,1,0],["2024-05-03T00:00:00+00:00",1,1,0],["2024-07-06T00:00:00+00:00",1,1,0],["2024-09-06T00:00:00+00:00",1,1,0],["2024-12-01T00:00:00+00:00",1,1,0],["2025-02-25T00:00:00+00:00",1,1,0],["2025-04-04T00:00:00+00:00",1,1,0],["2025-07-08T00:00:00+00:00",1,1,0],["2025-09-22T00:00:00+00:00",1,1,0]]},"geometry":{"type":"Point","coordinates":[34.478072,31.489061]}},{"type":"Feature","properties":{"site_id":26,"event_code":"CE20231007PSE","latest_date":"2025-09-22T00:00:00+00:00","latest_class":1,"pass_count":14,"h":[["2023-10-15T00:00:00+00:00",2,1,null],["2023-11-07T00:00:00+00:00",2,1,0],["2023-11-26T00:00:00+00:00",2,1,0],["2024-01-06T00:00:00+00:00",1,1,1],["2024-02-29T00:00:00+00:00",1,1,0],["2024-04-01T00:00:00+00:00",1,1,0],["2024-05-03T00:00:00+00:00",1,1,0],["2024-07-06T00:00:00+00:00",1,1,0],["2024-09-06T00:00:00+00:00",1,1,0],["2024-12-01T00:00:00+00:00",1,1,0],["2025-02-25T00:00:00+00:00",1,1,0],["2025-04-04T00:00:00+00:00",1,1,0],["2025-07-08T00:00:00+00:00",1,1,0],["2025-09-22T00:00:00+00:00",1,1,0]]},"geometry":{"type":"Point","coordinates":[34.477873,31.489277]}},{"type":"Feature","properties":{"site_id":26,"event_code":"CE20231007PSE","latest_date":"2025-09-22T00:00:00+00:00","latest_class":1,"pass_count":14,"h":[["2023-10-15T00:00:00+00:00",3,2,null],["2023-11-07T00:00:00+00:00",3,2,0],["2023-11-26T00:00:00+00:00",3,2,0],["2024-01-06T00:00:00+00:00",1,1,1],["2024-02-29T00:00:00+00:00",1,1,0],["2024-04-01T00:00:00+00:00",1,1,0],["2024-05-03T00:00:00+00:00",1,1,0],["2024-07-06T00:00:00+00:00",1,1,0],["2024-09-06T00:00:00+00:00",1,1,0],["2024-12-01T00:00:00+00:00",1,1,0],["2025-02-25T00:00:00+00:00",1,1,0],["2025-04-04T00:00:00+00:00",1,1,0],["2025-07-08T00:00:00+00:00",1,1,0],["2025-09-22T00:00:00+00:00",1,1,0]]},"geometry":{"type":"Point","coordinates":[34.477935,31.488922]}},{"type":"Feature","properties":{"site_id":26,"event_code":"CE20231007PSE","latest_date":"2025-09-22T00:00:00+00:00","latest_class":1,"pass_count":14,"h":[["2023-10-15T00:00:00+00:00",2,1,null],["2023-11-07T00:00:00+00:00",2,1,0],["2023-11-26T00:00:00+00:00",2,1,0],["2024-01-06T00:00:00+00:00",1,1,1],["2024-02-29T00:00:00+00:00",1,1,0],["2024-04-01T00:00:00+00:00",1,1,0],["2024-05-03T00:00:00+00:00",1,1,0],["2024-07-06T00:00:00+00:00",1,1,0],["2024-09-06T00:00:00+00:00",1,1,0],["2024-12-01T00:00:00+00:00",1,1,0],["2025-02-25T00:00:00+00:00",1,1,0],["2025-04-04T00:00:00+00:00",1,1,0],["2025-07-08T00:00:00+00:00",1,1,0],["2025-09-22T00:00:00+00:00",1,1,0]]},"geometry":{"type":"Point","coordinates":[34.478578,31.489228]}},{"type":"Feature","properties":{"site_id":26,"event_code":"CE20231007PSE","latest_date":"2025-09-22T00:00:00+00:00","latest_class":1,"pass_count":14,"h":[["2023-10-15T00:00:00+00:00",2,1,null],["2023-11-07T00:00:00+00:00",2,1,0],["2023-11-26T00:00:00+00:00",2,1,0],["2024-01-06T00:00:00+00:00",1,1,1],["2024-02-29T00:00:00+00:00",1,1,0],["2024-04-01T00:00:00+00:00",1,1,0],["2024-05-03T00:00:00+00:00",1,1,0],["2024-07-06T00:00:00+00:00",1,1,0],["2024-09-06T00:00:00+00:00",1,1,0],["2024-12-01T00:00:00+00:00",1,1,0],["2025-02-25T00:00:00+00:00",1,1,0],["2025-04-04T00:00:00+00:00",1,1,0],["2025-07-08T00:00:00+00:00",1,1,0],["2025-09-22T00:00:00+00:00",1,1,0]]},"geometry":{"type":"Point","coordinates":[34.477969,31.488662]}},{"type":"Feature","properties":{"site_id":26,"event_code":"CE20231007PSE","latest_date":"2025-09-22T00:00:00+00:00","latest_class":1,"pass_count":14,"h":[["2023-10-15T00:00:00+00:00",2,1,null],["2023-11-07T00:00:00+00:00",2,1,0],["2023-11-26T00:00:00+00:00",2,1,0],["2024-01-06T00:00:00+00:00",1,1,1],["2024-02-29T00:00:00+00:00",1,1,0],["2024-04-01T00:00:00+00:00",1,1,0],["2024-05-03T00:00:00+00:00",1,1,0],["2024-07-06T00:00:00+00:00",1,1,0],["2024-09-06T00:00:00+00:00",1,1,0],["2024-12-01T00:00:00+00:00",1,1,0],["2025-02-25T00:00:00+00:00",1,1,0],["2025-04-04T00:00:00+00:00",1,1,0],["2025-07-08T00:00:00+00:00",1,1,0],["2025-09-22T00:00:00+00:00",1,1,0]]},"geometry":{"type":"Point","coordinates":[34.479066,31.489656]}},{"type":"Feature","properties":{"site_id":26,"event_code":"CE20231007PSE","latest_date":"2025-09-22T00:00:00+00:00","latest_class":1,"pass_count":14,"h":[["2023-10-15T00:00:00+00:00",2,1,null],["2023-11-07T00:00:00+00:00",2,1,0],["2023-11-26T00:00:00+00:00",2,1,0],["2024-01-06T00:00:00+00:00",1,1,1],["2024-02-29T00:00:00+00:00",1,1,0],["2024-04-01T00:00:00+00:00",1,1,0],["2024-05-03T00:00:00+00:00",1,1,0],["2024-07-06T00:00:00+00:00",1,1,0],["2024-09-06T00:00:00+00:00",1,1,0],["2024-12-01T00:00:00+00:00",1,1,0],["2025-02-25T00:00:00+00:00",1,1,0],["2025-04-04T00:00:00+00:00",1,1,0],["2025-07-08T00:00:00+00:00",1,1,0],["2025-09-22T00:00:00+00:00",1,1,0]]},"geometry":{"type":"Point","coordinates":[34.477551,31.48955]}},{"type":"Feature","properties":{"site_id":26,"event_code":"CE20231007PSE","latest_date":"2025-09-22T00:00:00+00:00","latest_class":1,"pass_count":14,"h":[["2023-10-15T00:00:00+00:00",2,1,null],["2023-11-07T00:00:00+00:00",2,1,0],["2023-11-26T00:00:00+00:00",2,1,0],["2024-01-06T00:00:00+00:00",1,1,1],["2024-02-29T00:00:00+00:00",1,1,0],["2024-04-01T00:00:00+00:00",1,1,0],["2024-05-03T00:00:00+00:00",1,1,0],["2024-07-06T00:00:00+00:00",1,1,0],["2024-09-06T00:00:00+00:00",1,1,0],["2024-12-01T00:00:00+00:00",1,1,0],["2025-02-25T00:00:00+00:00",1,1,0],["2025-04-04T00:00:00+00:00",1,1,0],["2025-07-08T00:00:00+00:00",1,1,0],["2025-09-22T00:00:00+00:00",1,1,0]]},"geometry":{"type":"Point","coordinates":[34.477238,31.489605]}},{"type":"Feature","properties":{"site_id":26,"event_code":"CE20231007PSE","latest_date":"2025-09-22T00:00:00+00:00","latest_class":1,"pass_count":14,"h":[["2023-10-15T00:00:00+00:00",1,1,null],["2023-11-07T00:00:00+00:00",1,1,0],["2023-11-26T00:00:00+00:00",1,1,0],["2024-01-06T00:00:00+00:00",1,1,0],["2024-02-29T00:00:00+00:00",1,1,0],["2024-04-01T00:00:00+00:00",1,1,0],["2024-05-03T00:00:00+00:00",1,1,0],["2024-07-06T00:00:00+00:00",1,1,0],["2024-09-06T00:00:00+00:00",1,1,0],["2024-12-01T00:00:00+00:00",1,1,0],["2025-02-25T00:00:00+00:00",1,1,0],["2025-04-04T00:00:00+00:00",1,1,0],["2025-07-08T00:00:00+00:00",1,1,0],["2025-09-22T00:00:00+00:00",1,1,0]]},"geometry":{"type":"Point","coordinates":[34.477392,31.489439]}},{"type":"Feature","properties":{"site_id":26,"event_code":"CE20231007PSE","latest_date":"2025-09-22T00:00:00+00:00","latest_class":1,"pass_count":14,"h":[["2023-10-15T00:00:00+00:00",1,1,null],["2023-11-07T00:00:00+00:00",1,1,0],["2023-11-26T00:00:00+00:00",1,1,0],["2024-01-06T00:00:00+00:00",1,1,0],["2024-02-29T00:00:00+00:00",1,1,0],["2024-04-01T00:00:00+00:00",1,1,0],["2024-05-03T00:00:00+00:00",1,1,0],["2024-07-06T00:00:00+00:00",1,1,0],["2024-09-06T00:00:00+00:00",1,1,0],["2024-12-01T00:00:00+00:00",1,1,0],["2025-02-25T00:00:00+00:00",1,1,0],["2025-04-04T00:00:00+00:00",1,1,0],["2025-07-08T00:00:00+00:00",1,1,0],["2025-09-22T00:00:00+00:00",1,1,0]]},"geometry":{"type":"Point","coordinates":[34.477113,31.489586]}},{"type":"Feature","properties":{"site_id":26,"event_code":"CE20231007PSE","latest_date":"2025-09-22T00:00:00+00:00","latest_class":1,"pass_count":14,"h":[["2023-10-15T00:00:00+00:00",3,2,null],["2023-11-07T00:00:00+00:00",3,2,0],["2023-11-26T00:00:00+00:00",3,2,0],["2024-01-06T00:00:00+00:00",1,1,1],["2024-02-29T00:00:00+00:00",1,1,0],["2024-04-01T00:00:00+00:00",1,1,0],["2024-05-03T00:00:00+00:00",1,1,0],["2024-07-06T00:00:00+00:00",1,1,0],["2024-09-06T00:00:00+00:00",1,1,0],["2024-12-01T00:00:00+00:00",1,1,0],["2025-02-25T00:00:00+00:00",1,1,0],["2025-04-04T00:00:00+00:00",1,1,0],["2025-07-08T00:00:00+00:00",1,1,0],["2025-09-22T00:00:00+00:00",1,1,0]]},"geometry":{"type":"Point","coordinates":[34.476868,31.48935]}},{"type":"Feature","properties":{"site_id":26,"event_code":"CE20231007PSE","latest_date":"2025-09-22T00:00:00+00:00","latest_class":1,"pass_count":14,"h":[["2023-10-15T00:00:00+00:00",3,2,null],["2023-11-07T00:00:00+00:00",3,2,0],["2023-11-26T00:00:00+00:00",3,2,0],["2024-01-06T00:00:00+00:00",1,1,1],["2024-02-29T00:00:00+00:00",1,1,0],["2024-04-01T00:00:00+00:00",1,1,0],["2024-05-03T00:00:00+00:00",1,1,0],["2024-07-06T00:00:00+00:00",1,1,0],["2024-09-06T00:00:00+00:00",1,1,0],["2024-12-01T00:00:00+00:00",1,1,0],["2025-02-25T00:00:00+00:00",1,1,0],["2025-04-04T00:00:00+00:00",1,1,0],["2025-07-08T00:00:00+00:00",1,1,0],["2025-09-22T00:00:00+00:00",1,1,0]]},"geometry":{"type":"Point","coordinates":[34.476809,31.489546]}},{"type":"Feature","properties":{"site_id":26,"event_code":"CE20231007PSE","latest_date":"2025-09-22T00:00:00+00:00","latest_class":1,"pass_count":14,"h":[["2023-10-15T00:00:00+00:00",3,2,null],["2023-11-07T00:00:00+00:00",3,2,0],["2023-11-26T00:00:00+00:00",3,2,0],["2024-01-06T00:00:00+00:00",1,1,1],["2024-02-29T00:00:00+00:00",1,1,0],["2024-04-01T00:00:00+00:00",1,1,0],["2024-05-03T00:00:00+00:00",1,1,0],["2024-07-06T00:00:00+00:00",1,1,0],["2024-09-06T00:00:00+00:00",1,1,0],["2024-12-01T00:00:00+00:00",1,1,0],["2025-02-25T00:00:00+00:00",1,1,0],["2025-04-04T00:00:00+00:00",1,1,0],["2025-07-08T00:00:00+00:00",1,1,0],["2025-09-22T00:00:00+00:00",1,1,0]]},"geometry":{"type":"Point","coordinates":[34.476535,31.489566]}},{"type":"Feature","properties":{"site_id":26,"event_code":"CE20231007PSE","latest_date":"2025-09-22T00:00:00+00:00","latest_class":1,"pass_count":14,"h":[["2023-10-15T00:00:00+00:00",3,2,null],["2023-11-07T00:00:00+00:00",3,2,0],["2023-11-26T00:00:00+00:00",3,2,0],["2024-01-06T00:00:00+00:00",1,1,1],["2024-02-29T00:00:00+00:00",1,1,0],["2024-04-01T00:00:00+00:00",1,1,0],["2024-05-03T00:00:00+00:00",1,1,0],["2024-07-06T00:00:00+00:00",1,1,0],["2024-09-06T00:00:00+00:00",1,1,0],["2024-12-01T00:00:00+00:00",1,1,0],["2025-02-25T00:00:00+00:00",1,1,0],["2025-04-04T00:00:00+00:00",1,1,0],["2025-07-08T00:00:00+00:00",1,1,0],["2025-09-22T00:00:00+00:00",1,1,0]]},"geometry":{"type":"Point","coordinates":[34.476461,31.489643]}},{"type":"Feature","properties":{"site_id":26,"event_code":"CE20231007PSE","latest_date":"2025-09-22T00:00:00+00:00","latest_class":1,"pass_count":14,"h":[["2023-10-15T00:00:00+00:00",2,1,null],["2023-11-07T00:00:00+00:00",2,1,0],["2023-11-26T00:00:00+00:00",2,1,0],["2024-01-06T00:00:00+00:00",1,1,1],["2024-02-29T00:00:00+00:00",1,1,0],["2024-04-01T00:00:00+00:00",1,1,0],["2024-05-03T00:00:00+00:00",1,1,0],["2024-07-06T00:00:00+00:00",1,1,0],["2024-09-06T00:00:00+00:00",1,1,0],["2024-12-01T00:00:00+00:00",1,1,0],["2025-02-25T00:00:00+00:00",1,1,0],["2025-04-04T00:00:00+00:00",1,1,0],["2025-07-08T00:00:00+00:00",1,1,0],["2025-09-22T00:00:00+00:00",1,1,0]]},"geometry":{"type":"Point","coordinates":[34.477406,31.489184]}},{"type":"Feature","properties":{"site_id":26,"event_code":"CE20231007PSE","latest_date":"2025-09-22T00:00:00+00:00","latest_class":1,"pass_count":14,"h":[["2023-10-15T00:00:00+00:00",2,1,null],["2023-11-07T00:00:00+00:00",2,1,0],["2023-11-26T00:00:00+00:00",2,1,0],["2024-01-06T00:00:00+00:00",1,1,1],["2024-02-29T00:00:00+00:00",1,1,0],["2024-04-01T00:00:00+00:00",1,1,0],["2024-05-03T00:00:00+00:00",1,1,0],["2024-07-06T00:00:00+00:00",1,1,0],["2024-09-06T00:00:00+00:00",1,1,0],["2024-12-01T00:00:00+00:00",1,1,0],["2025-02-25T00:00:00+00:00",1,1,0],["2025-04-04T00:00:00+00:00",1,1,0],["2025-07-08T00:00:00+00:00",1,1,0],["2025-09-22T00:00:00+00:00",1,1,0]]},"geometry":{"type":"Point","coordinates":[34.477415,31.48895]}},{"type":"Feature","properties":{"site_id":26,"event_code":"CE20231007PSE","latest_date":"2025-09-22T00:00:00+00:00","latest_class":1,"pass_count":14,"h":[["2023-10-15T00:00:00+00:00",2,1,null],["2023-11-07T00:00:00+00:00",2,1,0],["2023-11-26T00:00:00+00:00",2,1,0],["2024-01-06T00:00:00+00:00",1,1,1],["2024-02-29T00:00:00+00:00",1,1,0],["2024-04-01T00:00:00+00:00",1,1,0],["2024-05-03T00:00:00+00:00",1,1,0],["2024-07-06T00:00:00+00:00",1,1,0],["2024-09-06T00:00:00+00:00",1,1,0],["2024-12-01T00:00:00+00:00",1,1,0],["2025-02-25T00:00:00+00:00",1,1,0],["2025-04-04T00:00:00+00:00",1,1,0],["2025-07-08T00:00:00+00:00",1,1,0],["2025-09-22T00:00:00+00:00",1,1,0]]},"geometry":{"type":"Point","coordinates":[34.477151,31.489198]}},{"type":"Feature","properties":{"site_id":26,"event_code":"CE20231007PSE","latest_date":"2025-09-22T00:00:00+00:00","latest_class":1,"pass_count":14,"h":[["2023-10-15T00:00:00+00:00",2,1,null],["2023-11-07T00:00:00+00:00",2,1,0],["2023-11-26T00:00:00+00:00",2,1,0],["2024-01-06T00:00:00+00:00",1,1,1],["2024-02-29T00:00:00+00:00",1,1,0],["2024-04-01T00:00:00+00:00",1,1,0],["2024-05-03T00:00:00+00:00",1,1,0],["2024-07-06T00:00:00+00:00",1,1,0],["2024-09-06T00:00:00+00:00",1,1,0],["2024-12-01T00:00:00+00:00",1,1,0],["2025-02-25T00:00:00+00:00",1,1,0],["2025-04-04T00:00:00+00:00",1,1,0],["2025-07-08T00:00:00+00:00",1,1,0],["2025-09-22T00:00:00+00:00",1,1,0]]},"geometry":{"type":"Point","coordinates":[34.477113,31.489047]}},{"type":"Feature","properties":{"site_id":26,"event_code":"CE20231007PSE","latest_date":"2025-09-22T00:00:00+00:00","latest_class":1,"pass_count":14,"h":[["2023-10-15T00:00:00+00:00",1,1,null],["2023-11-07T00:00:00+00:00",1,1,0],["2023-11-26T00:00:00+00:00",1,1,0],["2024-01-06T00:00:00+00:00",1,1,0],["2024-02-29T00:00:00+00:00",1,1,0],["2024-04-01T00:00:00+00:00",1,1,0],["2024-05-03T00:00:00+00:00",1,1,0],["2024-07-06T00:00:00+00:00",1,1,0],["2024-09-06T00:00:00+00:00",1,1,0],["2024-12-01T00:00:00+00:00",1,1,0],["2025-02-25T00:00:00+00:00",1,1,0],["2025-04-04T00:00:00+00:00",1,1,0],["2025-07-08T00:00:00+00:00",1,1,0],["2025-09-22T00:00:00+00:00",1,1,0]]},"geometry":{"type":"Point","coordinates":[34.477256,31.489081]}},{"type":"Feature","properties":{"site_id":26,"event_code":"CE20231007PSE","latest_date":"2025-09-22T00:00:00+00:00","latest_class":1,"pass_count":14,"h":[["2023-10-15T00:00:00+00:00",3,2,null],["2023-11-07T00:00:00+00:00",1,1,1],["2023-11-26T00:00:00+00:00",1,1,0],["2024-01-06T00:00:00+00:00",1,1,0],["2024-02-29T00:00:00+00:00",1,1,0],["2024-04-01T00:00:00+00:00",1,1,0],["2024-05-03T00:00:00+00:00",1,1,0],["2024-07-06T00:00:00+00:00",1,1,0],["2024-09-06T00:00:00+00:00",1,1,0],["2024-12-01T00:00:00+00:00",1,1,0],["2025-02-25T00:00:00+00:00",1,1,0],["2025-04-04T00:00:00+00:00",1,1,0],["2025-07-08T00:00:00+00:00",1,1,0],["2025-09-22T00:00:00+00:00",1,1,0]]},"geometry":{"type":"Point","coordinates":[34.477146,31.488815]}},{"type":"Feature","properties":{"site_id":26,"event_code":"CE20231007PSE","latest_date":"2025-09-22T00:00:00+00:00","latest_class":1,"pass_count":14,"h":[["2023-10-15T00:00:00+00:00",3,2,null],["2023-11-07T00:00:00+00:00",2,1,1],["2023-11-26T00:00:00+00:00",2,1,0],["2024-01-06T00:00:00+00:00",1,1,1],["2024-02-29T00:00:00+00:00",1,1,0],["2024-04-01T00:00:00+00:00",1,1,0],["2024-05-03T00:00:00+00:00",1,1,0],["2024-07-06T00:00:00+00:00",1,1,0],["2024-09-06T00:00:00+00:00",1,1,0],["2024-12-01T00:00:00+00:00",1,1,0],["2025-02-25T00:00:00+00:00",1,1,0],["2025-04-04T00:00:00+00:00",1,1,0],["2025-07-08T00:00:00+00:00",1,1,0],["2025-09-22T00:00:00+00:00",1,1,0]]},"geometry":{"type":"Point","coordinates":[34.476983,31.488943]}},{"type":"Feature","properties":{"site_id":26,"event_code":"CE20231007PSE","latest_date":"2025-09-22T00:00:00+00:00","latest_class":1,"pass_count":14,"h":[["2023-10-15T00:00:00+00:00",3,2,null],["2023-11-07T00:00:00+00:00",3,2,0],["2023-11-26T00:00:00+00:00",3,2,0],["2024-01-06T00:00:00+00:00",1,1,1],["2024-02-29T00:00:00+00:00",1,1,0],["2024-04-01T00:00:00+00:00",1,1,0],["2024-05-03T00:00:00+00:00",1,1,0],["2024-07-06T00:00:00+00:00",1,1,0],["2024-09-06T00:00:00+00:00",1,1,0],["2024-12-01T00:00:00+00:00",1,1,0],["2025-02-25T00:00:00+00:00",1,1,0],["2025-04-04T00:00:00+00:00",1,1,0],["2025-07-08T00:00:00+00:00",1,1,0],["2025-09-22T00:00:00+00:00",1,1,0]]},"geometry":{"type":"Point","coordinates":[34.476973,31.489191]}},{"type":"Feature","properties":{"site_id":26,"event_code":"CE20231007PSE","latest_date":"2025-09-22T00:00:00+00:00","latest_class":1,"pass_count":14,"h":[["2023-10-15T00:00:00+00:00",3,2,null],["2023-11-07T00:00:00+00:00",1,1,1],["2023-11-26T00:00:00+00:00",1,1,0],["2024-01-06T00:00:00+00:00",1,1,0],["2024-02-29T00:00:00+00:00",1,1,0],["2024-04-01T00:00:00+00:00",1,1,0],["2024-05-03T00:00:00+00:00",1,1,0],["2024-07-06T00:00:00+00:00",1,1,0],["2024-09-06T00:00:00+00:00",1,1,0],["2024-12-01T00:00:00+00:00",1,1,0],["2025-02-25T00:00:00+00:00",1,1,0],["2025-04-04T00:00:00+00:00",1,1,0],["2025-07-08T00:00:00+00:00",1,1,0],["2025-09-22T00:00:00+00:00",1,1,0]]},"geometry":{"type":"Point","coordinates":[34.476684,31.488261]}},{"type":"Feature","properties":{"site_id":26,"event_code":"CE20231007PSE","latest_date":"2025-09-22T00:00:00+00:00","latest_class":1,"pass_count":14,"h":[["2023-10-15T00:00:00+00:00",3,2,null],["2023-11-07T00:00:00+00:00",2,1,1],["2023-11-26T00:00:00+00:00",2,1,0],["2024-01-06T00:00:00+00:00",1,1,1],["2024-02-29T00:00:00+00:00",1,1,0],["2024-04-01T00:00:00+00:00",1,1,0],["2024-05-03T00:00:00+00:00",1,1,0],["2024-07-06T00:00:00+00:00",1,1,0],["2024-09-06T00:00:00+00:00",1,1,0],["2024-12-01T00:00:00+00:00",1,1,0],["2025-02-25T00:00:00+00:00",1,1,0],["2025-04-04T00:00:00+00:00",1,1,0],["2025-07-08T00:00:00+00:00",1,1,0],["2025-09-22T00:00:00+00:00",1,1,0]]},"geometry":{"type":"Point","coordinates":[34.47659,31.487842]}},{"type":"Feature","properties":{"site_id":26,"event_code":"CE20231007PSE","latest_date":"2025-09-22T00:00:00+00:00","latest_class":1,"pass_count":14,"h":[["2023-10-15T00:00:00+00:00",3,2,null],["2023-11-07T00:00:00+00:00",3,2,0],["2023-11-26T00:00:00+00:00",3,2,0],["2024-01-06T00:00:00+00:00",1,1,1],["2024-02-29T00:00:00+00:00",1,1,0],["2024-04-01T00:00:00+00:00",1,1,0],["2024-05-03T00:00:00+00:00",1,1,0],["2024-07-06T00:00:00+00:00",1,1,0],["2024-09-06T00:00:00+00:00",1,1,0],["2024-12-01T00:00:00+00:00",1,1,0],["2025-02-25T00:00:00+00:00",1,1,0],["2025-04-04T00:00:00+00:00",1,1,0],["2025-07-08T00:00:00+00:00",1,1,0],["2025-09-22T00:00:00+00:00",1,1,0]]},"geometry":{"type":"Point","coordinates":[34.47446,31.487311]}},{"type":"Feature","properties":{"site_id":26,"event_code":"CE20231007PSE","latest_date":"2025-09-22T00:00:00+00:00","latest_class":1,"pass_count":14,"h":[["2023-10-15T00:00:00+00:00",4,3,null],["2023-11-07T00:00:00+00:00",3,2,1],["2023-11-26T00:00:00+00:00",3,2,0],["2024-01-06T00:00:00+00:00",1,1,1],["2024-02-29T00:00:00+00:00",1,1,0],["2024-04-01T00:00:00+00:00",1,1,0],["2024-05-03T00:00:00+00:00",1,1,0],["2024-07-06T00:00:00+00:00",1,1,0],["2024-09-06T00:00:00+00:00",1,1,0],["2024-12-01T00:00:00+00:00",1,1,0],["2025-02-25T00:00:00+00:00",1,1,0],["2025-04-04T00:00:00+00:00",1,1,0],["2025-07-08T00:00:00+00:00",1,1,0],["2025-09-22T00:00:00+00:00",1,1,0]]},"geometry":{"type":"Point","coordinates":[34.476498,31.489457]}},{"type":"Feature","properties":{"site_id":26,"event_code":"CE20231007PSE","latest_date":"2025-09-22T00:00:00+00:00","latest_class":1,"pass_count":14,"h":[["2023-10-15T00:00:00+00:00",4,3,null],["2023-11-07T00:00:00+00:00",3,2,1],["2023-11-26T00:00:00+00:00",3,2,0],["2024-01-06T00:00:00+00:00",1,1,1],["2024-02-29T00:00:00+00:00",1,1,0],["2024-04-01T00:00:00+00:00",1,1,0],["2024-05-03T00:00:00+00:00",1,1,0],["2024-07-06T00:00:00+00:00",1,1,0],["2024-09-06T00:00:00+00:00",1,1,0],["2024-12-01T00:00:00+00:00",1,1,0],["2025-02-25T00:00:00+00:00",1,1,0],["2025-04-04T00:00:00+00:00",1,1,0],["2025-07-08T00:00:00+00:00",1,1,0],["2025-09-22T00:00:00+00:00",1,1,0]]},"geometry":{"type":"Point","coordinates":[34.474576,31.489001]}},{"type":"Feature","properties":{"site_id":26,"event_code":"CE20231007PSE","latest_date":"2025-09-22T00:00:00+00:00","latest_class":1,"pass_count":14,"h":[["2023-10-15T00:00:00+00:00",4,3,null],["2023-11-07T00:00:00+00:00",4,3,0],["2023-11-26T00:00:00+00:00",4,3,0],["2024-01-06T00:00:00+00:00",1,1,1],["2024-02-29T00:00:00+00:00",1,1,0],["2024-04-01T00:00:00+00:00",1,1,0],["2024-05-03T00:00:00+00:00",1,1,0],["2024-07-06T00:00:00+00:00",1,1,0],["2024-09-06T00:00:00+00:00",1,1,0],["2024-12-01T00:00:00+00:00",1,1,0],["2025-02-25T00:00:00+00:00",1,1,0],["2025-04-04T00:00:00+00:00",1,1,0],["2025-07-08T00:00:00+00:00",1,1,0],["2025-09-22T00:00:00+00:00",1,1,0]]},"geometry":{"type":"Point","coordinates":[34.47438,31.484757]}},{"type":"Feature","properties":{"site_id":26,"event_code":"CE20231007PSE","latest_date":"2025-09-22T00:00:00+00:00","latest_class":1,"pass_count":11,"h":[["2024-01-06T00:00:00+00:00",1,1,3],["2024-02-29T00:00:00+00:00",1,1,0],["2024-04-01T00:00:00+00:00",1,1,0],["2024-05-03T00:00:00+00:00",1,1,0],["2024-07-06T00:00:00+00:00",1,1,0],["2024-09-06T00:00:00+00:00",1,1,0],["2024-12-01T00:00:00+00:00",1,1,0],["2025-02-25T00:00:00+00:00",1,1,0],["2025-04-04T00:00:00+00:00",1,1,0],["2025-07-08T00:00:00+00:00",1,1,0],["2025-09-22T00:00:00+00:00",1,1,0]]},"geometry":{"type":"Point","coordinates":[34.47549,31.486254]}},{"type":"Feature","properties":{"site_id":26,"event_code":"CE20231007PSE","latest_date":"2025-09-22T00:00:00+00:00","latest_class":1,"pass_count":14,"h":[["2023-10-15T00:00:00+00:00",4,3,null],["2023-11-07T00:00:00+00:00",4,3,0],["2023-11-26T00:00:00+00:00",4,3,0],["2024-01-06T00:00:00+00:00",1,1,1],["2024-02-29T00:00:00+00:00",1,1,0],["2024-04-01T00:00:00+00:00",1,1,0],["2024-05-03T00:00:00+00:00",1,1,0],["2024-07-06T00:00:00+00:00",1,1,0],["2024-09-06T00:00:00+00:00",1,1,0],["2024-12-01T00:00:00+00:00",1,1,0],["2025-02-25T00:00:00+00:00",1,1,0],["2025-04-04T00:00:00+00:00",1,1,0],["2025-07-08T00:00:00+00:00",1,1,0],["2025-09-22T00:00:00+00:00",1,1,0]]},"geometry":{"type":"Point","coordinates":[34.478431,31.488921]}},{"type":"Feature","properties":{"site_id":26,"event_code":"CE20231007PSE","latest_date":"2025-09-22T00:00:00+00:00","latest_class":1,"pass_count":11,"h":[["2024-01-06T00:00:00+00:00",1,1,3],["2024-02-29T00:00:00+00:00",1,1,0],["2024-04-01T00:00:00+00:00",1,1,0],["2024-05-03T00:00:00+00:00",1,1,0],["2024-07-06T00:00:00+00:00",1,1,0],["2024-09-06T00:00:00+00:00",1,1,0],["2024-12-01T00:00:00+00:00",1,1,0],["2025-02-25T00:00:00+00:00",1,1,0],["2025-04-04T00:00:00+00:00",1,1,0],["2025-07-08T00:00:00+00:00",1,1,0],["2025-09-22T00:00:00+00:00",1,1,0]]},"geometry":{"type":"Point","coordinates":[34.476126,31.489329]}},{"type":"Feature","properties":{"site_id":26,"event_code":"CE20231007PSE","latest_date":"2025-09-22T00:00:00+00:00","latest_class":1,"pass_count":14,"h":[["2023-10-15T00:00:00+00:00",4,3,null],["2023-11-07T00:00:00+00:00",4,3,0],["2023-11-26T00:00:00+00:00",4,3,0],["2024-01-06T00:00:00+00:00",1,1,1],["2024-02-29T00:00:00+00:00",1,1,0],["2024-04-01T00:00:00+00:00",1,1,0],["2024-05-03T00:00:00+00:00",1,1,0],["2024-07-06T00:00:00+00:00",1,1,0],["2024-09-06T00:00:00+00:00",1,1,0],["2024-12-01T00:00:00+00:00",1,1,0],["2025-02-25T00:00:00+00:00",1,1,0],["2025-04-04T00:00:00+00:00",1,1,0],["2025-07-08T00:00:00+00:00",1,1,0],["2025-09-22T00:00:00+00:00",1,1,0]]},"geometry":{"type":"Point","coordinates":[34.47512,31.488571]}},{"type":"Feature","properties":{"site_id":26,"event_code":"CE20231007PSE","latest_date":"2025-09-22T00:00:00+00:00","latest_class":1,"pass_count":14,"h":[["2023-10-15T00:00:00+00:00",4,3,null],["2023-11-07T00:00:00+00:00",4,3,0],["2023-11-26T00:00:00+00:00",4,3,0],["2024-01-06T00:00:00+00:00",1,1,1],["2024-02-29T00:00:00+00:00",1,1,0],["2024-04-01T00:00:00+00:00",1,1,0],["2024-05-03T00:00:00+00:00",1,1,0],["2024-07-06T00:00:00+00:00",1,1,0],["2024-09-06T00:00:00+00:00",1,1,0],["2024-12-01T00:00:00+00:00",1,1,0],["2025-02-25T00:00:00+00:00",1,1,0],["2025-04-04T00:00:00+00:00",1,1,0],["2025-07-08T00:00:00+00:00",1,1,0],["2025-09-22T00:00:00+00:00",1,1,0]]},"geometry":{"type":"Point","coordinates":[34.475046,31.488667]}},{"type":"Feature","properties":{"site_id":26,"event_code":"CE20231007PSE","latest_date":"2025-09-22T00:00:00+00:00","latest_class":1,"pass_count":14,"h":[["2023-10-15T00:00:00+00:00",4,3,null],["2023-11-07T00:00:00+00:00",4,3,0],["2023-11-26T00:00:00+00:00",4,3,0],["2024-01-06T00:00:00+00:00",1,1,1],["2024-02-29T00:00:00+00:00",1,1,0],["2024-04-01T00:00:00+00:00",1,1,0],["2024-05-03T00:00:00+00:00",1,1,0],["2024-07-06T00:00:00+00:00",1,1,0],["2024-09-06T00:00:00+00:00",1,1,0],["2024-12-01T00:00:00+00:00",1,1,0],["2025-02-25T00:00:00+00:00",1,1,0],["2025-04-04T00:00:00+00:00",1,1,0],["2025-07-08T00:00:00+00:00",1,1,0],["2025-09-22T00:00:00+00:00",1,1,0]]},"geometry":{"type":"Point","coordinates":[34.475177,31.488745]}},{"type":"Feature","properties":{"site_id":26,"event_code":"CE20231007PSE","latest_date":"2025-09-22T00:00:00+00:00","latest_class":1,"pass_count":14,"h":[["2023-10-15T00:00:00+00:00",4,3,null],["2023-11-07T00:00:00+00:00",4,3,0],["2023-11-26T00:00:00+00:00",4,3,0],["2024-01-06T00:00:00+00:00",1,1,1],["2024-02-29T00:00:00+00:00",1,1,0],["2024-04-01T00:00:00+00:00",1,1,0],["2024-05-03T00:00:00+00:00",1,1,0],["2024-07-06T00:00:00+00:00",1,1,0],["2024-09-06T00:00:00+00:00",1,1,0],["2024-12-01T00:00:00+00:00",1,1,0],["2025-02-25T00:00:00+00:00",1,1,0],["2025-04-04T00:00:00+00:00",1,1,0],["2025-07-08T00:00:00+00:00",1,1,0],["2025-09-22T00:00:00+00:00",1,1,0]]},"geometry":{"type":"Point","coordinates":[34.475037,31.488864]}},{"type":"Feature","properties":{"site_id":26,"event_code":"CE20231007PSE","latest_date":"2025-09-22T00:00:00+00:00","latest_class":1,"pass_count":14,"h":[["2023-10-15T00:00:00+00:00",4,3,null],["2023-11-07T00:00:00+00:00",4,3,0],["2023-11-26T00:00:00+00:00",4,3,0],["2024-01-06T00:00:00+00:00",1,1,1],["2024-02-29T00:00:00+00:00",1,1,0],["2024-04-01T00:00:00+00:00",1,1,0],["2024-05-03T00:00:00+00:00",1,1,0],["2024-07-06T00:00:00+00:00",1,1,0],["2024-09-06T00:00:00+00:00",1,1,0],["2024-12-01T00:00:00+00:00",1,1,0],["2025-02-25T00:00:00+00:00",1,1,0],["2025-04-04T00:00:00+00:00",1,1,0],["2025-07-08T00:00:00+00:00",1,1,0],["2025-09-22T00:00:00+00:00",1,1,0]]},"geometry":{"type":"Point","coordinates":[34.474901,31.488756]}},{"type":"Feature","properties":{"site_id":26,"event_code":"CE20231007PSE","latest_date":"2025-09-22T00:00:00+00:00","latest_class":1,"pass_count":14,"h":[["2023-10-15T00:00:00+00:00",4,3,null],["2023-11-07T00:00:00+00:00",4,3,0],["2023-11-26T00:00:00+00:00",4,3,0],["2024-01-06T00:00:00+00:00",1,1,1],["2024-02-29T00:00:00+00:00",1,1,0],["2024-04-01T00:00:00+00:00",1,1,0],["2024-05-03T00:00:00+00:00",1,1,0],["2024-07-06T00:00:00+00:00",1,1,0],["2024-09-06T00:00:00+00:00",1,1,0],["2024-12-01T00:00:00+00:00",1,1,0],["2025-02-25T00:00:00+00:00",1,1,0],["2025-04-04T00:00:00+00:00",1,1,0],["2025-07-08T00:00:00+00:00",1,1,0],["2025-09-22T00:00:00+00:00",1,1,0]]},"geometry":{"type":"Point","coordinates":[34.4749,31.488928]}},{"type":"Feature","properties":{"site_id":26,"event_code":"CE20231007PSE","latest_date":"2025-09-22T00:00:00+00:00","latest_class":1,"pass_count":14,"h":[["2023-10-15T00:00:00+00:00",4,3,null],["2023-11-07T00:00:00+00:00",4,3,0],["2023-11-26T00:00:00+00:00",4,3,0],["2024-01-06T00:00:00+00:00",1,1,1],["2024-02-29T00:00:00+00:00",1,1,0],["2024-04-01T00:00:00+00:00",1,1,0],["2024-05-03T00:00:00+00:00",1,1,0],["2024-07-06T00:00:00+00:00",1,1,0],["2024-09-06T00:00:00+00:00",1,1,0],["2024-12-01T00:00:00+00:00",1,1,0],["2025-02-25T00:00:00+00:00",1,1,0],["2025-04-04T00:00:00+00:00",1,1,0],["2025-07-08T00:00:00+00:00",1,1,0],["2025-09-22T00:00:00+00:00",1,1,0]]},"geometry":{"type":"Point","coordinates":[34.474755,31.488858]}},{"type":"Feature","properties":{"site_id":26,"event_code":"CE20231007PSE","latest_date":"2025-09-22T00:00:00+00:00","latest_class":1,"pass_count":14,"h":[["2023-10-15T00:00:00+00:00",4,3,null],["2023-11-07T00:00:00+00:00",4,3,0],["2023-11-26T00:00:00+00:00",4,3,0],["2024-01-06T00:00:00+00:00",1,1,1],["2024-02-29T00:00:00+00:00",1,1,0],["2024-04-01T00:00:00+00:00",1,1,0],["2024-05-03T00:00:00+00:00",1,1,0],["2024-07-06T00:00:00+00:00",1,1,0],["2024-09-06T00:00:00+00:00",1,1,0],["2024-12-01T00:00:00+00:00",1,1,0],["2025-02-25T00:00:00+00:00",1,1,0],["2025-04-04T00:00:00+00:00",1,1,0],["2025-07-08T00:00:00+00:00",1,1,0],["2025-09-22T00:00:00+00:00",1,1,0]]},"geometry":{"type":"Point","coordinates":[34.474993,31.488488]}},{"type":"Feature","properties":{"site_id":26,"event_code":"CE20231007PSE","latest_date":"2025-09-22T00:00:00+00:00","latest_class":1,"pass_count":14,"h":[["2023-10-15T00:00:00+00:00",4,3,null],["2023-11-07T00:00:00+00:00",4,3,0],["2023-11-26T00:00:00+00:00",4,3,0],["2024-01-06T00:00:00+00:00",1,1,1],["2024-02-29T00:00:00+00:00",1,1,0],["2024-04-01T00:00:00+00:00",1,1,0],["2024-05-03T00:00:00+00:00",1,1,0],["2024-07-06T00:00:00+00:00",1,1,0],["2024-09-06T00:00:00+00:00",1,1,0],["2024-12-01T00:00:00+00:00",1,1,0],["2025-02-25T00:00:00+00:00",1,1,0],["2025-04-04T00:00:00+00:00",1,1,0],["2025-07-08T00:00:00+00:00",1,1,0],["2025-09-22T00:00:00+00:00",1,1,0]]},"geometry":{"type":"Point","coordinates":[34.475099,31.488369]}},{"type":"Feature","properties":{"site_id":26,"event_code":"CE20231007PSE","latest_date":"2025-09-22T00:00:00+00:00","latest_class":1,"pass_count":14,"h":[["2023-10-15T00:00:00+00:00",4,3,null],["2023-11-07T00:00:00+00:00",4,3,0],["2023-11-26T00:00:00+00:00",4,3,0],["2024-01-06T00:00:00+00:00",1,1,1],["2024-02-29T00:00:00+00:00",1,1,0],["2024-04-01T00:00:00+00:00",1,1,0],["2024-05-03T00:00:00+00:00",1,1,0],["2024-07-06T00:00:00+00:00",1,1,0],["2024-09-06T00:00:00+00:00",1,1,0],["2024-12-01T00:00:00+00:00",1,1,0],["2025-02-25T00:00:00+00:00",1,1,0],["2025-04-04T00:00:00+00:00",1,1,0],["2025-07-08T00:00:00+00:00",1,1,0],["2025-09-22T00:00:00+00:00",1,1,0]]},"geometry":{"type":"Point","coordinates":[34.475468,31.488275]}},{"type":"Feature","properties":{"site_id":26,"event_code":"CE20231007PSE","latest_date":"2025-09-22T00:00:00+00:00","latest_class":1,"pass_count":14,"h":[["2023-10-15T00:00:00+00:00",4,3,null],["2023-11-07T00:00:00+00:00",4,3,0],["2023-11-26T00:00:00+00:00",4,3,0],["2024-01-06T00:00:00+00:00",1,1,1],["2024-02-29T00:00:00+00:00",1,1,0],["2024-04-01T00:00:00+00:00",1,1,0],["2024-05-03T00:00:00+00:00",1,1,0],["2024-07-06T00:00:00+00:00",1,1,0],["2024-09-06T00:00:00+00:00",1,1,0],["2024-12-01T00:00:00+00:00",1,1,0],["2025-02-25T00:00:00+00:00",1,1,0],["2025-04-04T00:00:00+00:00",1,1,0],["2025-07-08T00:00:00+00:00",1,1,0],["2025-09-22T00:00:00+00:00",1,1,0]]},"geometry":{"type":"Point","coordinates":[34.475661,31.488329]}},{"type":"Feature","properties":{"site_id":26,"event_code":"CE20231007PSE","latest_date":"2025-09-22T00:00:00+00:00","latest_class":1,"pass_count":14,"h":[["2023-10-15T00:00:00+00:00",4,3,null],["2023-11-07T00:00:00+00:00",4,3,0],["2023-11-26T00:00:00+00:00",4,3,0],["2024-01-06T00:00:00+00:00",1,1,1],["2024-02-29T00:00:00+00:00",1,1,0],["2024-04-01T00:00:00+00:00",1,1,0],["2024-05-03T00:00:00+00:00",1,1,0],["2024-07-06T00:00:00+00:00",1,1,0],["2024-09-06T00:00:00+00:00",1,1,0],["2024-12-01T00:00:00+00:00",1,1,0],["2025-02-25T00:00:00+00:00",1,1,0],["2025-04-04T00:00:00+00:00",1,1,0],["2025-07-08T00:00:00+00:00",1,1,0],["2025-09-22T00:00:00+00:00",1,1,0]]},"geometry":{"type":"Point","coordinates":[34.475674,31.488193]}},{"type":"Feature","properties":{"site_id":26,"event_code":"CE20231007PSE","latest_date":"2025-09-22T00:00:00+00:00","latest_class":1,"pass_count":11,"h":[["2024-01-06T00:00:00+00:00",1,1,3],["2024-02-29T00:00:00+00:00",1,1,0],["2024-04-01T00:00:00+00:00",1,1,0],["2024-05-03T00:00:00+00:00",1,1,0],["2024-07-06T00:00:00+00:00",1,1,0],["2024-09-06T00:00:00+00:00",1,1,0],["2024-12-01T00:00:00+00:00",1,1,0],["2025-02-25T00:00:00+00:00",1,1,0],["2025-04-04T00:00:00+00:00",1,1,0],["2025-07-08T00:00:00+00:00",1,1,0],["2025-09-22T00:00:00+00:00",1,1,0]]},"geometry":{"type":"Point","coordinates":[34.475779,31.489621]}},{"type":"Feature","properties":{"site_id":26,"event_code":"CE20231007PSE","latest_date":"2025-09-22T00:00:00+00:00","latest_class":1,"pass_count":11,"h":[["2024-01-06T00:00:00+00:00",1,1,3],["2024-02-29T00:00:00+00:00",1,1,0],["2024-04-01T00:00:00+00:00",1,1,0],["2024-05-03T00:00:00+00:00",1,1,0],["2024-07-06T00:00:00+00:00",1,1,0],["2024-09-06T00:00:00+00:00",1,1,0],["2024-12-01T00:00:00+00:00",1,1,0],["2025-02-25T00:00:00+00:00",1,1,0],["2025-04-04T00:00:00+00:00",1,1,0],["2025-07-08T00:00:00+00:00",1,1,0],["2025-09-22T00:00:00+00:00",1,1,0]]},"geometry":{"type":"Point","coordinates":[34.474705,31.487475]}},{"type":"Feature","properties":{"site_id":26,"event_code":"CE20231007PSE","latest_date":"2025-09-22T00:00:00+00:00","latest_class":1,"pass_count":11,"h":[["2024-01-06T00:00:00+00:00",2,1,3],["2024-02-29T00:00:00+00:00",2,1,0],["2024-04-01T00:00:00+00:00",2,1,0],["2024-05-03T00:00:00+00:00",2,1,0],["2024-07-06T00:00:00+00:00",1,1,1],["2024-09-06T00:00:00+00:00",1,1,0],["2024-12-01T00:00:00+00:00",1,1,0],["2025-02-25T00:00:00+00:00",1,1,0],["2025-04-04T00:00:00+00:00",1,1,0],["2025-07-08T00:00:00+00:00",1,1,0],["2025-09-22T00:00:00+00:00",1,1,0]]},"geometry":{"type":"Point","coordinates":[34.474796,31.487255]}},{"type":"Feature","properties":{"site_id":26,"event_code":"CE20231007PSE","latest_date":"2025-09-22T00:00:00+00:00","latest_class":1,"pass_count":14,"h":[["2023-10-15T00:00:00+00:00",4,3,null],["2023-11-07T00:00:00+00:00",4,3,0],["2023-11-26T00:00:00+00:00",4,3,0],["2024-01-06T00:00:00+00:00",1,1,1],["2024-02-29T00:00:00+00:00",1,1,0],["2024-04-01T00:00:00+00:00",1,1,0],["2024-05-03T00:00:00+00:00",1,1,0],["2024-07-06T00:00:00+00:00",1,1,0],["2024-09-06T00:00:00+00:00",1,1,0],["2024-12-01T00:00:00+00:00",1,1,0],["2025-02-25T00:00:00+00:00",1,1,0],["2025-04-04T00:00:00+00:00",1,1,0],["2025-07-08T00:00:00+00:00",1,1,0],["2025-09-22T00:00:00+00:00",1,1,0]]},"geometry":{"type":"Point","coordinates":[34.475416,31.488541]}},{"type":"Feature","properties":{"site_id":5,"event_code":"CE20231007PSE","latest_date":"2025-09-22T00:00:00+00:00","latest_class":2,"pass_count":14,"h":[["2023-10-15T00:00:00+00:00",4,3,null],["2023-11-07T00:00:00+00:00",4,3,0],["2023-11-26T00:00:00+00:00",4,3,0],["2024-01-06T00:00:00+00:00",2,2,1],["2024-02-29T00:00:00+00:00",2,2,0],["2024-04-01T00:00:00+00:00",2,2,0],["2024-05-03T00:00:00+00:00",2,2,0],["2024-07-06T00:00:00+00:00",2,2,0],["2024-09-06T00:00:00+00:00",2,2,0],["2024-12-01T00:00:00+00:00",2,2,0],["2025-02-25T00:00:00+00:00",2,2,0],["2025-04-04T00:00:00+00:00",2,2,0],["2025-07-08T00:00:00+00:00",2,2,0],["2025-09-22T00:00:00+00:00",2,2,0]]},"geometry":{"type":"Point","coordinates":[34.475613,31.488672]}},{"type":"Feature","properties":{"site_id":26,"event_code":"CE20231007PSE","latest_date":"2025-09-22T00:00:00+00:00","latest_class":2,"pass_count":11,"h":[["2024-01-06T00:00:00+00:00",2,2,3],["2024-02-29T00:00:00+00:00",2,2,0],["2024-04-01T00:00:00+00:00",2,2,0],["2024-05-03T00:00:00+00:00",2,2,0],["2024-07-06T00:00:00+00:00",2,2,0],["2024-09-06T00:00:00+00:00",2,2,0],["2024-12-01T00:00:00+00:00",2,2,0],["2025-02-25T00:00:00+00:00",2,2,0],["2025-04-04T00:00:00+00:00",2,2,0],["2025-07-08T00:00:00+00:00",2,2,0],["2025-09-22T00:00:00+00:00",2,2,0]]},"geometry":{"type":"Point","coordinates":[34.475694,31.486426]}},{"type":"Feature","properties":{"site_id":26,"event_code":"CE20231007PSE","latest_date":"2025-09-22T00:00:00+00:00","latest_class":1,"pass_count":13,"h":[["2023-11-07T00:00:00+00:00",2,1,3],["2023-11-26T00:00:00+00:00",2,1,0],["2024-01-06T00:00:00+00:00",2,1,0],["2024-02-29T00:00:00+00:00",2,1,0],["2024-04-01T00:00:00+00:00",2,1,0],["2024-05-03T00:00:00+00:00",2,1,0],["2024-07-06T00:00:00+00:00",2,1,0],["2024-09-06T00:00:00+00:00",2,1,0],["2024-12-01T00:00:00+00:00",2,1,0],["2025-02-25T00:00:00+00:00",2,1,0],["2025-04-04T00:00:00+00:00",2,1,0],["2025-07-08T00:00:00+00:00",1,1,1],["2025-09-22T00:00:00+00:00",1,1,0]]},"geometry":{"type":"Point","coordinates":[34.472515,31.49517]}},{"type":"Feature","properties":{"site_id":26,"event_code":"CE20231007PSE","latest_date":"2025-09-22T00:00:00+00:00","latest_class":1,"pass_count":14,"h":[["2023-10-15T00:00:00+00:00",3,2,null],["2023-11-07T00:00:00+00:00",3,2,0],["2023-11-26T00:00:00+00:00",3,2,0],["2024-01-06T00:00:00+00:00",1,1,1],["2024-02-29T00:00:00+00:00",1,1,0],["2024-04-01T00:00:00+00:00",1,1,0],["2024-05-03T00:00:00+00:00",1,1,0],["2024-07-06T00:00:00+00:00",1,1,0],["2024-09-06T00:00:00+00:00",1,1,0],["2024-12-01T00:00:00+00:00",1,1,0],["2025-02-25T00:00:00+00:00",1,1,0],["2025-04-04T00:00:00+00:00",1,1,0],["2025-07-08T00:00:00+00:00",1,1,0],["2025-09-22T00:00:00+00:00",1,1,0]]},"geometry":{"type":"Point","coordinates":[34.476665,31.489701]}},{"type":"Feature","properties":{"site_id":26,"event_code":"CE20231007PSE","latest_date":"2025-09-22T00:00:00+00:00","latest_class":1,"pass_count":14,"h":[["2023-10-15T00:00:00+00:00",3,2,null],["2023-11-07T00:00:00+00:00",1,1,1],["2023-11-26T00:00:00+00:00",1,1,0],["2024-01-06T00:00:00+00:00",1,1,0],["2024-02-29T00:00:00+00:00",1,1,0],["2024-04-01T00:00:00+00:00",1,1,0],["2024-05-03T00:00:00+00:00",1,1,0],["2024-07-06T00:00:00+00:00",1,1,0],["2024-09-06T00:00:00+00:00",1,1,0],["2024-12-01T00:00:00+00:00",1,1,0],["2025-02-25T00:00:00+00:00",1,1,0],["2025-04-04T00:00:00+00:00",1,1,0],["2025-07-08T00:00:00+00:00",1,1,0],["2025-09-22T00:00:00+00:00",1,1,0]]},"geometry":{"type":"Point","coordinates":[34.475888,31.48991]}},{"type":"Feature","properties":{"site_id":26,"event_code":"CE20231007PSE","latest_date":"2025-09-22T00:00:00+00:00","latest_class":1,"pass_count":14,"h":[["2023-10-15T00:00:00+00:00",3,2,null],["2023-11-07T00:00:00+00:00",3,2,0],["2023-11-26T00:00:00+00:00",3,2,0],["2024-01-06T00:00:00+00:00",1,1,1],["2024-02-29T00:00:00+00:00",1,1,0],["2024-04-01T00:00:00+00:00",1,1,0],["2024-05-03T00:00:00+00:00",1,1,0],["2024-07-06T00:00:00+00:00",1,1,0],["2024-09-06T00:00:00+00:00",1,1,0],["2024-12-01T00:00:00+00:00",1,1,0],["2025-02-25T00:00:00+00:00",1,1,0],["2025-04-04T00:00:00+00:00",1,1,0],["2025-07-08T00:00:00+00:00",1,1,0],["2025-09-22T00:00:00+00:00",1,1,0]]},"geometry":{"type":"Point","coordinates":[34.476617,31.489935]}},{"type":"Feature","properties":{"site_id":26,"event_code":"CE20231007PSE","latest_date":"2025-09-22T00:00:00+00:00","latest_class":1,"pass_count":14,"h":[["2023-10-15T00:00:00+00:00",1,1,null],["2023-11-07T00:00:00+00:00",1,1,0],["2023-11-26T00:00:00+00:00",1,1,0],["2024-01-06T00:00:00+00:00",1,1,0],["2024-02-29T00:00:00+00:00",1,1,0],["2024-04-01T00:00:00+00:00",1,1,0],["2024-05-03T00:00:00+00:00",1,1,0],["2024-07-06T00:00:00+00:00",1,1,0],["2024-09-06T00:00:00+00:00",1,1,0],["2024-12-01T00:00:00+00:00",1,1,0],["2025-02-25T00:00:00+00:00",1,1,0],["2025-04-04T00:00:00+00:00",1,1,0],["2025-07-08T00:00:00+00:00",1,1,0],["2025-09-22T00:00:00+00:00",1,1,0]]},"geometry":{"type":"Point","coordinates":[34.479087,31.49027]}},{"type":"Feature","properties":{"site_id":26,"event_code":"CE20231007PSE","latest_date":"2025-09-22T00:00:00+00:00","latest_class":1,"pass_count":14,"h":[["2023-10-15T00:00:00+00:00",1,1,null],["2023-11-07T00:00:00+00:00",1,1,0],["2023-11-26T00:00:00+00:00",1,1,0],["2024-01-06T00:00:00+00:00",1,1,0],["2024-02-29T00:00:00+00:00",1,1,0],["2024-04-01T00:00:00+00:00",1,1,0],["2024-05-03T00:00:00+00:00",1,1,0],["2024-07-06T00:00:00+00:00",1,1,0],["2024-09-06T00:00:00+00:00",1,1,0],["2024-12-01T00:00:00+00:00",1,1,0],["2025-02-25T00:00:00+00:00",1,1,0],["2025-04-04T00:00:00+00:00",1,1,0],["2025-07-08T00:00:00+00:00",1,1,0],["2025-09-22T00:00:00+00:00",1,1,0]]},"geometry":{"type":"Point","coordinates":[34.47912,31.490405]}},{"type":"Feature","properties":{"site_id":26,"event_code":"CE20231007PSE","latest_date":"2025-09-22T00:00:00+00:00","latest_class":1,"pass_count":14,"h":[["2023-10-15T00:00:00+00:00",1,1,null],["2023-11-07T00:00:00+00:00",1,1,0],["2023-11-26T00:00:00+00:00",1,1,0],["2024-01-06T00:00:00+00:00",1,1,0],["2024-02-29T00:00:00+00:00",1,1,0],["2024-04-01T00:00:00+00:00",1,1,0],["2024-05-03T00:00:00+00:00",1,1,0],["2024-07-06T00:00:00+00:00",1,1,0],["2024-09-06T00:00:00+00:00",1,1,0],["2024-12-01T00:00:00+00:00",1,1,0],["2025-02-25T00:00:00+00:00",1,1,0],["2025-04-04T00:00:00+00:00",1,1,0],["2025-07-08T00:00:00+00:00",1,1,0],["2025-09-22T00:00:00+00:00",1,1,0]]},"geometry":{"type":"Point","coordinates":[34.480047,31.490711]}},{"type":"Feature","properties":{"site_id":26,"event_code":"CE20231007PSE","latest_date":"2025-09-22T00:00:00+00:00","latest_class":1,"pass_count":14,"h":[["2023-10-15T00:00:00+00:00",1,1,null],["2023-11-07T00:00:00+00:00",1,1,0],["2023-11-26T00:00:00+00:00",1,1,0],["2024-01-06T00:00:00+00:00",1,1,0],["2024-02-29T00:00:00+00:00",1,1,0],["2024-04-01T00:00:00+00:00",1,1,0],["2024-05-03T00:00:00+00:00",1,1,0],["2024-07-06T00:00:00+00:00",1,1,0],["2024-09-06T00:00:00+00:00",1,1,0],["2024-12-01T00:00:00+00:00",1,1,0],["2025-02-25T00:00:00+00:00",1,1,0],["2025-04-04T00:00:00+00:00",1,1,0],["2025-07-08T00:00:00+00:00",1,1,0],["2025-09-22T00:00:00+00:00",1,1,0]]},"geometry":{"type":"Point","coordinates":[34.479791,31.490331]}},{"type":"Feature","properties":{"site_id":26,"event_code":"CE20231007PSE","latest_date":"2025-09-22T00:00:00+00:00","latest_class":1,"pass_count":14,"h":[["2023-10-15T00:00:00+00:00",2,1,null],["2023-11-07T00:00:00+00:00",2,1,0],["2023-11-26T00:00:00+00:00",2,1,0],["2024-01-06T00:00:00+00:00",1,1,1],["2024-02-29T00:00:00+00:00",1,1,0],["2024-04-01T00:00:00+00:00",1,1,0],["2024-05-03T00:00:00+00:00",1,1,0],["2024-07-06T00:00:00+00:00",1,1,0],["2024-09-06T00:00:00+00:00",1,1,0],["2024-12-01T00:00:00+00:00",1,1,0],["2025-02-25T00:00:00+00:00",1,1,0],["2025-04-04T00:00:00+00:00",1,1,0],["2025-07-08T00:00:00+00:00",1,1,0],["2025-09-22T00:00:00+00:00",1,1,0]]},"geometry":{"type":"Point","coordinates":[34.479549,31.490284]}},{"type":"Feature","properties":{"site_id":26,"event_code":"CE20231007PSE","latest_date":"2025-09-22T00:00:00+00:00","latest_class":1,"pass_count":14,"h":[["2023-10-15T00:00:00+00:00",2,1,null],["2023-11-07T00:00:00+00:00",2,1,0],["2023-11-26T00:00:00+00:00",2,1,0],["2024-01-06T00:00:00+00:00",1,1,1],["2024-02-29T00:00:00+00:00",1,1,0],["2024-04-01T00:00:00+00:00",1,1,0],["2024-05-03T00:00:00+00:00",1,1,0],["2024-07-06T00:00:00+00:00",1,1,0],["2024-09-06T00:00:00+00:00",1,1,0],["2024-12-01T00:00:00+00:00",1,1,0],["2025-02-25T00:00:00+00:00",1,1,0],["2025-04-04T00:00:00+00:00",1,1,0],["2025-07-08T00:00:00+00:00",1,1,0],["2025-09-22T00:00:00+00:00",1,1,0]]},"geometry":{"type":"Point","coordinates":[34.479344,31.490459]}},{"type":"Feature","properties":{"site_id":26,"event_code":"CE20231007PSE","latest_date":"2025-09-22T00:00:00+00:00","latest_class":1,"pass_count":14,"h":[["2023-10-15T00:00:00+00:00",2,1,null],["2023-11-07T00:00:00+00:00",2,1,0],["2023-11-26T00:00:00+00:00",2,1,0],["2024-01-06T00:00:00+00:00",1,1,1],["2024-02-29T00:00:00+00:00",1,1,0],["2024-04-01T00:00:00+00:00",1,1,0],["2024-05-03T00:00:00+00:00",1,1,0],["2024-07-06T00:00:00+00:00",1,1,0],["2024-09-06T00:00:00+00:00",1,1,0],["2024-12-01T00:00:00+00:00",1,1,0],["2025-02-25T00:00:00+00:00",1,1,0],["2025-04-04T00:00:00+00:00",1,1,0],["2025-07-08T00:00:00+00:00",1,1,0],["2025-09-22T00:00:00+00:00",1,1,0]]},"geometry":{"type":"Point","coordinates":[34.479389,31.490148]}},{"type":"Feature","properties":{"site_id":26,"event_code":"CE20231007PSE","latest_date":"2025-09-22T00:00:00+00:00","latest_class":1,"pass_count":14,"h":[["2023-10-15T00:00:00+00:00",3,2,null],["2023-11-07T00:00:00+00:00",2,1,1],["2023-11-26T00:00:00+00:00",2,1,0],["2024-01-06T00:00:00+00:00",1,1,1],["2024-02-29T00:00:00+00:00",1,1,0],["2024-04-01T00:00:00+00:00",1,1,0],["2024-05-03T00:00:00+00:00",1,1,0],["2024-07-06T00:00:00+00:00",1,1,0],["2024-09-06T00:00:00+00:00",1,1,0],["2024-12-01T00:00:00+00:00",1,1,0],["2025-02-25T00:00:00+00:00",1,1,0],["2025-04-04T00:00:00+00:00",1,1,0],["2025-07-08T00:00:00+00:00",1,1,0],["2025-09-22T00:00:00+00:00",1,1,0]]},"geometry":{"type":"Point","coordinates":[34.47932,31.490029]}},{"type":"Feature","properties":{"site_id":26,"event_code":"CE20231007PSE","latest_date":"2025-09-22T00:00:00+00:00","latest_class":1,"pass_count":14,"h":[["2023-10-15T00:00:00+00:00",3,2,null],["2023-11-07T00:00:00+00:00",3,2,0],["2023-11-26T00:00:00+00:00",3,2,0],["2024-01-06T00:00:00+00:00",1,1,1],["2024-02-29T00:00:00+00:00",1,1,0],["2024-04-01T00:00:00+00:00",1,1,0],["2024-05-03T00:00:00+00:00",1,1,0],["2024-07-06T00:00:00+00:00",1,1,0],["2024-09-06T00:00:00+00:00",1,1,0],["2024-12-01T00:00:00+00:00",1,1,0],["2025-02-25T00:00:00+00:00",1,1,0],["2025-04-04T00:00:00+00:00",1,1,0],["2025-07-08T00:00:00+00:00",1,1,0],["2025-09-22T00:00:00+00:00",1,1,0]]},"geometry":{"type":"Point","coordinates":[34.4797,31.490444]}},{"type":"Feature","properties":{"site_id":26,"event_code":"CE20231007PSE","latest_date":"2025-09-22T00:00:00+00:00","latest_class":1,"pass_count":14,"h":[["2023-10-15T00:00:00+00:00",3,2,null],["2023-11-07T00:00:00+00:00",3,2,0],["2023-11-26T00:00:00+00:00",3,2,0],["2024-01-06T00:00:00+00:00",2,1,1],["2024-02-29T00:00:00+00:00",2,1,0],["2024-04-01T00:00:00+00:00",2,1,0],["2024-05-03T00:00:00+00:00",2,1,0],["2024-07-06T00:00:00+00:00",1,1,1],["2024-09-06T00:00:00+00:00",1,1,0],["2024-12-01T00:00:00+00:00",1,1,0],["2025-02-25T00:00:00+00:00",1,1,0],["2025-04-04T00:00:00+00:00",1,1,0],["2025-07-08T00:00:00+00:00",1,1,0],["2025-09-22T00:00:00+00:00",1,1,0]]},"geometry":{"type":"Point","coordinates":[34.479839,31.490527]}},{"type":"Feature","properties":{"site_id":26,"event_code":"CE20231007PSE","latest_date":"2025-09-22T00:00:00+00:00","latest_class":1,"pass_count":14,"h":[["2023-10-15T00:00:00+00:00",3,2,null],["2023-11-07T00:00:00+00:00",3,2,0],["2023-11-26T00:00:00+00:00",3,2,0],["2024-01-06T00:00:00+00:00",2,1,1],["2024-02-29T00:00:00+00:00",2,1,0],["2024-04-01T00:00:00+00:00",2,1,0],["2024-05-03T00:00:00+00:00",2,1,0],["2024-07-06T00:00:00+00:00",1,1,1],["2024-09-06T00:00:00+00:00",1,1,0],["2024-12-01T00:00:00+00:00",1,1,0],["2025-02-25T00:00:00+00:00",1,1,0],["2025-04-04T00:00:00+00:00",1,1,0],["2025-07-08T00:00:00+00:00",1,1,0],["2025-09-22T00:00:00+00:00",1,1,0]]},"geometry":{"type":"Point","coordinates":[34.479718,31.490623]}},{"type":"Feature","properties":{"site_id":26,"event_code":"CE20231007PSE","latest_date":"2025-09-22T00:00:00+00:00","latest_class":1,"pass_count":14,"h":[["2023-10-15T00:00:00+00:00",3,2,null],["2023-11-07T00:00:00+00:00",3,2,0],["2023-11-26T00:00:00+00:00",3,2,0],["2024-01-06T00:00:00+00:00",1,1,1],["2024-02-29T00:00:00+00:00",1,1,0],["2024-04-01T00:00:00+00:00",1,1,0],["2024-05-03T00:00:00+00:00",1,1,0],["2024-07-06T00:00:00+00:00",1,1,0],["2024-09-06T00:00:00+00:00",1,1,0],["2024-12-01T00:00:00+00:00",1,1,0],["2025-02-25T00:00:00+00:00",1,1,0],["2025-04-04T00:00:00+00:00",1,1,0],["2025-07-08T00:00:00+00:00",1,1,0],["2025-09-22T00:00:00+00:00",1,1,0]]},"geometry":{"type":"Point","coordinates":[34.479467,31.490636]}},{"type":"Feature","properties":{"site_id":26,"event_code":"CE20231007PSE","latest_date":"2025-09-22T00:00:00+00:00","latest_class":1,"pass_count":14,"h":[["2023-10-15T00:00:00+00:00",3,2,null],["2023-11-07T00:00:00+00:00",3,2,0],["2023-11-26T00:00:00+00:00",3,2,0],["2024-01-06T00:00:00+00:00",1,1,1],["2024-02-29T00:00:00+00:00",1,1,0],["2024-04-01T00:00:00+00:00",1,1,0],["2024-05-03T00:00:00+00:00",1,1,0],["2024-07-06T00:00:00+00:00",1,1,0],["2024-09-06T00:00:00+00:00",1,1,0],["2024-12-01T00:00:00+00:00",1,1,0],["2025-02-25T00:00:00+00:00",1,1,0],["2025-04-04T00:00:00+00:00",1,1,0],["2025-07-08T00:00:00+00:00",1,1,0],["2025-09-22T00:00:00+00:00",1,1,0]]},"geometry":{"type":"Point","coordinates":[34.47913,31.490661]}},{"type":"Feature","properties":{"site_id":26,"event_code":"CE20231007PSE","latest_date":"2025-09-22T00:00:00+00:00","latest_class":1,"pass_count":14,"h":[["2023-10-15T00:00:00+00:00",2,1,null],["2023-11-07T00:00:00+00:00",2,1,0],["2023-11-26T00:00:00+00:00",2,1,0],["2024-01-06T00:00:00+00:00",2,1,0],["2024-02-29T00:00:00+00:00",2,1,0],["2024-04-01T00:00:00+00:00",2,1,0],["2024-05-03T00:00:00+00:00",2,1,0],["2024-07-06T00:00:00+00:00",1,1,1],["2024-09-06T00:00:00+00:00",1,1,0],["2024-12-01T00:00:00+00:00",1,1,0],["2025-02-25T00:00:00+00:00",1,1,0],["2025-04-04T00:00:00+00:00",1,1,0],["2025-07-08T00:00:00+00:00",1,1,0],["2025-09-22T00:00:00+00:00",1,1,0]]},"geometry":{"type":"Point","coordinates":[34.479946,31.490609]}},{"type":"Feature","properties":{"site_id":26,"event_code":"CE20231007PSE","latest_date":"2025-09-22T00:00:00+00:00","latest_class":1,"pass_count":14,"h":[["2023-10-15T00:00:00+00:00",1,1,null],["2023-11-07T00:00:00+00:00",1,1,0],["2023-11-26T00:00:00+00:00",1,1,0],["2024-01-06T00:00:00+00:00",1,1,0],["2024-02-29T00:00:00+00:00",1,1,0],["2024-04-01T00:00:00+00:00",1,1,0],["2024-05-03T00:00:00+00:00",1,1,0],["2024-07-06T00:00:00+00:00",1,1,0],["2024-09-06T00:00:00+00:00",1,1,0],["2024-12-01T00:00:00+00:00",1,1,0],["2025-02-25T00:00:00+00:00",1,1,0],["2025-04-04T00:00:00+00:00",1,1,0],["2025-07-08T00:00:00+00:00",1,1,0],["2025-09-22T00:00:00+00:00",1,1,0]]},"geometry":{"type":"Point","coordinates":[34.478836,31.490638]}},{"type":"Feature","properties":{"site_id":26,"event_code":"CE20231007PSE","latest_date":"2025-09-22T00:00:00+00:00","latest_class":1,"pass_count":14,"h":[["2023-10-15T00:00:00+00:00",1,1,null],["2023-11-07T00:00:00+00:00",1,1,0],["2023-11-26T00:00:00+00:00",1,1,0],["2024-01-06T00:00:00+00:00",1,1,0],["2024-02-29T00:00:00+00:00",1,1,0],["2024-04-01T00:00:00+00:00",1,1,0],["2024-05-03T00:00:00+00:00",1,1,0],["2024-07-06T00:00:00+00:00",1,1,0],["2024-09-06T00:00:00+00:00",1,1,0],["2024-12-01T00:00:00+00:00",1,1,0],["2025-02-25T00:00:00+00:00",1,1,0],["2025-04-04T00:00:00+00:00",1,1,0],["2025-07-08T00:00:00+00:00",1,1,0],["2025-09-22T00:00:00+00:00",1,1,0]]},"geometry":{"type":"Point","coordinates":[34.478708,31.490821]}},{"type":"Feature","properties":{"site_id":26,"event_code":"CE20231007PSE","latest_date":"2025-09-22T00:00:00+00:00","latest_class":1,"pass_count":14,"h":[["2023-10-15T00:00:00+00:00",1,1,null],["2023-11-07T00:00:00+00:00",1,1,0],["2023-11-26T00:00:00+00:00",1,1,0],["2024-01-06T00:00:00+00:00",1,1,0],["2024-02-29T00:00:00+00:00",1,1,0],["2024-04-01T00:00:00+00:00",1,1,0],["2024-05-03T00:00:00+00:00",1,1,0],["2024-07-06T00:00:00+00:00",1,1,0],["2024-09-06T00:00:00+00:00",1,1,0],["2024-12-01T00:00:00+00:00",1,1,0],["2025-02-25T00:00:00+00:00",1,1,0],["2025-04-04T00:00:00+00:00",1,1,0],["2025-07-08T00:00:00+00:00",1,1,0],["2025-09-22T00:00:00+00:00",1,1,0]]},"geometry":{"type":"Point","coordinates":[34.478612,31.490772]}},{"type":"Feature","properties":{"site_id":26,"event_code":"CE20231007PSE","latest_date":"2025-09-22T00:00:00+00:00","latest_class":1,"pass_count":14,"h":[["2023-10-15T00:00:00+00:00",1,1,null],["2023-11-07T00:00:00+00:00",1,1,0],["2023-11-26T00:00:00+00:00",1,1,0],["2024-01-06T00:00:00+00:00",1,1,0],["2024-02-29T00:00:00+00:00",1,1,0],["2024-04-01T00:00:00+00:00",1,1,0],["2024-05-03T00:00:00+00:00",1,1,0],["2024-07-06T00:00:00+00:00",1,1,0],["2024-09-06T00:00:00+00:00",1,1,0],["2024-12-01T00:00:00+00:00",1,1,0],["2025-02-25T00:00:00+00:00",1,1,0],["2025-04-04T00:00:00+00:00",1,1,0],["2025-07-08T00:00:00+00:00",1,1,0],["2025-09-22T00:00:00+00:00",1,1,0]]},"geometry":{"type":"Point","coordinates":[34.478535,31.490707]}},{"type":"Feature","properties":{"site_id":26,"event_code":"CE20231007PSE","latest_date":"2025-09-22T00:00:00+00:00","latest_class":1,"pass_count":14,"h":[["2023-10-15T00:00:00+00:00",1,1,null],["2023-11-07T00:00:00+00:00",1,1,0],["2023-11-26T00:00:00+00:00",1,1,0],["2024-01-06T00:00:00+00:00",1,1,0],["2024-02-29T00:00:00+00:00",1,1,0],["2024-04-01T00:00:00+00:00",1,1,0],["2024-05-03T00:00:00+00:00",1,1,0],["2024-07-06T00:00:00+00:00",1,1,0],["2024-09-06T00:00:00+00:00",1,1,0],["2024-12-01T00:00:00+00:00",1,1,0],["2025-02-25T00:00:00+00:00",1,1,0],["2025-04-04T00:00:00+00:00",1,1,0],["2025-07-08T00:00:00+00:00",1,1,0],["2025-09-22T00:00:00+00:00",1,1,0]]},"geometry":{"type":"Point","coordinates":[34.478226,31.490547]}},{"type":"Feature","properties":{"site_id":26,"event_code":"CE20231007PSE","latest_date":"2025-09-22T00:00:00+00:00","latest_class":1,"pass_count":14,"h":[["2023-10-15T00:00:00+00:00",1,1,null],["2023-11-07T00:00:00+00:00",1,1,0],["2023-11-26T00:00:00+00:00",1,1,0],["2024-01-06T00:00:00+00:00",1,1,0],["2024-02-29T00:00:00+00:00",1,1,0],["2024-04-01T00:00:00+00:00",1,1,0],["2024-05-03T00:00:00+00:00",1,1,0],["2024-07-06T00:00:00+00:00",1,1,0],["2024-09-06T00:00:00+00:00",1,1,0],["2024-12-01T00:00:00+00:00",1,1,0],["2025-02-25T00:00:00+00:00",1,1,0],["2025-04-04T00:00:00+00:00",1,1,0],["2025-07-08T00:00:00+00:00",1,1,0],["2025-09-22T00:00:00+00:00",1,1,0]]},"geometry":{"type":"Point","coordinates":[34.478127,31.490456]}},{"type":"Feature","properties":{"site_id":26,"event_code":"CE20231007PSE","latest_date":"2025-09-22T00:00:00+00:00","latest_class":1,"pass_count":14,"h":[["2023-10-15T00:00:00+00:00",1,1,null],["2023-11-07T00:00:00+00:00",1,1,0],["2023-11-26T00:00:00+00:00",1,1,0],["2024-01-06T00:00:00+00:00",1,1,0],["2024-02-29T00:00:00+00:00",1,1,0],["2024-04-01T00:00:00+00:00",1,1,0],["2024-05-03T00:00:00+00:00",1,1,0],["2024-07-06T00:00:00+00:00",1,1,0],["2024-09-06T00:00:00+00:00",1,1,0],["2024-12-01T00:00:00+00:00",1,1,0],["2025-02-25T00:00:00+00:00",1,1,0],["2025-04-04T00:00:00+00:00",1,1,0],["2025-07-08T00:00:00+00:00",1,1,0],["2025-09-22T00:00:00+00:00",1,1,0]]},"geometry":{"type":"Point","coordinates":[34.478242,31.490428]}},{"type":"Feature","properties":{"site_id":26,"event_code":"CE20231007PSE","latest_date":"2025-09-22T00:00:00+00:00","latest_class":1,"pass_count":14,"h":[["2023-10-15T00:00:00+00:00",1,1,null],["2023-11-07T00:00:00+00:00",1,1,0],["2023-11-26T00:00:00+00:00",1,1,0],["2024-01-06T00:00:00+00:00",1,1,0],["2024-02-29T00:00:00+00:00",1,1,0],["2024-04-01T00:00:00+00:00",1,1,0],["2024-05-03T00:00:00+00:00",1,1,0],["2024-07-06T00:00:00+00:00",1,1,0],["2024-09-06T00:00:00+00:00",1,1,0],["2024-12-01T00:00:00+00:00",1,1,0],["2025-02-25T00:00:00+00:00",1,1,0],["2025-04-04T00:00:00+00:00",1,1,0],["2025-07-08T00:00:00+00:00",1,1,0],["2025-09-22T00:00:00+00:00",1,1,0]]},"geometry":{"type":"Point","coordinates":[34.478057,31.490653]}},{"type":"Feature","properties":{"site_id":26,"event_code":"CE20231007PSE","latest_date":"2025-09-22T00:00:00+00:00","latest_class":1,"pass_count":14,"h":[["2023-10-15T00:00:00+00:00",1,1,null],["2023-11-07T00:00:00+00:00",1,1,0],["2023-11-26T00:00:00+00:00",1,1,0],["2024-01-06T00:00:00+00:00",1,1,0],["2024-02-29T00:00:00+00:00",1,1,0],["2024-04-01T00:00:00+00:00",1,1,0],["2024-05-03T00:00:00+00:00",1,1,0],["2024-07-06T00:00:00+00:00",1,1,0],["2024-09-06T00:00:00+00:00",1,1,0],["2024-12-01T00:00:00+00:00",1,1,0],["2025-02-25T00:00:00+00:00",1,1,0],["2025-04-04T00:00:00+00:00",1,1,0],["2025-07-08T00:00:00+00:00",1,1,0],["2025-09-22T00:00:00+00:00",1,1,0]]},"geometry":{"type":"Point","coordinates":[34.478595,31.490057]}},{"type":"Feature","properties":{"site_id":26,"event_code":"CE20231007PSE","latest_date":"2025-09-22T00:00:00+00:00","latest_class":1,"pass_count":14,"h":[["2023-10-15T00:00:00+00:00",1,1,null],["2023-11-07T00:00:00+00:00",1,1,0],["2023-11-26T00:00:00+00:00",1,1,0],["2024-01-06T00:00:00+00:00",1,1,0],["2024-02-29T00:00:00+00:00",1,1,0],["2024-04-01T00:00:00+00:00",1,1,0],["2024-05-03T00:00:00+00:00",1,1,0],["2024-07-06T00:00:00+00:00",1,1,0],["2024-09-06T00:00:00+00:00",1,1,0],["2024-12-01T00:00:00+00:00",1,1,0],["2025-02-25T00:00:00+00:00",1,1,0],["2025-04-04T00:00:00+00:00",1,1,0],["2025-07-08T00:00:00+00:00",1,1,0],["2025-09-22T00:00:00+00:00",1,1,0]]},"geometry":{"type":"Point","coordinates":[34.478065,31.490221]}},{"type":"Feature","properties":{"site_id":26,"event_code":"CE20231007PSE","latest_date":"2025-09-22T00:00:00+00:00","latest_class":1,"pass_count":14,"h":[["2023-10-15T00:00:00+00:00",2,1,null],["2023-11-07T00:00:00+00:00",2,1,0],["2023-11-26T00:00:00+00:00",2,1,0],["2024-01-06T00:00:00+00:00",1,1,1],["2024-02-29T00:00:00+00:00",1,1,0],["2024-04-01T00:00:00+00:00",1,1,0],["2024-05-03T00:00:00+00:00",1,1,0],["2024-07-06T00:00:00+00:00",1,1,0],["2024-09-06T00:00:00+00:00",1,1,0],["2024-12-01T00:00:00+00:00",1,1,0],["2025-02-25T00:00:00+00:00",1,1,0],["2025-04-04T00:00:00+00:00",1,1,0],["2025-07-08T00:00:00+00:00",1,1,0],["2025-09-22T00:00:00+00:00",1,1,0]]},"geometry":{"type":"Point","coordinates":[34.477691,31.489709]}},{"type":"Feature","properties":{"site_id":26,"event_code":"CE20231007PSE","latest_date":"2025-09-22T00:00:00+00:00","latest_class":1,"pass_count":14,"h":[["2023-10-15T00:00:00+00:00",2,1,null],["2023-11-07T00:00:00+00:00",2,1,0],["2023-11-26T00:00:00+00:00",2,1,0],["2024-01-06T00:00:00+00:00",1,1,1],["2024-02-29T00:00:00+00:00",1,1,0],["2024-04-01T00:00:00+00:00",1,1,0],["2024-05-03T00:00:00+00:00",1,1,0],["2024-07-06T00:00:00+00:00",1,1,0],["2024-09-06T00:00:00+00:00",1,1,0],["2024-12-01T00:00:00+00:00",1,1,0],["2025-02-25T00:00:00+00:00",1,1,0],["2025-04-04T00:00:00+00:00",1,1,0],["2025-07-08T00:00:00+00:00",1,1,0],["2025-09-22T00:00:00+00:00",1,1,0]]},"geometry":{"type":"Point","coordinates":[34.478238,31.489718]}},{"type":"Feature","properties":{"site_id":26,"event_code":"CE20231007PSE","latest_date":"2025-09-22T00:00:00+00:00","latest_class":1,"pass_count":14,"h":[["2023-10-15T00:00:00+00:00",2,1,null],["2023-11-07T00:00:00+00:00",2,1,0],["2023-11-26T00:00:00+00:00",2,1,0],["2024-01-06T00:00:00+00:00",1,1,1],["2024-02-29T00:00:00+00:00",1,1,0],["2024-04-01T00:00:00+00:00",1,1,0],["2024-05-03T00:00:00+00:00",1,1,0],["2024-07-06T00:00:00+00:00",1,1,0],["2024-09-06T00:00:00+00:00",1,1,0],["2024-12-01T00:00:00+00:00",1,1,0],["2025-02-25T00:00:00+00:00",1,1,0],["2025-04-04T00:00:00+00:00",1,1,0],["2025-07-08T00:00:00+00:00",1,1,0],["2025-09-22T00:00:00+00:00",1,1,0]]},"geometry":{"type":"Point","coordinates":[34.478112,31.489845]}},{"type":"Feature","properties":{"site_id":26,"event_code":"CE20231007PSE","latest_date":"2025-09-22T00:00:00+00:00","latest_class":1,"pass_count":14,"h":[["2023-10-15T00:00:00+00:00",2,1,null],["2023-11-07T00:00:00+00:00",2,1,0],["2023-11-26T00:00:00+00:00",2,1,0],["2024-01-06T00:00:00+00:00",1,1,1],["2024-02-29T00:00:00+00:00",1,1,0],["2024-04-01T00:00:00+00:00",1,1,0],["2024-05-03T00:00:00+00:00",1,1,0],["2024-07-06T00:00:00+00:00",1,1,0],["2024-09-06T00:00:00+00:00",1,1,0],["2024-12-01T00:00:00+00:00",1,1,0],["2025-02-25T00:00:00+00:00",1,1,0],["2025-04-04T00:00:00+00:00",1,1,0],["2025-07-08T00:00:00+00:00",1,1,0],["2025-09-22T00:00:00+00:00",1,1,0]]},"geometry":{"type":"Point","coordinates":[34.477998,31.489965]}},{"type":"Feature","properties":{"site_id":26,"event_code":"CE20231007PSE","latest_date":"2025-09-22T00:00:00+00:00","latest_class":1,"pass_count":14,"h":[["2023-10-15T00:00:00+00:00",2,1,null],["2023-11-07T00:00:00+00:00",2,1,0],["2023-11-26T00:00:00+00:00",2,1,0],["2024-01-06T00:00:00+00:00",1,1,1],["2024-02-29T00:00:00+00:00",1,1,0],["2024-04-01T00:00:00+00:00",1,1,0],["2024-05-03T00:00:00+00:00",1,1,0],["2024-07-06T00:00:00+00:00",1,1,0],["2024-09-06T00:00:00+00:00",1,1,0],["2024-12-01T00:00:00+00:00",1,1,0],["2025-02-25T00:00:00+00:00",1,1,0],["2025-04-04T00:00:00+00:00",1,1,0],["2025-07-08T00:00:00+00:00",1,1,0],["2025-09-22T00:00:00+00:00",1,1,0]]},"geometry":{"type":"Point","coordinates":[34.477966,31.489835]}},{"type":"Feature","properties":{"site_id":26,"event_code":"CE20231007PSE","latest_date":"2025-09-22T00:00:00+00:00","latest_class":1,"pass_count":14,"h":[["2023-10-15T00:00:00+00:00",2,1,null],["2023-11-07T00:00:00+00:00",2,1,0],["2023-11-26T00:00:00+00:00",2,1,0],["2024-01-06T00:00:00+00:00",1,1,1],["2024-02-29T00:00:00+00:00",1,1,0],["2024-04-01T00:00:00+00:00",1,1,0],["2024-05-03T00:00:00+00:00",1,1,0],["2024-07-06T00:00:00+00:00",1,1,0],["2024-09-06T00:00:00+00:00",1,1,0],["2024-12-01T00:00:00+00:00",1,1,0],["2025-02-25T00:00:00+00:00",1,1,0],["2025-04-04T00:00:00+00:00",1,1,0],["2025-07-08T00:00:00+00:00",1,1,0],["2025-09-22T00:00:00+00:00",1,1,0]]},"geometry":{"type":"Point","coordinates":[34.477803,31.489964]}},{"type":"Feature","properties":{"site_id":26,"event_code":"CE20231007PSE","latest_date":"2025-09-22T00:00:00+00:00","latest_class":1,"pass_count":14,"h":[["2023-10-15T00:00:00+00:00",2,1,null],["2023-11-07T00:00:00+00:00",2,1,0],["2023-11-26T00:00:00+00:00",2,1,0],["2024-01-06T00:00:00+00:00",1,1,1],["2024-02-29T00:00:00+00:00",1,1,0],["2024-04-01T00:00:00+00:00",1,1,0],["2024-05-03T00:00:00+00:00",1,1,0],["2024-07-06T00:00:00+00:00",1,1,0],["2024-09-06T00:00:00+00:00",1,1,0],["2024-12-01T00:00:00+00:00",1,1,0],["2025-02-25T00:00:00+00:00",1,1,0],["2025-04-04T00:00:00+00:00",1,1,0],["2025-07-08T00:00:00+00:00",1,1,0],["2025-09-22T00:00:00+00:00",1,1,0]]},"geometry":{"type":"Point","coordinates":[34.477663,31.490079]}},{"type":"Feature","properties":{"site_id":26,"event_code":"CE20231007PSE","latest_date":"2025-09-22T00:00:00+00:00","latest_class":1,"pass_count":14,"h":[["2023-10-15T00:00:00+00:00",2,1,null],["2023-11-07T00:00:00+00:00",2,1,0],["2023-11-26T00:00:00+00:00",2,1,0],["2024-01-06T00:00:00+00:00",1,1,1],["2024-02-29T00:00:00+00:00",1,1,0],["2024-04-01T00:00:00+00:00",1,1,0],["2024-05-03T00:00:00+00:00",1,1,0],["2024-07-06T00:00:00+00:00",1,1,0],["2024-09-06T00:00:00+00:00",1,1,0],["2024-12-01T00:00:00+00:00",1,1,0],["2025-02-25T00:00:00+00:00",1,1,0],["2025-04-04T00:00:00+00:00",1,1,0],["2025-07-08T00:00:00+00:00",1,1,0],["2025-09-22T00:00:00+00:00",1,1,0]]},"geometry":{"type":"Point","coordinates":[34.477664,31.49064]}},{"type":"Feature","properties":{"site_id":26,"event_code":"CE20231007PSE","latest_date":"2025-09-22T00:00:00+00:00","latest_class":1,"pass_count":14,"h":[["2023-10-15T00:00:00+00:00",2,1,null],["2023-11-07T00:00:00+00:00",2,1,0],["2023-11-26T00:00:00+00:00",2,1,0],["2024-01-06T00:00:00+00:00",1,1,1],["2024-02-29T00:00:00+00:00",1,1,0],["2024-04-01T00:00:00+00:00",1,1,0],["2024-05-03T00:00:00+00:00",1,1,0],["2024-07-06T00:00:00+00:00",1,1,0],["2024-09-06T00:00:00+00:00",1,1,0],["2024-12-01T00:00:00+00:00",1,1,0],["2025-02-25T00:00:00+00:00",1,1,0],["2025-04-04T00:00:00+00:00",1,1,0],["2025-07-08T00:00:00+00:00",1,1,0],["2025-09-22T00:00:00+00:00",1,1,0]]},"geometry":{"type":"Point","coordinates":[34.477566,31.490566]}},{"type":"Feature","properties":{"site_id":26,"event_code":"CE20231007PSE","latest_date":"2025-09-22T00:00:00+00:00","latest_class":1,"pass_count":14,"h":[["2023-10-15T00:00:00+00:00",2,1,null],["2023-11-07T00:00:00+00:00",2,1,0],["2023-11-26T00:00:00+00:00",2,1,0],["2024-01-06T00:00:00+00:00",1,1,1],["2024-02-29T00:00:00+00:00",1,1,0],["2024-04-01T00:00:00+00:00",1,1,0],["2024-05-03T00:00:00+00:00",1,1,0],["2024-07-06T00:00:00+00:00",1,1,0],["2024-09-06T00:00:00+00:00",1,1,0],["2024-12-01T00:00:00+00:00",1,1,0],["2025-02-25T00:00:00+00:00",1,1,0],["2025-04-04T00:00:00+00:00",1,1,0],["2025-07-08T00:00:00+00:00",1,1,0],["2025-09-22T00:00:00+00:00",1,1,0]]},"geometry":{"type":"Point","coordinates":[34.477772,31.490544]}},{"type":"Feature","properties":{"site_id":26,"event_code":"CE20231007PSE","latest_date":"2025-09-22T00:00:00+00:00","latest_class":1,"pass_count":14,"h":[["2023-10-15T00:00:00+00:00",2,1,null],["2023-11-07T00:00:00+00:00",2,1,0],["2023-11-26T00:00:00+00:00",2,1,0],["2024-01-06T00:00:00+00:00",1,1,1],["2024-02-29T00:00:00+00:00",1,1,0],["2024-04-01T00:00:00+00:00",1,1,0],["2024-05-03T00:00:00+00:00",1,1,0],["2024-07-06T00:00:00+00:00",1,1,0],["2024-09-06T00:00:00+00:00",1,1,0],["2024-12-01T00:00:00+00:00",1,1,0],["2025-02-25T00:00:00+00:00",1,1,0],["2025-04-04T00:00:00+00:00",1,1,0],["2025-07-08T00:00:00+00:00",1,1,0],["2025-09-22T00:00:00+00:00",1,1,0]]},"geometry":{"type":"Point","coordinates":[34.477877,31.490409]}},{"type":"Feature","properties":{"site_id":26,"event_code":"CE20231007PSE","latest_date":"2025-09-22T00:00:00+00:00","latest_class":1,"pass_count":14,"h":[["2023-10-15T00:00:00+00:00",2,1,null],["2023-11-07T00:00:00+00:00",2,1,0],["2023-11-26T00:00:00+00:00",2,1,0],["2024-01-06T00:00:00+00:00",1,1,1],["2024-02-29T00:00:00+00:00",1,1,0],["2024-04-01T00:00:00+00:00",1,1,0],["2024-05-03T00:00:00+00:00",1,1,0],["2024-07-06T00:00:00+00:00",1,1,0],["2024-09-06T00:00:00+00:00",1,1,0],["2024-12-01T00:00:00+00:00",1,1,0],["2025-02-25T00:00:00+00:00",1,1,0],["2025-04-04T00:00:00+00:00",1,1,0],["2025-07-08T00:00:00+00:00",1,1,0],["2025-09-22T00:00:00+00:00",1,1,0]]},"geometry":{"type":"Point","coordinates":[34.477988,31.490328]}},{"type":"Feature","properties":{"site_id":26,"event_code":"CE20231007PSE","latest_date":"2025-09-22T00:00:00+00:00","latest_class":1,"pass_count":14,"h":[["2023-10-15T00:00:00+00:00",2,1,null],["2023-11-07T00:00:00+00:00",2,1,0],["2023-11-26T00:00:00+00:00",2,1,0],["2024-01-06T00:00:00+00:00",1,1,1],["2024-02-29T00:00:00+00:00",1,1,0],["2024-04-01T00:00:00+00:00",1,1,0],["2024-05-03T00:00:00+00:00",1,1,0],["2024-07-06T00:00:00+00:00",1,1,0],["2024-09-06T00:00:00+00:00",1,1,0],["2024-12-01T00:00:00+00:00",1,1,0],["2025-02-25T00:00:00+00:00",1,1,0],["2025-04-04T00:00:00+00:00",1,1,0],["2025-07-08T00:00:00+00:00",1,1,0],["2025-09-22T00:00:00+00:00",1,1,0]]},"geometry":{"type":"Point","coordinates":[34.478099,31.490167]}},{"type":"Feature","properties":{"site_id":26,"event_code":"CE20231007PSE","latest_date":"2025-09-22T00:00:00+00:00","latest_class":1,"pass_count":14,"h":[["2023-10-15T00:00:00+00:00",2,1,null],["2023-11-07T00:00:00+00:00",2,1,0],["2023-11-26T00:00:00+00:00",2,1,0],["2024-01-06T00:00:00+00:00",1,1,1],["2024-02-29T00:00:00+00:00",1,1,0],["2024-04-01T00:00:00+00:00",1,1,0],["2024-05-03T00:00:00+00:00",1,1,0],["2024-07-06T00:00:00+00:00",1,1,0],["2024-09-06T00:00:00+00:00",1,1,0],["2024-12-01T00:00:00+00:00",1,1,0],["2025-02-25T00:00:00+00:00",1,1,0],["2025-04-04T00:00:00+00:00",1,1,0],["2025-07-08T00:00:00+00:00",1,1,0],["2025-09-22T00:00:00+00:00",1,1,0]]},"geometry":{"type":"Point","coordinates":[34.478433,31.489911]}},{"type":"Feature","properties":{"site_id":26,"event_code":"CE20231007PSE","latest_date":"2025-09-22T00:00:00+00:00","latest_class":1,"pass_count":14,"h":[["2023-10-15T00:00:00+00:00",2,1,null],["2023-11-07T00:00:00+00:00",2,1,0],["2023-11-26T00:00:00+00:00",2,1,0],["2024-01-06T00:00:00+00:00",1,1,1],["2024-02-29T00:00:00+00:00",1,1,0],["2024-04-01T00:00:00+00:00",1,1,0],["2024-05-03T00:00:00+00:00",1,1,0],["2024-07-06T00:00:00+00:00",1,1,0],["2024-09-06T00:00:00+00:00",1,1,0],["2024-12-01T00:00:00+00:00",1,1,0],["2025-02-25T00:00:00+00:00",1,1,0],["2025-04-04T00:00:00+00:00",1,1,0],["2025-07-08T00:00:00+00:00",1,1,0],["2025-09-22T00:00:00+00:00",1,1,0]]},"geometry":{"type":"Point","coordinates":[34.478262,31.489994]}},{"type":"Feature","properties":{"site_id":26,"event_code":"CE20231007PSE","latest_date":"2025-09-22T00:00:00+00:00","latest_class":1,"pass_count":14,"h":[["2023-10-15T00:00:00+00:00",2,1,null],["2023-11-07T00:00:00+00:00",2,1,0],["2023-11-26T00:00:00+00:00",2,1,0],["2024-01-06T00:00:00+00:00",1,1,1],["2024-02-29T00:00:00+00:00",1,1,0],["2024-04-01T00:00:00+00:00",1,1,0],["2024-05-03T00:00:00+00:00",1,1,0],["2024-07-06T00:00:00+00:00",1,1,0],["2024-09-06T00:00:00+00:00",1,1,0],["2024-12-01T00:00:00+00:00",1,1,0],["2025-02-25T00:00:00+00:00",1,1,0],["2025-04-04T00:00:00+00:00",1,1,0],["2025-07-08T00:00:00+00:00",1,1,0],["2025-09-22T00:00:00+00:00",1,1,0]]},"geometry":{"type":"Point","coordinates":[34.4782,31.490096]}},{"type":"Feature","properties":{"site_id":26,"event_code":"CE20231007PSE","latest_date":"2025-09-22T00:00:00+00:00","latest_class":1,"pass_count":14,"h":[["2023-10-15T00:00:00+00:00",2,1,null],["2023-11-07T00:00:00+00:00",2,1,0],["2023-11-26T00:00:00+00:00",2,1,0],["2024-01-06T00:00:00+00:00",1,1,1],["2024-02-29T00:00:00+00:00",1,1,0],["2024-04-01T00:00:00+00:00",1,1,0],["2024-05-03T00:00:00+00:00",1,1,0],["2024-07-06T00:00:00+00:00",1,1,0],["2024-09-06T00:00:00+00:00",1,1,0],["2024-12-01T00:00:00+00:00",1,1,0],["2025-02-25T00:00:00+00:00",1,1,0],["2025-04-04T00:00:00+00:00",1,1,0],["2025-07-08T00:00:00+00:00",1,1,0],["2025-09-22T00:00:00+00:00",1,1,0]]},"geometry":{"type":"Point","coordinates":[34.478625,31.489719]}},{"type":"Feature","properties":{"site_id":26,"event_code":"CE20231007PSE","latest_date":"2025-09-22T00:00:00+00:00","latest_class":1,"pass_count":14,"h":[["2023-10-15T00:00:00+00:00",1,1,null],["2023-11-07T00:00:00+00:00",1,1,0],["2023-11-26T00:00:00+00:00",1,1,0],["2024-01-06T00:00:00+00:00",1,1,0],["2024-02-29T00:00:00+00:00",1,1,0],["2024-04-01T00:00:00+00:00",1,1,0],["2024-05-03T00:00:00+00:00",1,1,0],["2024-07-06T00:00:00+00:00",1,1,0],["2024-09-06T00:00:00+00:00",1,1,0],["2024-12-01T00:00:00+00:00",1,1,0],["2025-02-25T00:00:00+00:00",1,1,0],["2025-04-04T00:00:00+00:00",1,1,0],["2025-07-08T00:00:00+00:00",1,1,0],["2025-09-22T00:00:00+00:00",1,1,0]]},"geometry":{"type":"Point","coordinates":[34.47855,31.489791]}},{"type":"Feature","properties":{"site_id":26,"event_code":"CE20231007PSE","latest_date":"2025-09-22T00:00:00+00:00","latest_class":1,"pass_count":14,"h":[["2023-10-15T00:00:00+00:00",2,1,null],["2023-11-07T00:00:00+00:00",2,1,0],["2023-11-26T00:00:00+00:00",2,1,0],["2024-01-06T00:00:00+00:00",1,1,1],["2024-02-29T00:00:00+00:00",1,1,0],["2024-04-01T00:00:00+00:00",1,1,0],["2024-05-03T00:00:00+00:00",1,1,0],["2024-07-06T00:00:00+00:00",1,1,0],["2024-09-06T00:00:00+00:00",1,1,0],["2024-12-01T00:00:00+00:00",1,1,0],["2025-02-25T00:00:00+00:00",1,1,0],["2025-04-04T00:00:00+00:00",1,1,0],["2025-07-08T00:00:00+00:00",1,1,0],["2025-09-22T00:00:00+00:00",1,1,0]]},"geometry":{"type":"Point","coordinates":[34.47842,31.490192]}},{"type":"Feature","properties":{"site_id":26,"event_code":"CE20231007PSE","latest_date":"2025-09-22T00:00:00+00:00","latest_class":1,"pass_count":14,"h":[["2023-10-15T00:00:00+00:00",2,1,null],["2023-11-07T00:00:00+00:00",2,1,0],["2023-11-26T00:00:00+00:00",2,1,0],["2024-01-06T00:00:00+00:00",1,1,1],["2024-02-29T00:00:00+00:00",1,1,0],["2024-04-01T00:00:00+00:00",1,1,0],["2024-05-03T00:00:00+00:00",1,1,0],["2024-07-06T00:00:00+00:00",1,1,0],["2024-09-06T00:00:00+00:00",1,1,0],["2024-12-01T00:00:00+00:00",1,1,0],["2025-02-25T00:00:00+00:00",1,1,0],["2025-04-04T00:00:00+00:00",1,1,0],["2025-07-08T00:00:00+00:00",1,1,0],["2025-09-22T00:00:00+00:00",1,1,0]]},"geometry":{"type":"Point","coordinates":[34.478537,31.490234]}},{"type":"Feature","properties":{"site_id":26,"event_code":"CE20231007PSE","latest_date":"2025-09-22T00:00:00+00:00","latest_class":1,"pass_count":14,"h":[["2023-10-15T00:00:00+00:00",3,2,null],["2023-11-07T00:00:00+00:00",3,2,0],["2023-11-26T00:00:00+00:00",3,2,0],["2024-01-06T00:00:00+00:00",1,1,1],["2024-02-29T00:00:00+00:00",1,1,0],["2024-04-01T00:00:00+00:00",1,1,0],["2024-05-03T00:00:00+00:00",1,1,0],["2024-07-06T00:00:00+00:00",1,1,0],["2024-09-06T00:00:00+00:00",1,1,0],["2024-12-01T00:00:00+00:00",1,1,0],["2025-02-25T00:00:00+00:00",1,1,0],["2025-04-04T00:00:00+00:00",1,1,0],["2025-07-08T00:00:00+00:00",1,1,0],["2025-09-22T00:00:00+00:00",1,1,0]]},"geometry":{"type":"Point","coordinates":[34.478755,31.490167]}},{"type":"Feature","properties":{"site_id":26,"event_code":"CE20231007PSE","latest_date":"2025-09-22T00:00:00+00:00","latest_class":1,"pass_count":14,"h":[["2023-10-15T00:00:00+00:00",3,2,null],["2023-11-07T00:00:00+00:00",3,2,0],["2023-11-26T00:00:00+00:00",3,2,0],["2024-01-06T00:00:00+00:00",1,1,1],["2024-02-29T00:00:00+00:00",1,1,0],["2024-04-01T00:00:00+00:00",1,1,0],["2024-05-03T00:00:00+00:00",1,1,0],["2024-07-06T00:00:00+00:00",1,1,0],["2024-09-06T00:00:00+00:00",1,1,0],["2024-12-01T00:00:00+00:00",1,1,0],["2025-02-25T00:00:00+00:00",1,1,0],["2025-04-04T00:00:00+00:00",1,1,0],["2025-07-08T00:00:00+00:00",1,1,0],["2025-09-22T00:00:00+00:00",1,1,0]]},"geometry":{"type":"Point","coordinates":[34.478717,31.490422]}},{"type":"Feature","properties":{"site_id":26,"event_code":"CE20231007PSE","latest_date":"2025-09-22T00:00:00+00:00","latest_class":1,"pass_count":14,"h":[["2023-10-15T00:00:00+00:00",2,1,null],["2023-11-07T00:00:00+00:00",2,1,0],["2023-11-26T00:00:00+00:00",2,1,0],["2024-01-06T00:00:00+00:00",1,1,1],["2024-02-29T00:00:00+00:00",1,1,0],["2024-04-01T00:00:00+00:00",1,1,0],["2024-05-03T00:00:00+00:00",1,1,0],["2024-07-06T00:00:00+00:00",1,1,0],["2024-09-06T00:00:00+00:00",1,1,0],["2024-12-01T00:00:00+00:00",1,1,0],["2025-02-25T00:00:00+00:00",1,1,0],["2025-04-04T00:00:00+00:00",1,1,0],["2025-07-08T00:00:00+00:00",1,1,0],["2025-09-22T00:00:00+00:00",1,1,0]]},"geometry":{"type":"Point","coordinates":[34.478306,31.490658]}},{"type":"Feature","properties":{"site_id":26,"event_code":"CE20231007PSE","latest_date":"2025-09-22T00:00:00+00:00","latest_class":1,"pass_count":14,"h":[["2023-10-15T00:00:00+00:00",2,1,null],["2023-11-07T00:00:00+00:00",2,1,0],["2023-11-26T00:00:00+00:00",2,1,0],["2024-01-06T00:00:00+00:00",1,1,1],["2024-02-29T00:00:00+00:00",1,1,0],["2024-04-01T00:00:00+00:00",1,1,0],["2024-05-03T00:00:00+00:00",1,1,0],["2024-07-06T00:00:00+00:00",1,1,0],["2024-09-06T00:00:00+00:00",1,1,0],["2024-12-01T00:00:00+00:00",1,1,0],["2025-02-25T00:00:00+00:00",1,1,0],["2025-04-04T00:00:00+00:00",1,1,0],["2025-07-08T00:00:00+00:00",1,1,0],["2025-09-22T00:00:00+00:00",1,1,0]]},"geometry":{"type":"Point","coordinates":[34.478527,31.490603]}},{"type":"Feature","properties":{"site_id":26,"event_code":"CE20231007PSE","latest_date":"2025-09-22T00:00:00+00:00","latest_class":1,"pass_count":14,"h":[["2023-10-15T00:00:00+00:00",3,2,null],["2023-11-07T00:00:00+00:00",3,2,0],["2023-11-26T00:00:00+00:00",3,2,0],["2024-01-06T00:00:00+00:00",1,1,1],["2024-02-29T00:00:00+00:00",1,1,0],["2024-04-01T00:00:00+00:00",1,1,0],["2024-05-03T00:00:00+00:00",1,1,0],["2024-07-06T00:00:00+00:00",1,1,0],["2024-09-06T00:00:00+00:00",1,1,0],["2024-12-01T00:00:00+00:00",1,1,0],["2025-02-25T00:00:00+00:00",1,1,0],["2025-04-04T00:00:00+00:00",1,1,0],["2025-07-08T00:00:00+00:00",1,1,0],["2025-09-22T00:00:00+00:00",1,1,0]]},"geometry":{"type":"Point","coordinates":[34.478414,31.490726]}},{"type":"Feature","properties":{"site_id":26,"event_code":"CE20231007PSE","latest_date":"2025-09-22T00:00:00+00:00","latest_class":1,"pass_count":14,"h":[["2023-10-15T00:00:00+00:00",2,1,null],["2023-11-07T00:00:00+00:00",2,1,0],["2023-11-26T00:00:00+00:00",2,1,0],["2024-01-06T00:00:00+00:00",1,1,1],["2024-02-29T00:00:00+00:00",1,1,0],["2024-04-01T00:00:00+00:00",1,1,0],["2024-05-03T00:00:00+00:00",1,1,0],["2024-07-06T00:00:00+00:00",1,1,0],["2024-09-06T00:00:00+00:00",1,1,0],["2024-12-01T00:00:00+00:00",1,1,0],["2025-02-25T00:00:00+00:00",1,1,0],["2025-04-04T00:00:00+00:00",1,1,0],["2025-07-08T00:00:00+00:00",1,1,0],["2025-09-22T00:00:00+00:00",1,1,0]]},"geometry":{"type":"Point","coordinates":[34.477541,31.490231]}},{"type":"Feature","properties":{"site_id":26,"event_code":"CE20231007PSE","latest_date":"2025-09-22T00:00:00+00:00","latest_class":1,"pass_count":14,"h":[["2023-10-15T00:00:00+00:00",1,1,null],["2023-11-07T00:00:00+00:00",1,1,0],["2023-11-26T00:00:00+00:00",1,1,0],["2024-01-06T00:00:00+00:00",1,1,0],["2024-02-29T00:00:00+00:00",1,1,0],["2024-04-01T00:00:00+00:00",1,1,0],["2024-05-03T00:00:00+00:00",1,1,0],["2024-07-06T00:00:00+00:00",1,1,0],["2024-09-06T00:00:00+00:00",1,1,0],["2024-12-01T00:00:00+00:00",1,1,0],["2025-02-25T00:00:00+00:00",1,1,0],["2025-04-04T00:00:00+00:00",1,1,0],["2025-07-08T00:00:00+00:00",1,1,0],["2025-09-22T00:00:00+00:00",1,1,0]]},"geometry":{"type":"Point","coordinates":[34.479051,31.490757]}},{"type":"Feature","properties":{"site_id":26,"event_code":"CE20231007PSE","latest_date":"2025-09-22T00:00:00+00:00","latest_class":1,"pass_count":14,"h":[["2023-10-15T00:00:00+00:00",1,1,null],["2023-11-07T00:00:00+00:00",1,1,0],["2023-11-26T00:00:00+00:00",1,1,0],["2024-01-06T00:00:00+00:00",1,1,0],["2024-02-29T00:00:00+00:00",1,1,0],["2024-04-01T00:00:00+00:00",1,1,0],["2024-05-03T00:00:00+00:00",1,1,0],["2024-07-06T00:00:00+00:00",1,1,0],["2024-09-06T00:00:00+00:00",1,1,0],["2024-12-01T00:00:00+00:00",1,1,0],["2025-02-25T00:00:00+00:00",1,1,0],["2025-04-04T00:00:00+00:00",1,1,0],["2025-07-08T00:00:00+00:00",1,1,0],["2025-09-22T00:00:00+00:00",1,1,0]]},"geometry":{"type":"Point","coordinates":[34.478925,31.490873]}},{"type":"Feature","properties":{"site_id":26,"event_code":"CE20231007PSE","latest_date":"2025-09-22T00:00:00+00:00","latest_class":1,"pass_count":14,"h":[["2023-10-15T00:00:00+00:00",1,1,null],["2023-11-07T00:00:00+00:00",1,1,0],["2023-11-26T00:00:00+00:00",1,1,0],["2024-01-06T00:00:00+00:00",1,1,0],["2024-02-29T00:00:00+00:00",1,1,0],["2024-04-01T00:00:00+00:00",1,1,0],["2024-05-03T00:00:00+00:00",1,1,0],["2024-07-06T00:00:00+00:00",1,1,0],["2024-09-06T00:00:00+00:00",1,1,0],["2024-12-01T00:00:00+00:00",1,1,0],["2025-02-25T00:00:00+00:00",1,1,0],["2025-04-04T00:00:00+00:00",1,1,0],["2025-07-08T00:00:00+00:00",1,1,0],["2025-09-22T00:00:00+00:00",1,1,0]]},"geometry":{"type":"Point","coordinates":[34.478657,31.491106]}},{"type":"Feature","properties":{"site_id":26,"event_code":"CE20231007PSE","latest_date":"2025-09-22T00:00:00+00:00","latest_class":1,"pass_count":14,"h":[["2023-10-15T00:00:00+00:00",2,1,null],["2023-11-07T00:00:00+00:00",2,1,0],["2023-11-26T00:00:00+00:00",2,1,0],["2024-01-06T00:00:00+00:00",1,1,1],["2024-02-29T00:00:00+00:00",1,1,0],["2024-04-01T00:00:00+00:00",1,1,0],["2024-05-03T00:00:00+00:00",1,1,0],["2024-07-06T00:00:00+00:00",1,1,0],["2024-09-06T00:00:00+00:00",1,1,0],["2024-12-01T00:00:00+00:00",1,1,0],["2025-02-25T00:00:00+00:00",1,1,0],["2025-04-04T00:00:00+00:00",1,1,0],["2025-07-08T00:00:00+00:00",1,1,0],["2025-09-22T00:00:00+00:00",1,1,0]]},"geometry":{"type":"Point","coordinates":[34.478486,31.491271]}},{"type":"Feature","properties":{"site_id":26,"event_code":"CE20231007PSE","latest_date":"2025-09-22T00:00:00+00:00","latest_class":1,"pass_count":14,"h":[["2023-10-15T00:00:00+00:00",3,2,null],["2023-11-07T00:00:00+00:00",3,2,0],["2023-11-26T00:00:00+00:00",3,2,0],["2024-01-06T00:00:00+00:00",1,1,1],["2024-02-29T00:00:00+00:00",1,1,0],["2024-04-01T00:00:00+00:00",1,1,0],["2024-05-03T00:00:00+00:00",1,1,0],["2024-07-06T00:00:00+00:00",1,1,0],["2024-09-06T00:00:00+00:00",1,1,0],["2024-12-01T00:00:00+00:00",1,1,0],["2025-02-25T00:00:00+00:00",1,1,0],["2025-04-04T00:00:00+00:00",1,1,0],["2025-07-08T00:00:00+00:00",1,1,0],["2025-09-22T00:00:00+00:00",1,1,0]]},"geometry":{"type":"Point","coordinates":[34.47837,31.491067]}},{"type":"Feature","properties":{"site_id":26,"event_code":"CE20231007PSE","latest_date":"2025-09-22T00:00:00+00:00","latest_class":1,"pass_count":14,"h":[["2023-10-15T00:00:00+00:00",1,1,null],["2023-11-07T00:00:00+00:00",1,1,0],["2023-11-26T00:00:00+00:00",1,1,0],["2024-01-06T00:00:00+00:00",1,1,0],["2024-02-29T00:00:00+00:00",1,1,0],["2024-04-01T00:00:00+00:00",1,1,0],["2024-05-03T00:00:00+00:00",1,1,0],["2024-07-06T00:00:00+00:00",1,1,0],["2024-09-06T00:00:00+00:00",1,1,0],["2024-12-01T00:00:00+00:00",1,1,0],["2025-02-25T00:00:00+00:00",1,1,0],["2025-04-04T00:00:00+00:00",1,1,0],["2025-07-08T00:00:00+00:00",1,1,0],["2025-09-22T00:00:00+00:00",1,1,0]]},"geometry":{"type":"Point","coordinates":[34.479072,31.491699]}},{"type":"Feature","properties":{"site_id":26,"event_code":"CE20231007PSE","latest_date":"2025-09-22T00:00:00+00:00","latest_class":1,"pass_count":14,"h":[["2023-10-15T00:00:00+00:00",2,1,null],["2023-11-07T00:00:00+00:00",2,1,0],["2023-11-26T00:00:00+00:00",2,1,0],["2024-01-06T00:00:00+00:00",2,1,0],["2024-02-29T00:00:00+00:00",2,1,0],["2024-04-01T00:00:00+00:00",2,1,0],["2024-05-03T00:00:00+00:00",2,1,0],["2024-07-06T00:00:00+00:00",1,1,1],["2024-09-06T00:00:00+00:00",1,1,0],["2024-12-01T00:00:00+00:00",1,1,0],["2025-02-25T00:00:00+00:00",1,1,0],["2025-04-04T00:00:00+00:00",1,1,0],["2025-07-08T00:00:00+00:00",1,1,0],["2025-09-22T00:00:00+00:00",1,1,0]]},"geometry":{"type":"Point","coordinates":[34.47879,31.491757]}},{"type":"Feature","properties":{"site_id":26,"event_code":"CE20231007PSE","latest_date":"2025-09-22T00:00:00+00:00","latest_class":1,"pass_count":14,"h":[["2023-10-15T00:00:00+00:00",3,2,null],["2023-11-07T00:00:00+00:00",3,2,0],["2023-11-26T00:00:00+00:00",3,2,0],["2024-01-06T00:00:00+00:00",1,1,1],["2024-02-29T00:00:00+00:00",1,1,0],["2024-04-01T00:00:00+00:00",1,1,0],["2024-05-03T00:00:00+00:00",1,1,0],["2024-07-06T00:00:00+00:00",1,1,0],["2024-09-06T00:00:00+00:00",1,1,0],["2024-12-01T00:00:00+00:00",1,1,0],["2025-02-25T00:00:00+00:00",1,1,0],["2025-04-04T00:00:00+00:00",1,1,0],["2025-07-08T00:00:00+00:00",1,1,0],["2025-09-22T00:00:00+00:00",1,1,0]]},"geometry":{"type":"Point","coordinates":[34.47889,31.491654]}},{"type":"Feature","properties":{"site_id":26,"event_code":"CE20231007PSE","latest_date":"2025-09-22T00:00:00+00:00","latest_class":1,"pass_count":14,"h":[["2023-10-15T00:00:00+00:00",3,2,null],["2023-11-07T00:00:00+00:00",3,2,0],["2023-11-26T00:00:00+00:00",3,2,0],["2024-01-06T00:00:00+00:00",1,1,1],["2024-02-29T00:00:00+00:00",1,1,0],["2024-04-01T00:00:00+00:00",1,1,0],["2024-05-03T00:00:00+00:00",1,1,0],["2024-07-06T00:00:00+00:00",1,1,0],["2024-09-06T00:00:00+00:00",1,1,0],["2024-12-01T00:00:00+00:00",1,1,0],["2025-02-25T00:00:00+00:00",1,1,0],["2025-04-04T00:00:00+00:00",1,1,0],["2025-07-08T00:00:00+00:00",1,1,0],["2025-09-22T00:00:00+00:00",1,1,0]]},"geometry":{"type":"Point","coordinates":[34.479098,31.491292]}},{"type":"Feature","properties":{"site_id":26,"event_code":"CE20231007PSE","latest_date":"2025-09-22T00:00:00+00:00","latest_class":1,"pass_count":14,"h":[["2023-10-15T00:00:00+00:00",3,2,null],["2023-11-07T00:00:00+00:00",3,2,0],["2023-11-26T00:00:00+00:00",3,2,0],["2024-01-06T00:00:00+00:00",1,1,1],["2024-02-29T00:00:00+00:00",1,1,0],["2024-04-01T00:00:00+00:00",1,1,0],["2024-05-03T00:00:00+00:00",1,1,0],["2024-07-06T00:00:00+00:00",1,1,0],["2024-09-06T00:00:00+00:00",1,1,0],["2024-12-01T00:00:00+00:00",1,1,0],["2025-02-25T00:00:00+00:00",1,1,0],["2025-04-04T00:00:00+00:00",1,1,0],["2025-07-08T00:00:00+00:00",1,1,0],["2025-09-22T00:00:00+00:00",1,1,0]]},"geometry":{"type":"Point","coordinates":[34.478752,31.491292]}},{"type":"Feature","properties":{"site_id":26,"event_code":"CE20231007PSE","latest_date":"2025-09-22T00:00:00+00:00","latest_class":1,"pass_count":14,"h":[["2023-10-15T00:00:00+00:00",3,2,null],["2023-11-07T00:00:00+00:00",3,2,0],["2023-11-26T00:00:00+00:00",3,2,0],["2024-01-06T00:00:00+00:00",1,1,1],["2024-02-29T00:00:00+00:00",1,1,0],["2024-04-01T00:00:00+00:00",1,1,0],["2024-05-03T00:00:00+00:00",1,1,0],["2024-07-06T00:00:00+00:00",1,1,0],["2024-09-06T00:00:00+00:00",1,1,0],["2024-12-01T00:00:00+00:00",1,1,0],["2025-02-25T00:00:00+00:00",1,1,0],["2025-04-04T00:00:00+00:00",1,1,0],["2025-07-08T00:00:00+00:00",1,1,0],["2025-09-22T00:00:00+00:00",1,1,0]]},"geometry":{"type":"Point","coordinates":[34.478926,31.491111]}},{"type":"Feature","properties":{"site_id":26,"event_code":"CE20231007PSE","latest_date":"2025-09-22T00:00:00+00:00","latest_class":1,"pass_count":14,"h":[["2023-10-15T00:00:00+00:00",3,2,null],["2023-11-07T00:00:00+00:00",3,2,0],["2023-11-26T00:00:00+00:00",3,2,0],["2024-01-06T00:00:00+00:00",1,1,1],["2024-02-29T00:00:00+00:00",1,1,0],["2024-04-01T00:00:00+00:00",1,1,0],["2024-05-03T00:00:00+00:00",1,1,0],["2024-07-06T00:00:00+00:00",1,1,0],["2024-09-06T00:00:00+00:00",1,1,0],["2024-12-01T00:00:00+00:00",1,1,0],["2025-02-25T00:00:00+00:00",1,1,0],["2025-04-04T00:00:00+00:00",1,1,0],["2025-07-08T00:00:00+00:00",1,1,0],["2025-09-22T00:00:00+00:00",1,1,0]]},"geometry":{"type":"Point","coordinates":[34.478635,31.491411]}},{"type":"Feature","properties":{"site_id":26,"event_code":"CE20231007PSE","latest_date":"2025-09-22T00:00:00+00:00","latest_class":1,"pass_count":14,"h":[["2023-10-15T00:00:00+00:00",3,2,null],["2023-11-07T00:00:00+00:00",3,2,0],["2023-11-26T00:00:00+00:00",3,2,0],["2024-01-06T00:00:00+00:00",2,1,1],["2024-02-29T00:00:00+00:00",2,1,0],["2024-04-01T00:00:00+00:00",2,1,0],["2024-05-03T00:00:00+00:00",2,1,0],["2024-07-06T00:00:00+00:00",2,1,0],["2024-09-06T00:00:00+00:00",2,1,0],["2024-12-01T00:00:00+00:00",2,1,0],["2025-02-25T00:00:00+00:00",2,1,0],["2025-04-04T00:00:00+00:00",2,1,0],["2025-07-08T00:00:00+00:00",1,1,1],["2025-09-22T00:00:00+00:00",1,1,0]]},"geometry":{"type":"Point","coordinates":[34.479049,31.491945]}},{"type":"Feature","properties":{"site_id":26,"event_code":"CE20231007PSE","latest_date":"2025-09-22T00:00:00+00:00","latest_class":1,"pass_count":14,"h":[["2023-10-15T00:00:00+00:00",1,1,null],["2023-11-07T00:00:00+00:00",1,1,0],["2023-11-26T00:00:00+00:00",1,1,0],["2024-01-06T00:00:00+00:00",1,1,0],["2024-02-29T00:00:00+00:00",1,1,0],["2024-04-01T00:00:00+00:00",1,1,0],["2024-05-03T00:00:00+00:00",1,1,0],["2024-07-06T00:00:00+00:00",1,1,0],["2024-09-06T00:00:00+00:00",1,1,0],["2024-12-01T00:00:00+00:00",1,1,0],["2025-02-25T00:00:00+00:00",1,1,0],["2025-04-04T00:00:00+00:00",1,1,0],["2025-07-08T00:00:00+00:00",1,1,0],["2025-09-22T00:00:00+00:00",1,1,0]]},"geometry":{"type":"Point","coordinates":[34.478052,31.491051]}},{"type":"Feature","properties":{"site_id":26,"event_code":"CE20231007PSE","latest_date":"2025-09-22T00:00:00+00:00","latest_class":1,"pass_count":14,"h":[["2023-10-15T00:00:00+00:00",1,1,null],["2023-11-07T00:00:00+00:00",1,1,0],["2023-11-26T00:00:00+00:00",1,1,0],["2024-01-06T00:00:00+00:00",1,1,0],["2024-02-29T00:00:00+00:00",1,1,0],["2024-04-01T00:00:00+00:00",1,1,0],["2024-05-03T00:00:00+00:00",1,1,0],["2024-07-06T00:00:00+00:00",1,1,0],["2024-09-06T00:00:00+00:00",1,1,0],["2024-12-01T00:00:00+00:00",1,1,0],["2025-02-25T00:00:00+00:00",1,1,0],["2025-04-04T00:00:00+00:00",1,1,0],["2025-07-08T00:00:00+00:00",1,1,0],["2025-09-22T00:00:00+00:00",1,1,0]]},"geometry":{"type":"Point","coordinates":[34.478128,31.490763]}},{"type":"Feature","properties":{"site_id":26,"event_code":"CE20231007PSE","latest_date":"2025-09-22T00:00:00+00:00","latest_class":1,"pass_count":14,"h":[["2023-10-15T00:00:00+00:00",2,1,null],["2023-11-07T00:00:00+00:00",2,1,0],["2023-11-26T00:00:00+00:00",2,1,0],["2024-01-06T00:00:00+00:00",1,1,1],["2024-02-29T00:00:00+00:00",1,1,0],["2024-04-01T00:00:00+00:00",1,1,0],["2024-05-03T00:00:00+00:00",1,1,0],["2024-07-06T00:00:00+00:00",1,1,0],["2024-09-06T00:00:00+00:00",1,1,0],["2024-12-01T00:00:00+00:00",1,1,0],["2025-02-25T00:00:00+00:00",1,1,0],["2025-04-04T00:00:00+00:00",1,1,0],["2025-07-08T00:00:00+00:00",1,1,0],["2025-09-22T00:00:00+00:00",1,1,0]]},"geometry":{"type":"Point","coordinates":[34.478239,31.490832]}},{"type":"Feature","properties":{"site_id":26,"event_code":"CE20231007PSE","latest_date":"2025-09-22T00:00:00+00:00","latest_class":1,"pass_count":14,"h":[["2023-10-15T00:00:00+00:00",1,1,null],["2023-11-07T00:00:00+00:00",1,1,0],["2023-11-26T00:00:00+00:00",1,1,0],["2024-01-06T00:00:00+00:00",1,1,0],["2024-02-29T00:00:00+00:00",1,1,0],["2024-04-01T00:00:00+00:00",1,1,0],["2024-05-03T00:00:00+00:00",1,1,0],["2024-07-06T00:00:00+00:00",1,1,0],["2024-09-06T00:00:00+00:00",1,1,0],["2024-12-01T00:00:00+00:00",1,1,0],["2025-02-25T00:00:00+00:00",1,1,0],["2025-04-04T00:00:00+00:00",1,1,0],["2025-07-08T00:00:00+00:00",1,1,0],["2025-09-22T00:00:00+00:00",1,1,0]]},"geometry":{"type":"Point","coordinates":[34.478101,31.490871]}},{"type":"Feature","properties":{"site_id":26,"event_code":"CE20231007PSE","latest_date":"2025-09-22T00:00:00+00:00","latest_class":1,"pass_count":14,"h":[["2023-10-15T00:00:00+00:00",2,1,null],["2023-11-07T00:00:00+00:00",2,1,0],["2023-11-26T00:00:00+00:00",2,1,0],["2024-01-06T00:00:00+00:00",1,1,1],["2024-02-29T00:00:00+00:00",1,1,0],["2024-04-01T00:00:00+00:00",1,1,0],["2024-05-03T00:00:00+00:00",1,1,0],["2024-07-06T00:00:00+00:00",1,1,0],["2024-09-06T00:00:00+00:00",1,1,0],["2024-12-01T00:00:00+00:00",1,1,0],["2025-02-25T00:00:00+00:00",1,1,0],["2025-04-04T00:00:00+00:00",1,1,0],["2025-07-08T00:00:00+00:00",1,1,0],["2025-09-22T00:00:00+00:00",1,1,0]]},"geometry":{"type":"Point","coordinates":[34.477771,31.490882]}},{"type":"Feature","properties":{"site_id":26,"event_code":"CE20231007PSE","latest_date":"2025-09-22T00:00:00+00:00","latest_class":1,"pass_count":14,"h":[["2023-10-15T00:00:00+00:00",3,2,null],["2023-11-07T00:00:00+00:00",3,2,0],["2023-11-26T00:00:00+00:00",3,2,0],["2024-01-06T00:00:00+00:00",1,1,1],["2024-02-29T00:00:00+00:00",1,1,0],["2024-04-01T00:00:00+00:00",1,1,0],["2024-05-03T00:00:00+00:00",1,1,0],["2024-07-06T00:00:00+00:00",1,1,0],["2024-09-06T00:00:00+00:00",1,1,0],["2024-12-01T00:00:00+00:00",1,1,0],["2025-02-25T00:00:00+00:00",1,1,0],["2025-04-04T00:00:00+00:00",1,1,0],["2025-07-08T00:00:00+00:00",1,1,0],["2025-09-22T00:00:00+00:00",1,1,0]]},"geometry":{"type":"Point","coordinates":[34.477914,31.490951]}},{"type":"Feature","properties":{"site_id":26,"event_code":"CE20231007PSE","latest_date":"2025-09-22T00:00:00+00:00","latest_class":1,"pass_count":14,"h":[["2023-10-15T00:00:00+00:00",3,2,null],["2023-11-07T00:00:00+00:00",3,2,0],["2023-11-26T00:00:00+00:00",3,2,0],["2024-01-06T00:00:00+00:00",1,1,1],["2024-02-29T00:00:00+00:00",1,1,0],["2024-04-01T00:00:00+00:00",1,1,0],["2024-05-03T00:00:00+00:00",1,1,0],["2024-07-06T00:00:00+00:00",1,1,0],["2024-09-06T00:00:00+00:00",1,1,0],["2024-12-01T00:00:00+00:00",1,1,0],["2025-02-25T00:00:00+00:00",1,1,0],["2025-04-04T00:00:00+00:00",1,1,0],["2025-07-08T00:00:00+00:00",1,1,0],["2025-09-22T00:00:00+00:00",1,1,0]]},"geometry":{"type":"Point","coordinates":[34.478057,31.491217]}},{"type":"Feature","properties":{"site_id":26,"event_code":"CE20231007PSE","latest_date":"2025-09-22T00:00:00+00:00","latest_class":1,"pass_count":14,"h":[["2023-10-15T00:00:00+00:00",3,2,null],["2023-11-07T00:00:00+00:00",3,2,0],["2023-11-26T00:00:00+00:00",3,2,0],["2024-01-06T00:00:00+00:00",1,1,1],["2024-02-29T00:00:00+00:00",1,1,0],["2024-04-01T00:00:00+00:00",1,1,0],["2024-05-03T00:00:00+00:00",1,1,0],["2024-07-06T00:00:00+00:00",1,1,0],["2024-09-06T00:00:00+00:00",1,1,0],["2024-12-01T00:00:00+00:00",1,1,0],["2025-02-25T00:00:00+00:00",1,1,0],["2025-04-04T00:00:00+00:00",1,1,0],["2025-07-08T00:00:00+00:00",1,1,0],["2025-09-22T00:00:00+00:00",1,1,0]]},"geometry":{"type":"Point","coordinates":[34.477995,31.491168]}},{"type":"Feature","properties":{"site_id":26,"event_code":"CE20231007PSE","latest_date":"2025-09-22T00:00:00+00:00","latest_class":1,"pass_count":14,"h":[["2023-10-15T00:00:00+00:00",3,2,null],["2023-11-07T00:00:00+00:00",3,2,0],["2023-11-26T00:00:00+00:00",3,2,0],["2024-01-06T00:00:00+00:00",1,1,1],["2024-02-29T00:00:00+00:00",1,1,0],["2024-04-01T00:00:00+00:00",1,1,0],["2024-05-03T00:00:00+00:00",1,1,0],["2024-07-06T00:00:00+00:00",1,1,0],["2024-09-06T00:00:00+00:00",1,1,0],["2024-12-01T00:00:00+00:00",1,1,0],["2025-02-25T00:00:00+00:00",1,1,0],["2025-04-04T00:00:00+00:00",1,1,0],["2025-07-08T00:00:00+00:00",1,1,0],["2025-09-22T00:00:00+00:00",1,1,0]]},"geometry":{"type":"Point","coordinates":[34.477887,31.491109]}},{"type":"Feature","properties":{"site_id":26,"event_code":"CE20231007PSE","latest_date":"2025-09-22T00:00:00+00:00","latest_class":1,"pass_count":14,"h":[["2023-10-15T00:00:00+00:00",3,2,null],["2023-11-07T00:00:00+00:00",3,2,0],["2023-11-26T00:00:00+00:00",3,2,0],["2024-01-06T00:00:00+00:00",1,1,1],["2024-02-29T00:00:00+00:00",1,1,0],["2024-04-01T00:00:00+00:00",1,1,0],["2024-05-03T00:00:00+00:00",1,1,0],["2024-07-06T00:00:00+00:00",1,1,0],["2024-09-06T00:00:00+00:00",1,1,0],["2024-12-01T00:00:00+00:00",1,1,0],["2025-02-25T00:00:00+00:00",1,1,0],["2025-04-04T00:00:00+00:00",1,1,0],["2025-07-08T00:00:00+00:00",1,1,0],["2025-09-22T00:00:00+00:00",1,1,0]]},"geometry":{"type":"Point","coordinates":[34.477727,31.491027]}},{"type":"Feature","properties":{"site_id":26,"event_code":"CE20231007PSE","latest_date":"2025-09-22T00:00:00+00:00","latest_class":1,"pass_count":14,"h":[["2023-10-15T00:00:00+00:00",2,1,null],["2023-11-07T00:00:00+00:00",2,1,0],["2023-11-26T00:00:00+00:00",2,1,0],["2024-01-06T00:00:00+00:00",1,1,1],["2024-02-29T00:00:00+00:00",1,1,0],["2024-04-01T00:00:00+00:00",1,1,0],["2024-05-03T00:00:00+00:00",1,1,0],["2024-07-06T00:00:00+00:00",1,1,0],["2024-09-06T00:00:00+00:00",1,1,0],["2024-12-01T00:00:00+00:00",1,1,0],["2025-02-25T00:00:00+00:00",1,1,0],["2025-04-04T00:00:00+00:00",1,1,0],["2025-07-08T00:00:00+00:00",1,1,0],["2025-09-22T00:00:00+00:00",1,1,0]]},"geometry":{"type":"Point","coordinates":[34.47931,31.490665]}},{"type":"Feature","properties":{"site_id":26,"event_code":"CE20231007PSE","latest_date":"2025-09-22T00:00:00+00:00","latest_class":1,"pass_count":14,"h":[["2023-10-15T00:00:00+00:00",1,1,null],["2023-11-07T00:00:00+00:00",1,1,0],["2023-11-26T00:00:00+00:00",1,1,0],["2024-01-06T00:00:00+00:00",1,1,0],["2024-02-29T00:00:00+00:00",1,1,0],["2024-04-01T00:00:00+00:00",1,1,0],["2024-05-03T00:00:00+00:00",1,1,0],["2024-07-06T00:00:00+00:00",1,1,0],["2024-09-06T00:00:00+00:00",1,1,0],["2024-12-01T00:00:00+00:00",1,1,0],["2025-02-25T00:00:00+00:00",1,1,0],["2025-04-04T00:00:00+00:00",1,1,0],["2025-07-08T00:00:00+00:00",1,1,0],["2025-09-22T00:00:00+00:00",1,1,0]]},"geometry":{"type":"Point","coordinates":[34.479243,31.491113]}},{"type":"Feature","properties":{"site_id":26,"event_code":"CE20231007PSE","latest_date":"2025-09-22T00:00:00+00:00","latest_class":1,"pass_count":14,"h":[["2023-10-15T00:00:00+00:00",3,2,null],["2023-11-07T00:00:00+00:00",3,2,0],["2023-11-26T00:00:00+00:00",3,2,0],["2024-01-06T00:00:00+00:00",1,1,1],["2024-02-29T00:00:00+00:00",1,1,0],["2024-04-01T00:00:00+00:00",1,1,0],["2024-05-03T00:00:00+00:00",1,1,0],["2024-07-06T00:00:00+00:00",1,1,0],["2024-09-06T00:00:00+00:00",1,1,0],["2024-12-01T00:00:00+00:00",1,1,0],["2025-02-25T00:00:00+00:00",1,1,0],["2025-04-04T00:00:00+00:00",1,1,0],["2025-07-08T00:00:00+00:00",1,1,0],["2025-09-22T00:00:00+00:00",1,1,0]]},"geometry":{"type":"Point","coordinates":[34.479519,31.490815]}},{"type":"Feature","properties":{"site_id":26,"event_code":"CE20231007PSE","latest_date":"2025-09-22T00:00:00+00:00","latest_class":1,"pass_count":14,"h":[["2023-10-15T00:00:00+00:00",3,2,null],["2023-11-07T00:00:00+00:00",3,2,0],["2023-11-26T00:00:00+00:00",3,2,0],["2024-01-06T00:00:00+00:00",1,1,1],["2024-02-29T00:00:00+00:00",1,1,0],["2024-04-01T00:00:00+00:00",1,1,0],["2024-05-03T00:00:00+00:00",1,1,0],["2024-07-06T00:00:00+00:00",1,1,0],["2024-09-06T00:00:00+00:00",1,1,0],["2024-12-01T00:00:00+00:00",1,1,0],["2025-02-25T00:00:00+00:00",1,1,0],["2025-04-04T00:00:00+00:00",1,1,0],["2025-07-08T00:00:00+00:00",1,1,0],["2025-09-22T00:00:00+00:00",1,1,0]]},"geometry":{"type":"Point","coordinates":[34.479533,31.491041]}},{"type":"Feature","properties":{"site_id":26,"event_code":"CE20231007PSE","latest_date":"2025-09-22T00:00:00+00:00","latest_class":1,"pass_count":14,"h":[["2023-10-15T00:00:00+00:00",3,2,null],["2023-11-07T00:00:00+00:00",3,2,0],["2023-11-26T00:00:00+00:00",3,2,0],["2024-01-06T00:00:00+00:00",1,1,1],["2024-02-29T00:00:00+00:00",1,1,0],["2024-04-01T00:00:00+00:00",1,1,0],["2024-05-03T00:00:00+00:00",1,1,0],["2024-07-06T00:00:00+00:00",1,1,0],["2024-09-06T00:00:00+00:00",1,1,0],["2024-12-01T00:00:00+00:00",1,1,0],["2025-02-25T00:00:00+00:00",1,1,0],["2025-04-04T00:00:00+00:00",1,1,0],["2025-07-08T00:00:00+00:00",1,1,0],["2025-09-22T00:00:00+00:00",1,1,0]]},"geometry":{"type":"Point","coordinates":[34.479471,31.491104]}},{"type":"Feature","properties":{"site_id":26,"event_code":"CE20231007PSE","latest_date":"2025-09-22T00:00:00+00:00","latest_class":1,"pass_count":14,"h":[["2023-10-15T00:00:00+00:00",2,1,null],["2023-11-07T00:00:00+00:00",2,1,0],["2023-11-26T00:00:00+00:00",2,1,0],["2024-01-06T00:00:00+00:00",2,1,0],["2024-02-29T00:00:00+00:00",1,1,1],["2024-04-01T00:00:00+00:00",1,1,0],["2024-05-03T00:00:00+00:00",1,1,0],["2024-07-06T00:00:00+00:00",1,1,0],["2024-09-06T00:00:00+00:00",1,1,0],["2024-12-01T00:00:00+00:00",1,1,0],["2025-02-25T00:00:00+00:00",1,1,0],["2025-04-04T00:00:00+00:00",1,1,0],["2025-07-08T00:00:00+00:00",1,1,0],["2025-09-22T00:00:00+00:00",1,1,0]]},"geometry":{"type":"Point","coordinates":[34.479351,31.491209]}},{"type":"Feature","properties":{"site_id":26,"event_code":"CE20231007PSE","latest_date":"2025-09-22T00:00:00+00:00","latest_class":1,"pass_count":14,"h":[["2023-10-15T00:00:00+00:00",1,1,null],["2023-11-07T00:00:00+00:00",1,1,0],["2023-11-26T00:00:00+00:00",1,1,0],["2024-01-06T00:00:00+00:00",1,1,0],["2024-02-29T00:00:00+00:00",1,1,0],["2024-04-01T00:00:00+00:00",1,1,0],["2024-05-03T00:00:00+00:00",1,1,0],["2024-07-06T00:00:00+00:00",1,1,0],["2024-09-06T00:00:00+00:00",1,1,0],["2024-12-01T00:00:00+00:00",1,1,0],["2025-02-25T00:00:00+00:00",1,1,0],["2025-04-04T00:00:00+00:00",1,1,0],["2025-07-08T00:00:00+00:00",1,1,0],["2025-09-22T00:00:00+00:00",1,1,0]]},"geometry":{"type":"Point","coordinates":[34.479363,31.491362]}},{"type":"Feature","properties":{"site_id":26,"event_code":"CE20231007PSE","latest_date":"2025-09-22T00:00:00+00:00","latest_class":1,"pass_count":14,"h":[["2023-10-15T00:00:00+00:00",1,1,null],["2023-11-07T00:00:00+00:00",1,1,0],["2023-11-26T00:00:00+00:00",1,1,0],["2024-01-06T00:00:00+00:00",1,1,0],["2024-02-29T00:00:00+00:00",1,1,0],["2024-04-01T00:00:00+00:00",1,1,0],["2024-05-03T00:00:00+00:00",1,1,0],["2024-07-06T00:00:00+00:00",1,1,0],["2024-09-06T00:00:00+00:00",1,1,0],["2024-12-01T00:00:00+00:00",1,1,0],["2025-02-25T00:00:00+00:00",1,1,0],["2025-04-04T00:00:00+00:00",1,1,0],["2025-07-08T00:00:00+00:00",1,1,0],["2025-09-22T00:00:00+00:00",1,1,0]]},"geometry":{"type":"Point","coordinates":[34.479604,31.491173]}},{"type":"Feature","properties":{"site_id":26,"event_code":"CE20231007PSE","latest_date":"2025-09-22T00:00:00+00:00","latest_class":1,"pass_count":14,"h":[["2023-10-15T00:00:00+00:00",2,1,null],["2023-11-07T00:00:00+00:00",2,1,0],["2023-11-26T00:00:00+00:00",2,1,0],["2024-01-06T00:00:00+00:00",2,1,0],["2024-02-29T00:00:00+00:00",2,1,0],["2024-04-01T00:00:00+00:00",2,1,0],["2024-05-03T00:00:00+00:00",2,1,0],["2024-07-06T00:00:00+00:00",1,1,1],["2024-09-06T00:00:00+00:00",1,1,0],["2024-12-01T00:00:00+00:00",1,1,0],["2025-02-25T00:00:00+00:00",1,1,0],["2025-04-04T00:00:00+00:00",1,1,0],["2025-07-08T00:00:00+00:00",1,1,0],["2025-09-22T00:00:00+00:00",1,1,0]]},"geometry":{"type":"Point","coordinates":[34.479827,31.490942]}},{"type":"Feature","properties":{"site_id":26,"event_code":"CE20231007PSE","latest_date":"2025-09-22T00:00:00+00:00","latest_class":1,"pass_count":14,"h":[["2023-10-15T00:00:00+00:00",2,1,null],["2023-11-07T00:00:00+00:00",2,1,0],["2023-11-26T00:00:00+00:00",2,1,0],["2024-01-06T00:00:00+00:00",1,1,1],["2024-02-29T00:00:00+00:00",1,1,0],["2024-04-01T00:00:00+00:00",1,1,0],["2024-05-03T00:00:00+00:00",1,1,0],["2024-07-06T00:00:00+00:00",1,1,0],["2024-09-06T00:00:00+00:00",1,1,0],["2024-12-01T00:00:00+00:00",1,1,0],["2025-02-25T00:00:00+00:00",1,1,0],["2025-04-04T00:00:00+00:00",1,1,0],["2025-07-08T00:00:00+00:00",1,1,0],["2025-09-22T00:00:00+00:00",1,1,0]]},"geometry":{"type":"Point","coordinates":[34.479717,31.49103]}},{"type":"Feature","properties":{"site_id":26,"event_code":"CE20231007PSE","latest_date":"2025-09-22T00:00:00+00:00","latest_class":1,"pass_count":14,"h":[["2023-10-15T00:00:00+00:00",2,1,null],["2023-11-07T00:00:00+00:00",2,1,0],["2023-11-26T00:00:00+00:00",2,1,0],["2024-01-06T00:00:00+00:00",1,1,1],["2024-02-29T00:00:00+00:00",1,1,0],["2024-04-01T00:00:00+00:00",1,1,0],["2024-05-03T00:00:00+00:00",1,1,0],["2024-07-06T00:00:00+00:00",1,1,0],["2024-09-06T00:00:00+00:00",1,1,0],["2024-12-01T00:00:00+00:00",1,1,0],["2025-02-25T00:00:00+00:00",1,1,0],["2025-04-04T00:00:00+00:00",1,1,0],["2025-07-08T00:00:00+00:00",1,1,0],["2025-09-22T00:00:00+00:00",1,1,0]]},"geometry":{"type":"Point","coordinates":[34.47989,31.490821]}},{"type":"Feature","properties":{"site_id":26,"event_code":"CE20231007PSE","latest_date":"2025-09-22T00:00:00+00:00","latest_class":1,"pass_count":14,"h":[["2023-10-15T00:00:00+00:00",2,1,null],["2023-11-07T00:00:00+00:00",2,1,0],["2023-11-26T00:00:00+00:00",2,1,0],["2024-01-06T00:00:00+00:00",1,1,1],["2024-02-29T00:00:00+00:00",1,1,0],["2024-04-01T00:00:00+00:00",1,1,0],["2024-05-03T00:00:00+00:00",1,1,0],["2024-07-06T00:00:00+00:00",1,1,0],["2024-09-06T00:00:00+00:00",1,1,0],["2024-12-01T00:00:00+00:00",1,1,0],["2025-02-25T00:00:00+00:00",1,1,0],["2025-04-04T00:00:00+00:00",1,1,0],["2025-07-08T00:00:00+00:00",1,1,0],["2025-09-22T00:00:00+00:00",1,1,0]]},"geometry":{"type":"Point","coordinates":[34.480025,31.491176]}},{"type":"Feature","properties":{"site_id":26,"event_code":"CE20231007PSE","latest_date":"2025-09-22T00:00:00+00:00","latest_class":1,"pass_count":14,"h":[["2023-10-15T00:00:00+00:00",2,1,null],["2023-11-07T00:00:00+00:00",2,1,0],["2023-11-26T00:00:00+00:00",2,1,0],["2024-01-06T00:00:00+00:00",2,1,0],["2024-02-29T00:00:00+00:00",2,1,0],["2024-04-01T00:00:00+00:00",2,1,0],["2024-05-03T00:00:00+00:00",2,1,0],["2024-07-06T00:00:00+00:00",1,1,1],["2024-09-06T00:00:00+00:00",1,1,0],["2024-12-01T00:00:00+00:00",1,1,0],["2025-02-25T00:00:00+00:00",1,1,0],["2025-04-04T00:00:00+00:00",1,1,0],["2025-07-08T00:00:00+00:00",1,1,0],["2025-09-22T00:00:00+00:00",1,1,0]]},"geometry":{"type":"Point","coordinates":[34.480102,31.490918]}},{"type":"Feature","properties":{"site_id":26,"event_code":"CE20231007PSE","latest_date":"2025-09-22T00:00:00+00:00","latest_class":1,"pass_count":14,"h":[["2023-10-15T00:00:00+00:00",1,1,null],["2023-11-07T00:00:00+00:00",1,1,0],["2023-11-26T00:00:00+00:00",1,1,0],["2024-01-06T00:00:00+00:00",1,1,0],["2024-02-29T00:00:00+00:00",1,1,0],["2024-04-01T00:00:00+00:00",1,1,0],["2024-05-03T00:00:00+00:00",1,1,0],["2024-07-06T00:00:00+00:00",1,1,0],["2024-09-06T00:00:00+00:00",1,1,0],["2024-12-01T00:00:00+00:00",1,1,0],["2025-02-25T00:00:00+00:00",1,1,0],["2025-04-04T00:00:00+00:00",1,1,0],["2025-07-08T00:00:00+00:00",1,1,0],["2025-09-22T00:00:00+00:00",1,1,0]]},"geometry":{"type":"Point","coordinates":[34.479585,31.491426]}},{"type":"Feature","properties":{"site_id":26,"event_code":"CE20231007PSE","latest_date":"2025-09-22T00:00:00+00:00","latest_class":1,"pass_count":14,"h":[["2023-10-15T00:00:00+00:00",2,1,null],["2023-11-07T00:00:00+00:00",2,1,0],["2023-11-26T00:00:00+00:00",2,1,0],["2024-01-06T00:00:00+00:00",1,1,1],["2024-02-29T00:00:00+00:00",1,1,0],["2024-04-01T00:00:00+00:00",1,1,0],["2024-05-03T00:00:00+00:00",1,1,0],["2024-07-06T00:00:00+00:00",1,1,0],["2024-09-06T00:00:00+00:00",1,1,0],["2024-12-01T00:00:00+00:00",1,1,0],["2025-02-25T00:00:00+00:00",1,1,0],["2025-04-04T00:00:00+00:00",1,1,0],["2025-07-08T00:00:00+00:00",1,1,0],["2025-09-22T00:00:00+00:00",1,1,0]]},"geometry":{"type":"Point","coordinates":[34.479739,31.491284]}},{"type":"Feature","properties":{"site_id":26,"event_code":"CE20231007PSE","latest_date":"2025-09-22T00:00:00+00:00","latest_class":1,"pass_count":14,"h":[["2023-10-15T00:00:00+00:00",2,1,null],["2023-11-07T00:00:00+00:00",2,1,0],["2023-11-26T00:00:00+00:00",2,1,0],["2024-01-06T00:00:00+00:00",2,1,0],["2024-02-29T00:00:00+00:00",1,1,1],["2024-04-01T00:00:00+00:00",1,1,0],["2024-05-03T00:00:00+00:00",1,1,0],["2024-07-06T00:00:00+00:00",1,1,0],["2024-09-06T00:00:00+00:00",1,1,0],["2024-12-01T00:00:00+00:00",1,1,0],["2025-02-25T00:00:00+00:00",1,1,0],["2025-04-04T00:00:00+00:00",1,1,0],["2025-07-08T00:00:00+00:00",1,1,0],["2025-09-22T00:00:00+00:00",1,1,0]]},"geometry":{"type":"Point","coordinates":[34.479713,31.491494]}},{"type":"Feature","properties":{"site_id":26,"event_code":"CE20231007PSE","latest_date":"2025-09-22T00:00:00+00:00","latest_class":1,"pass_count":14,"h":[["2023-10-15T00:00:00+00:00",3,2,null],["2023-11-07T00:00:00+00:00",3,2,0],["2023-11-26T00:00:00+00:00",3,2,0],["2024-01-06T00:00:00+00:00",2,1,1],["2024-02-29T00:00:00+00:00",1,1,1],["2024-04-01T00:00:00+00:00",1,1,0],["2024-05-03T00:00:00+00:00",1,1,0],["2024-07-06T00:00:00+00:00",1,1,0],["2024-09-06T00:00:00+00:00",1,1,0],["2024-12-01T00:00:00+00:00",1,1,0],["2025-02-25T00:00:00+00:00",1,1,0],["2025-04-04T00:00:00+00:00",1,1,0],["2025-07-08T00:00:00+00:00",1,1,0],["2025-09-22T00:00:00+00:00",1,1,0]]},"geometry":{"type":"Point","coordinates":[34.479251,31.491746]}},{"type":"Feature","properties":{"site_id":26,"event_code":"CE20231007PSE","latest_date":"2025-09-22T00:00:00+00:00","latest_class":1,"pass_count":14,"h":[["2023-10-15T00:00:00+00:00",3,2,null],["2023-11-07T00:00:00+00:00",3,2,0],["2023-11-26T00:00:00+00:00",3,2,0],["2024-01-06T00:00:00+00:00",2,1,1],["2024-02-29T00:00:00+00:00",2,1,0],["2024-04-01T00:00:00+00:00",2,1,0],["2024-05-03T00:00:00+00:00",2,1,0],["2024-07-06T00:00:00+00:00",2,1,0],["2024-09-06T00:00:00+00:00",2,1,0],["2024-12-01T00:00:00+00:00",2,1,0],["2025-02-25T00:00:00+00:00",2,1,0],["2025-04-04T00:00:00+00:00",2,1,0],["2025-07-08T00:00:00+00:00",1,1,1],["2025-09-22T00:00:00+00:00",1,1,0]]},"geometry":{"type":"Point","coordinates":[34.479508,31.491719]}},{"type":"Feature","properties":{"site_id":26,"event_code":"CE20231007PSE","latest_date":"2025-09-22T00:00:00+00:00","latest_class":1,"pass_count":14,"h":[["2023-10-15T00:00:00+00:00",3,2,null],["2023-11-07T00:00:00+00:00",3,2,0],["2023-11-26T00:00:00+00:00",3,2,0],["2024-01-06T00:00:00+00:00",2,1,1],["2024-02-29T00:00:00+00:00",2,1,0],["2024-04-01T00:00:00+00:00",2,1,0],["2024-05-03T00:00:00+00:00",2,1,0],["2024-07-06T00:00:00+00:00",1,1,1],["2024-09-06T00:00:00+00:00",1,1,0],["2024-12-01T00:00:00+00:00",1,1,0],["2025-02-25T00:00:00+00:00",1,1,0],["2025-04-04T00:00:00+00:00",1,1,0],["2025-07-08T00:00:00+00:00",1,1,0],["2025-09-22T00:00:00+00:00",1,1,0]]},"geometry":{"type":"Point","coordinates":[34.479517,31.49154]}},{"type":"Feature","properties":{"site_id":26,"event_code":"CE20231007PSE","latest_date":"2025-09-22T00:00:00+00:00","latest_class":1,"pass_count":14,"h":[["2023-10-15T00:00:00+00:00",3,2,null],["2023-11-07T00:00:00+00:00",3,2,0],["2023-11-26T00:00:00+00:00",3,2,0],["2024-01-06T00:00:00+00:00",1,1,1],["2024-02-29T00:00:00+00:00",1,1,0],["2024-04-01T00:00:00+00:00",1,1,0],["2024-05-03T00:00:00+00:00",1,1,0],["2024-07-06T00:00:00+00:00",1,1,0],["2024-09-06T00:00:00+00:00",1,1,0],["2024-12-01T00:00:00+00:00",1,1,0],["2025-02-25T00:00:00+00:00",1,1,0],["2025-04-04T00:00:00+00:00",1,1,0],["2025-07-08T00:00:00+00:00",1,1,0],["2025-09-22T00:00:00+00:00",1,1,0]]},"geometry":{"type":"Point","coordinates":[34.480223,31.491255]}},{"type":"Feature","properties":{"site_id":26,"event_code":"CE20231007PSE","latest_date":"2025-09-22T00:00:00+00:00","latest_class":1,"pass_count":14,"h":[["2023-10-15T00:00:00+00:00",2,1,null],["2023-11-07T00:00:00+00:00",2,1,0],["2023-11-26T00:00:00+00:00",2,1,0],["2024-01-06T00:00:00+00:00",1,1,1],["2024-02-29T00:00:00+00:00",1,1,0],["2024-04-01T00:00:00+00:00",1,1,0],["2024-05-03T00:00:00+00:00",1,1,0],["2024-07-06T00:00:00+00:00",1,1,0],["2024-09-06T00:00:00+00:00",1,1,0],["2024-12-01T00:00:00+00:00",1,1,0],["2025-02-25T00:00:00+00:00",1,1,0],["2025-04-04T00:00:00+00:00",1,1,0],["2025-07-08T00:00:00+00:00",1,1,0],["2025-09-22T00:00:00+00:00",1,1,0]]},"geometry":{"type":"Point","coordinates":[34.480241,31.491074]}},{"type":"Feature","properties":{"site_id":26,"event_code":"CE20231007PSE","latest_date":"2025-09-22T00:00:00+00:00","latest_class":1,"pass_count":14,"h":[["2023-10-15T00:00:00+00:00",2,1,null],["2023-11-07T00:00:00+00:00",2,1,0],["2023-11-26T00:00:00+00:00",2,1,0],["2024-01-06T00:00:00+00:00",1,1,1],["2024-02-29T00:00:00+00:00",1,1,0],["2024-04-01T00:00:00+00:00",1,1,0],["2024-05-03T00:00:00+00:00",1,1,0],["2024-07-06T00:00:00+00:00",1,1,0],["2024-09-06T00:00:00+00:00",1,1,0],["2024-12-01T00:00:00+00:00",1,1,0],["2025-02-25T00:00:00+00:00",1,1,0],["2025-04-04T00:00:00+00:00",1,1,0],["2025-07-08T00:00:00+00:00",1,1,0],["2025-09-22T00:00:00+00:00",1,1,0]]},"geometry":{"type":"Point","coordinates":[34.479805,31.491675]}},{"type":"Feature","properties":{"site_id":26,"event_code":"CE20231007PSE","latest_date":"2025-09-22T00:00:00+00:00","latest_class":1,"pass_count":14,"h":[["2023-10-15T00:00:00+00:00",3,2,null],["2023-11-07T00:00:00+00:00",3,2,0],["2023-11-26T00:00:00+00:00",3,2,0],["2024-01-06T00:00:00+00:00",1,1,1],["2024-02-29T00:00:00+00:00",1,1,0],["2024-04-01T00:00:00+00:00",1,1,0],["2024-05-03T00:00:00+00:00",1,1,0],["2024-07-06T00:00:00+00:00",1,1,0],["2024-09-06T00:00:00+00:00",1,1,0],["2024-12-01T00:00:00+00:00",1,1,0],["2025-02-25T00:00:00+00:00",1,1,0],["2025-04-04T00:00:00+00:00",1,1,0],["2025-07-08T00:00:00+00:00",1,1,0],["2025-09-22T00:00:00+00:00",1,1,0]]},"geometry":{"type":"Point","coordinates":[34.479709,31.491669]}},{"type":"Feature","properties":{"site_id":26,"event_code":"CE20231007PSE","latest_date":"2025-09-22T00:00:00+00:00","latest_class":1,"pass_count":14,"h":[["2023-10-15T00:00:00+00:00",3,2,null],["2023-11-07T00:00:00+00:00",3,2,0],["2023-11-26T00:00:00+00:00",3,2,0],["2024-01-06T00:00:00+00:00",1,1,1],["2024-02-29T00:00:00+00:00",1,1,0],["2024-04-01T00:00:00+00:00",1,1,0],["2024-05-03T00:00:00+00:00",1,1,0],["2024-07-06T00:00:00+00:00",1,1,0],["2024-09-06T00:00:00+00:00",1,1,0],["2024-12-01T00:00:00+00:00",1,1,0],["2025-02-25T00:00:00+00:00",1,1,0],["2025-04-04T00:00:00+00:00",1,1,0],["2025-07-08T00:00:00+00:00",1,1,0],["2025-09-22T00:00:00+00:00",1,1,0]]},"geometry":{"type":"Point","coordinates":[34.479596,31.491809]}},{"type":"Feature","properties":{"site_id":26,"event_code":"CE20231007PSE","latest_date":"2025-09-22T00:00:00+00:00","latest_class":1,"pass_count":14,"h":[["2023-10-15T00:00:00+00:00",3,2,null],["2023-11-07T00:00:00+00:00",3,2,0],["2023-11-26T00:00:00+00:00",3,2,0],["2024-01-06T00:00:00+00:00",2,1,1],["2024-02-29T00:00:00+00:00",1,1,1],["2024-04-01T00:00:00+00:00",1,1,0],["2024-05-03T00:00:00+00:00",1,1,0],["2024-07-06T00:00:00+00:00",1,1,0],["2024-09-06T00:00:00+00:00",1,1,0],["2024-12-01T00:00:00+00:00",1,1,0],["2025-02-25T00:00:00+00:00",1,1,0],["2025-04-04T00:00:00+00:00",1,1,0],["2025-07-08T00:00:00+00:00",1,1,0],["2025-09-22T00:00:00+00:00",1,1,0]]},"geometry":{"type":"Point","coordinates":[34.479421,31.491928]}},{"type":"Feature","properties":{"site_id":26,"event_code":"CE20231007PSE","latest_date":"2025-09-22T00:00:00+00:00","latest_class":1,"pass_count":14,"h":[["2023-10-15T00:00:00+00:00",3,2,null],["2023-11-07T00:00:00+00:00",3,2,0],["2023-11-26T00:00:00+00:00",3,2,0],["2024-01-06T00:00:00+00:00",1,1,1],["2024-02-29T00:00:00+00:00",1,1,0],["2024-04-01T00:00:00+00:00",1,1,0],["2024-05-03T00:00:00+00:00",1,1,0],["2024-07-06T00:00:00+00:00",1,1,0],["2024-09-06T00:00:00+00:00",1,1,0],["2024-12-01T00:00:00+00:00",1,1,0],["2025-02-25T00:00:00+00:00",1,1,0],["2025-04-04T00:00:00+00:00",1,1,0],["2025-07-08T00:00:00+00:00",1,1,0],["2025-09-22T00:00:00+00:00",1,1,0]]},"geometry":{"type":"Point","coordinates":[34.479878,31.491766]}},{"type":"Feature","properties":{"site_id":26,"event_code":"CE20231007PSE","latest_date":"2025-09-22T00:00:00+00:00","latest_class":1,"pass_count":14,"h":[["2023-10-15T00:00:00+00:00",3,2,null],["2023-11-07T00:00:00+00:00",3,2,0],["2023-11-26T00:00:00+00:00",3,2,0],["2024-01-06T00:00:00+00:00",1,1,1],["2024-02-29T00:00:00+00:00",1,1,0],["2024-04-01T00:00:00+00:00",1,1,0],["2024-05-03T00:00:00+00:00",1,1,0],["2024-07-06T00:00:00+00:00",1,1,0],["2024-09-06T00:00:00+00:00",1,1,0],["2024-12-01T00:00:00+00:00",1,1,0],["2025-02-25T00:00:00+00:00",1,1,0],["2025-04-04T00:00:00+00:00",1,1,0],["2025-07-08T00:00:00+00:00",1,1,0],["2025-09-22T00:00:00+00:00",1,1,0]]},"geometry":{"type":"Point","coordinates":[34.480031,31.491609]}},{"type":"Feature","properties":{"site_id":26,"event_code":"CE20231007PSE","latest_date":"2025-09-22T00:00:00+00:00","latest_class":1,"pass_count":14,"h":[["2023-10-15T00:00:00+00:00",3,2,null],["2023-11-07T00:00:00+00:00",3,2,0],["2023-11-26T00:00:00+00:00",3,2,0],["2024-01-06T00:00:00+00:00",1,1,1],["2024-02-29T00:00:00+00:00",1,1,0],["2024-04-01T00:00:00+00:00",1,1,0],["2024-05-03T00:00:00+00:00",1,1,0],["2024-07-06T00:00:00+00:00",1,1,0],["2024-09-06T00:00:00+00:00",1,1,0],["2024-12-01T00:00:00+00:00",1,1,0],["2025-02-25T00:00:00+00:00",1,1,0],["2025-04-04T00:00:00+00:00",1,1,0],["2025-07-08T00:00:00+00:00",1,1,0],["2025-09-22T00:00:00+00:00",1,1,0]]},"geometry":{"type":"Point","coordinates":[34.480156,31.491418]}},{"type":"Feature","properties":{"site_id":26,"event_code":"CE20231007PSE","latest_date":"2025-09-22T00:00:00+00:00","latest_class":1,"pass_count":14,"h":[["2023-10-15T00:00:00+00:00",3,2,null],["2023-11-07T00:00:00+00:00",3,2,0],["2023-11-26T00:00:00+00:00",3,2,0],["2024-01-06T00:00:00+00:00",1,1,1],["2024-02-29T00:00:00+00:00",1,1,0],["2024-04-01T00:00:00+00:00",1,1,0],["2024-05-03T00:00:00+00:00",1,1,0],["2024-07-06T00:00:00+00:00",1,1,0],["2024-09-06T00:00:00+00:00",1,1,0],["2024-12-01T00:00:00+00:00",1,1,0],["2025-02-25T00:00:00+00:00",1,1,0],["2025-04-04T00:00:00+00:00",1,1,0],["2025-07-08T00:00:00+00:00",1,1,0],["2025-09-22T00:00:00+00:00",1,1,0]]},"geometry":{"type":"Point","coordinates":[34.479956,31.491356]}},{"type":"Feature","properties":{"site_id":26,"event_code":"CE20231007PSE","latest_date":"2025-09-22T00:00:00+00:00","latest_class":1,"pass_count":14,"h":[["2023-10-15T00:00:00+00:00",3,2,null],["2023-11-07T00:00:00+00:00",3,2,0],["2023-11-26T00:00:00+00:00",3,2,0],["2024-01-06T00:00:00+00:00",1,1,1],["2024-02-29T00:00:00+00:00",1,1,0],["2024-04-01T00:00:00+00:00",1,1,0],["2024-05-03T00:00:00+00:00",1,1,0],["2024-07-06T00:00:00+00:00",1,1,0],["2024-09-06T00:00:00+00:00",1,1,0],["2024-12-01T00:00:00+00:00",1,1,0],["2025-02-25T00:00:00+00:00",1,1,0],["2025-04-04T00:00:00+00:00",1,1,0],["2025-07-08T00:00:00+00:00",1,1,0],["2025-09-22T00:00:00+00:00",1,1,0]]},"geometry":{"type":"Point","coordinates":[34.479902,31.491506]}},{"type":"Feature","properties":{"site_id":26,"event_code":"CE20231007PSE","latest_date":"2025-09-22T00:00:00+00:00","latest_class":1,"pass_count":14,"h":[["2023-10-15T00:00:00+00:00",3,2,null],["2023-11-07T00:00:00+00:00",3,2,0],["2023-11-26T00:00:00+00:00",3,2,0],["2024-01-06T00:00:00+00:00",1,1,1],["2024-02-29T00:00:00+00:00",1,1,0],["2024-04-01T00:00:00+00:00",1,1,0],["2024-05-03T00:00:00+00:00",1,1,0],["2024-07-06T00:00:00+00:00",1,1,0],["2024-09-06T00:00:00+00:00",1,1,0],["2024-12-01T00:00:00+00:00",1,1,0],["2025-02-25T00:00:00+00:00",1,1,0],["2025-04-04T00:00:00+00:00",1,1,0],["2025-07-08T00:00:00+00:00",1,1,0],["2025-09-22T00:00:00+00:00",1,1,0]]},"geometry":{"type":"Point","coordinates":[34.479768,31.491959]}},{"type":"Feature","properties":{"site_id":26,"event_code":"CE20231007PSE","latest_date":"2025-09-22T00:00:00+00:00","latest_class":1,"pass_count":14,"h":[["2023-10-15T00:00:00+00:00",3,2,null],["2023-11-07T00:00:00+00:00",3,2,0],["2023-11-26T00:00:00+00:00",3,2,0],["2024-01-06T00:00:00+00:00",3,2,0],["2024-02-29T00:00:00+00:00",3,2,0],["2024-04-01T00:00:00+00:00",3,2,0],["2024-05-03T00:00:00+00:00",3,2,0],["2024-07-06T00:00:00+00:00",3,2,0],["2024-09-06T00:00:00+00:00",3,2,0],["2024-12-01T00:00:00+00:00",3,2,0],["2025-02-25T00:00:00+00:00",3,2,0],["2025-04-04T00:00:00+00:00",3,2,0],["2025-07-08T00:00:00+00:00",1,1,1],["2025-09-22T00:00:00+00:00",1,1,0]]},"geometry":{"type":"Point","coordinates":[34.479254,31.491982]}},{"type":"Feature","properties":{"site_id":26,"event_code":"CE20231007PSE","latest_date":"2025-09-22T00:00:00+00:00","latest_class":1,"pass_count":14,"h":[["2023-10-15T00:00:00+00:00",3,2,null],["2023-11-07T00:00:00+00:00",3,2,0],["2023-11-26T00:00:00+00:00",3,2,0],["2024-01-06T00:00:00+00:00",2,1,1],["2024-02-29T00:00:00+00:00",2,1,0],["2024-04-01T00:00:00+00:00",2,1,0],["2024-05-03T00:00:00+00:00",2,1,0],["2024-07-06T00:00:00+00:00",2,1,0],["2024-09-06T00:00:00+00:00",2,1,0],["2024-12-01T00:00:00+00:00",2,1,0],["2025-02-25T00:00:00+00:00",2,1,0],["2025-04-04T00:00:00+00:00",2,1,0],["2025-07-08T00:00:00+00:00",1,1,1],["2025-09-22T00:00:00+00:00",1,1,0]]},"geometry":{"type":"Point","coordinates":[34.479596,31.4916]}},{"type":"Feature","properties":{"site_id":26,"event_code":"CE20231007PSE","latest_date":"2025-09-22T00:00:00+00:00","latest_class":1,"pass_count":14,"h":[["2023-10-15T00:00:00+00:00",3,2,null],["2023-11-07T00:00:00+00:00",3,2,0],["2023-11-26T00:00:00+00:00",3,2,0],["2024-01-06T00:00:00+00:00",1,1,1],["2024-02-29T00:00:00+00:00",1,1,0],["2024-04-01T00:00:00+00:00",1,1,0],["2024-05-03T00:00:00+00:00",1,1,0],["2024-07-06T00:00:00+00:00",1,1,0],["2024-09-06T00:00:00+00:00",1,1,0],["2024-12-01T00:00:00+00:00",1,1,0],["2025-02-25T00:00:00+00:00",1,1,0],["2025-04-04T00:00:00+00:00",1,1,0],["2025-07-08T00:00:00+00:00",1,1,0],["2025-09-22T00:00:00+00:00",1,1,0]]},"geometry":{"type":"Point","coordinates":[34.479699,31.4921]}},{"type":"Feature","properties":{"site_id":26,"event_code":"CE20231007PSE","latest_date":"2025-09-22T00:00:00+00:00","latest_class":1,"pass_count":14,"h":[["2023-10-15T00:00:00+00:00",3,2,null],["2023-11-07T00:00:00+00:00",3,2,0],["2023-11-26T00:00:00+00:00",3,2,0],["2024-01-06T00:00:00+00:00",1,1,1],["2024-02-29T00:00:00+00:00",1,1,0],["2024-04-01T00:00:00+00:00",1,1,0],["2024-05-03T00:00:00+00:00",1,1,0],["2024-07-06T00:00:00+00:00",1,1,0],["2024-09-06T00:00:00+00:00",1,1,0],["2024-12-01T00:00:00+00:00",1,1,0],["2025-02-25T00:00:00+00:00",1,1,0],["2025-04-04T00:00:00+00:00",1,1,0],["2025-07-08T00:00:00+00:00",1,1,0],["2025-09-22T00:00:00+00:00",1,1,0]]},"geometry":{"type":"Point","coordinates":[34.479587,31.492267]}},{"type":"Feature","properties":{"site_id":26,"event_code":"CE20231007PSE","latest_date":"2025-09-22T00:00:00+00:00","latest_class":1,"pass_count":14,"h":[["2023-10-15T00:00:00+00:00",3,2,null],["2023-11-07T00:00:00+00:00",3,2,0],["2023-11-26T00:00:00+00:00",3,2,0],["2024-01-06T00:00:00+00:00",1,1,1],["2024-02-29T00:00:00+00:00",1,1,0],["2024-04-01T00:00:00+00:00",1,1,0],["2024-05-03T00:00:00+00:00",1,1,0],["2024-07-06T00:00:00+00:00",1,1,0],["2024-09-06T00:00:00+00:00",1,1,0],["2024-12-01T00:00:00+00:00",1,1,0],["2025-02-25T00:00:00+00:00",1,1,0],["2025-04-04T00:00:00+00:00",1,1,0],["2025-07-08T00:00:00+00:00",1,1,0],["2025-09-22T00:00:00+00:00",1,1,0]]},"geometry":{"type":"Point","coordinates":[34.479377,31.492143]}},{"type":"Feature","properties":{"site_id":26,"event_code":"CE20231007PSE","latest_date":"2025-09-22T00:00:00+00:00","latest_class":1,"pass_count":14,"h":[["2023-10-15T00:00:00+00:00",1,1,null],["2023-11-07T00:00:00+00:00",1,1,0],["2023-11-26T00:00:00+00:00",1,1,0],["2024-01-06T00:00:00+00:00",1,1,0],["2024-02-29T00:00:00+00:00",1,1,0],["2024-04-01T00:00:00+00:00",1,1,0],["2024-05-03T00:00:00+00:00",1,1,0],["2024-07-06T00:00:00+00:00",1,1,0],["2024-09-06T00:00:00+00:00",1,1,0],["2024-12-01T00:00:00+00:00",1,1,0],["2025-02-25T00:00:00+00:00",1,1,0],["2025-04-04T00:00:00+00:00",1,1,0],["2025-07-08T00:00:00+00:00",1,1,0],["2025-09-22T00:00:00+00:00",1,1,0]]},"geometry":{"type":"Point","coordinates":[34.477332,31.490418]}},{"type":"Feature","properties":{"site_id":26,"event_code":"CE20231007PSE","latest_date":"2025-09-22T00:00:00+00:00","latest_class":1,"pass_count":14,"h":[["2023-10-15T00:00:00+00:00",1,1,null],["2023-11-07T00:00:00+00:00",1,1,0],["2023-11-26T00:00:00+00:00",1,1,0],["2024-01-06T00:00:00+00:00",1,1,0],["2024-02-29T00:00:00+00:00",1,1,0],["2024-04-01T00:00:00+00:00",1,1,0],["2024-05-03T00:00:00+00:00",1,1,0],["2024-07-06T00:00:00+00:00",1,1,0],["2024-09-06T00:00:00+00:00",1,1,0],["2024-12-01T00:00:00+00:00",1,1,0],["2025-02-25T00:00:00+00:00",1,1,0],["2025-04-04T00:00:00+00:00",1,1,0],["2025-07-08T00:00:00+00:00",1,1,0],["2025-09-22T00:00:00+00:00",1,1,0]]},"geometry":{"type":"Point","coordinates":[34.477368,31.49057]}},{"type":"Feature","properties":{"site_id":26,"event_code":"CE20231007PSE","latest_date":"2025-09-22T00:00:00+00:00","latest_class":1,"pass_count":14,"h":[["2023-10-15T00:00:00+00:00",2,1,null],["2023-11-07T00:00:00+00:00",2,1,0],["2023-11-26T00:00:00+00:00",2,1,0],["2024-01-06T00:00:00+00:00",1,1,1],["2024-02-29T00:00:00+00:00",1,1,0],["2024-04-01T00:00:00+00:00",1,1,0],["2024-05-03T00:00:00+00:00",1,1,0],["2024-07-06T00:00:00+00:00",1,1,0],["2024-09-06T00:00:00+00:00",1,1,0],["2024-12-01T00:00:00+00:00",1,1,0],["2025-02-25T00:00:00+00:00",1,1,0],["2025-04-04T00:00:00+00:00",1,1,0],["2025-07-08T00:00:00+00:00",1,1,0],["2025-09-22T00:00:00+00:00",1,1,0]]},"geometry":{"type":"Point","coordinates":[34.477291,31.490655]}},{"type":"Feature","properties":{"site_id":26,"event_code":"CE20231007PSE","latest_date":"2025-09-22T00:00:00+00:00","latest_class":1,"pass_count":14,"h":[["2023-10-15T00:00:00+00:00",2,1,null],["2023-11-07T00:00:00+00:00",2,1,0],["2023-11-26T00:00:00+00:00",2,1,0],["2024-01-06T00:00:00+00:00",1,1,1],["2024-02-29T00:00:00+00:00",1,1,0],["2024-04-01T00:00:00+00:00",1,1,0],["2024-05-03T00:00:00+00:00",1,1,0],["2024-07-06T00:00:00+00:00",1,1,0],["2024-09-06T00:00:00+00:00",1,1,0],["2024-12-01T00:00:00+00:00",1,1,0],["2025-02-25T00:00:00+00:00",1,1,0],["2025-04-04T00:00:00+00:00",1,1,0],["2025-07-08T00:00:00+00:00",1,1,0],["2025-09-22T00:00:00+00:00",1,1,0]]},"geometry":{"type":"Point","coordinates":[34.47749,31.490634]}},{"type":"Feature","properties":{"site_id":26,"event_code":"CE20231007PSE","latest_date":"2025-09-22T00:00:00+00:00","latest_class":1,"pass_count":14,"h":[["2023-10-15T00:00:00+00:00",2,1,null],["2023-11-07T00:00:00+00:00",2,1,0],["2023-11-26T00:00:00+00:00",2,1,0],["2024-01-06T00:00:00+00:00",1,1,1],["2024-02-29T00:00:00+00:00",1,1,0],["2024-04-01T00:00:00+00:00",1,1,0],["2024-05-03T00:00:00+00:00",1,1,0],["2024-07-06T00:00:00+00:00",1,1,0],["2024-09-06T00:00:00+00:00",1,1,0],["2024-12-01T00:00:00+00:00",1,1,0],["2025-02-25T00:00:00+00:00",1,1,0],["2025-04-04T00:00:00+00:00",1,1,0],["2025-07-08T00:00:00+00:00",1,1,0],["2025-09-22T00:00:00+00:00",1,1,0]]},"geometry":{"type":"Point","coordinates":[34.477429,31.490349]}},{"type":"Feature","properties":{"site_id":26,"event_code":"CE20231007PSE","latest_date":"2025-09-22T00:00:00+00:00","latest_class":1,"pass_count":14,"h":[["2023-10-15T00:00:00+00:00",2,1,null],["2023-11-07T00:00:00+00:00",2,1,0],["2023-11-26T00:00:00+00:00",2,1,0],["2024-01-06T00:00:00+00:00",1,1,1],["2024-02-29T00:00:00+00:00",1,1,0],["2024-04-01T00:00:00+00:00",1,1,0],["2024-05-03T00:00:00+00:00",1,1,0],["2024-07-06T00:00:00+00:00",1,1,0],["2024-09-06T00:00:00+00:00",1,1,0],["2024-12-01T00:00:00+00:00",1,1,0],["2025-02-25T00:00:00+00:00",1,1,0],["2025-04-04T00:00:00+00:00",1,1,0],["2025-07-08T00:00:00+00:00",1,1,0],["2025-09-22T00:00:00+00:00",1,1,0]]},"geometry":{"type":"Point","coordinates":[34.477245,31.490524]}},{"type":"Feature","properties":{"site_id":26,"event_code":"CE20231007PSE","latest_date":"2025-09-22T00:00:00+00:00","latest_class":1,"pass_count":14,"h":[["2023-10-15T00:00:00+00:00",2,1,null],["2023-11-07T00:00:00+00:00",2,1,0],["2023-11-26T00:00:00+00:00",2,1,0],["2024-01-06T00:00:00+00:00",1,1,1],["2024-02-29T00:00:00+00:00",1,1,0],["2024-04-01T00:00:00+00:00",1,1,0],["2024-05-03T00:00:00+00:00",1,1,0],["2024-07-06T00:00:00+00:00",1,1,0],["2024-09-06T00:00:00+00:00",1,1,0],["2024-12-01T00:00:00+00:00",1,1,0],["2025-02-25T00:00:00+00:00",1,1,0],["2025-04-04T00:00:00+00:00",1,1,0],["2025-07-08T00:00:00+00:00",1,1,0],["2025-09-22T00:00:00+00:00",1,1,0]]},"geometry":{"type":"Point","coordinates":[34.47716,31.490607]}},{"type":"Feature","properties":{"site_id":26,"event_code":"CE20231007PSE","latest_date":"2025-09-22T00:00:00+00:00","latest_class":1,"pass_count":14,"h":[["2023-10-15T00:00:00+00:00",2,1,null],["2023-11-07T00:00:00+00:00",2,1,0],["2023-11-26T00:00:00+00:00",2,1,0],["2024-01-06T00:00:00+00:00",1,1,1],["2024-02-29T00:00:00+00:00",1,1,0],["2024-04-01T00:00:00+00:00",1,1,0],["2024-05-03T00:00:00+00:00",1,1,0],["2024-07-06T00:00:00+00:00",1,1,0],["2024-09-06T00:00:00+00:00",1,1,0],["2024-12-01T00:00:00+00:00",1,1,0],["2025-02-25T00:00:00+00:00",1,1,0],["2025-04-04T00:00:00+00:00",1,1,0],["2025-07-08T00:00:00+00:00",1,1,0],["2025-09-22T00:00:00+00:00",1,1,0]]},"geometry":{"type":"Point","coordinates":[34.476999,31.490541]}},{"type":"Feature","properties":{"site_id":26,"event_code":"CE20231007PSE","latest_date":"2025-09-22T00:00:00+00:00","latest_class":1,"pass_count":14,"h":[["2023-10-15T00:00:00+00:00",2,1,null],["2023-11-07T00:00:00+00:00",2,1,0],["2023-11-26T00:00:00+00:00",2,1,0],["2024-01-06T00:00:00+00:00",1,1,1],["2024-02-29T00:00:00+00:00",1,1,0],["2024-04-01T00:00:00+00:00",1,1,0],["2024-05-03T00:00:00+00:00",1,1,0],["2024-07-06T00:00:00+00:00",1,1,0],["2024-09-06T00:00:00+00:00",1,1,0],["2024-12-01T00:00:00+00:00",1,1,0],["2025-02-25T00:00:00+00:00",1,1,0],["2025-04-04T00:00:00+00:00",1,1,0],["2025-07-08T00:00:00+00:00",1,1,0],["2025-09-22T00:00:00+00:00",1,1,0]]},"geometry":{"type":"Point","coordinates":[34.477344,31.490184]}},{"type":"Feature","properties":{"site_id":26,"event_code":"CE20231007PSE","latest_date":"2025-09-22T00:00:00+00:00","latest_class":1,"pass_count":14,"h":[["2023-10-15T00:00:00+00:00",1,1,null],["2023-11-07T00:00:00+00:00",1,1,0],["2023-11-26T00:00:00+00:00",1,1,0],["2024-01-06T00:00:00+00:00",1,1,0],["2024-02-29T00:00:00+00:00",1,1,0],["2024-04-01T00:00:00+00:00",1,1,0],["2024-05-03T00:00:00+00:00",1,1,0],["2024-07-06T00:00:00+00:00",1,1,0],["2024-09-06T00:00:00+00:00",1,1,0],["2024-12-01T00:00:00+00:00",1,1,0],["2025-02-25T00:00:00+00:00",1,1,0],["2025-04-04T00:00:00+00:00",1,1,0],["2025-07-08T00:00:00+00:00",1,1,0],["2025-09-22T00:00:00+00:00",1,1,0]]},"geometry":{"type":"Point","coordinates":[34.477088,31.49043]}},{"type":"Feature","properties":{"site_id":26,"event_code":"CE20231007PSE","latest_date":"2025-09-22T00:00:00+00:00","latest_class":1,"pass_count":14,"h":[["2023-10-15T00:00:00+00:00",3,2,null],["2023-11-07T00:00:00+00:00",3,2,0],["2023-11-26T00:00:00+00:00",3,2,0],["2024-01-06T00:00:00+00:00",1,1,1],["2024-02-29T00:00:00+00:00",1,1,0],["2024-04-01T00:00:00+00:00",1,1,0],["2024-05-03T00:00:00+00:00",1,1,0],["2024-07-06T00:00:00+00:00",1,1,0],["2024-09-06T00:00:00+00:00",1,1,0],["2024-12-01T00:00:00+00:00",1,1,0],["2025-02-25T00:00:00+00:00",1,1,0],["2025-04-04T00:00:00+00:00",1,1,0],["2025-07-08T00:00:00+00:00",1,1,0],["2025-09-22T00:00:00+00:00",1,1,0]]},"geometry":{"type":"Point","coordinates":[34.476946,31.490345]}},{"type":"Feature","properties":{"site_id":26,"event_code":"CE20231007PSE","latest_date":"2025-09-22T00:00:00+00:00","latest_class":1,"pass_count":14,"h":[["2023-10-15T00:00:00+00:00",3,2,null],["2023-11-07T00:00:00+00:00",3,2,0],["2023-11-26T00:00:00+00:00",3,2,0],["2024-01-06T00:00:00+00:00",1,1,1],["2024-02-29T00:00:00+00:00",1,1,0],["2024-04-01T00:00:00+00:00",1,1,0],["2024-05-03T00:00:00+00:00",1,1,0],["2024-07-06T00:00:00+00:00",1,1,0],["2024-09-06T00:00:00+00:00",1,1,0],["2024-12-01T00:00:00+00:00",1,1,0],["2025-02-25T00:00:00+00:00",1,1,0],["2025-04-04T00:00:00+00:00",1,1,0],["2025-07-08T00:00:00+00:00",1,1,0],["2025-09-22T00:00:00+00:00",1,1,0]]},"geometry":{"type":"Point","coordinates":[34.47714,31.490177]}},{"type":"Feature","properties":{"site_id":26,"event_code":"CE20231007PSE","latest_date":"2025-09-22T00:00:00+00:00","latest_class":1,"pass_count":14,"h":[["2023-10-15T00:00:00+00:00",3,2,null],["2023-11-07T00:00:00+00:00",3,2,0],["2023-11-26T00:00:00+00:00",3,2,0],["2024-01-06T00:00:00+00:00",1,1,1],["2024-02-29T00:00:00+00:00",1,1,0],["2024-04-01T00:00:00+00:00",1,1,0],["2024-05-03T00:00:00+00:00",1,1,0],["2024-07-06T00:00:00+00:00",1,1,0],["2024-09-06T00:00:00+00:00",1,1,0],["2024-12-01T00:00:00+00:00",1,1,0],["2025-02-25T00:00:00+00:00",1,1,0],["2025-04-04T00:00:00+00:00",1,1,0],["2025-07-08T00:00:00+00:00",1,1,0],["2025-09-22T00:00:00+00:00",1,1,0]]},"geometry":{"type":"Point","coordinates":[34.477016,31.490243]}},{"type":"Feature","properties":{"site_id":26,"event_code":"CE20231007PSE","latest_date":"2025-09-22T00:00:00+00:00","latest_class":1,"pass_count":14,"h":[["2023-10-15T00:00:00+00:00",2,1,null],["2023-11-07T00:00:00+00:00",2,1,0],["2023-11-26T00:00:00+00:00",2,1,0],["2024-01-06T00:00:00+00:00",1,1,1],["2024-02-29T00:00:00+00:00",1,1,0],["2024-04-01T00:00:00+00:00",1,1,0],["2024-05-03T00:00:00+00:00",1,1,0],["2024-07-06T00:00:00+00:00",1,1,0],["2024-09-06T00:00:00+00:00",1,1,0],["2024-12-01T00:00:00+00:00",1,1,0],["2025-02-25T00:00:00+00:00",1,1,0],["2025-04-04T00:00:00+00:00",1,1,0],["2025-07-08T00:00:00+00:00",1,1,0],["2025-09-22T00:00:00+00:00",1,1,0]]},"geometry":{"type":"Point","coordinates":[34.477187,31.490325]}},{"type":"Feature","properties":{"site_id":26,"event_code":"CE20231007PSE","latest_date":"2025-09-22T00:00:00+00:00","latest_class":1,"pass_count":14,"h":[["2023-10-15T00:00:00+00:00",3,2,null],["2023-11-07T00:00:00+00:00",3,2,0],["2023-11-26T00:00:00+00:00",3,2,0],["2024-01-06T00:00:00+00:00",1,1,1],["2024-02-29T00:00:00+00:00",1,1,0],["2024-04-01T00:00:00+00:00",1,1,0],["2024-05-03T00:00:00+00:00",1,1,0],["2024-07-06T00:00:00+00:00",1,1,0],["2024-09-06T00:00:00+00:00",1,1,0],["2024-12-01T00:00:00+00:00",1,1,0],["2025-02-25T00:00:00+00:00",1,1,0],["2025-04-04T00:00:00+00:00",1,1,0],["2025-07-08T00:00:00+00:00",1,1,0],["2025-09-22T00:00:00+00:00",1,1,0]]},"geometry":{"type":"Point","coordinates":[34.476876,31.490439]}},{"type":"Feature","properties":{"site_id":26,"event_code":"CE20231007PSE","latest_date":"2025-09-22T00:00:00+00:00","latest_class":1,"pass_count":14,"h":[["2023-10-15T00:00:00+00:00",3,2,null],["2023-11-07T00:00:00+00:00",3,2,0],["2023-11-26T00:00:00+00:00",3,2,0],["2024-01-06T00:00:00+00:00",1,1,1],["2024-02-29T00:00:00+00:00",1,1,0],["2024-04-01T00:00:00+00:00",1,1,0],["2024-05-03T00:00:00+00:00",1,1,0],["2024-07-06T00:00:00+00:00",1,1,0],["2024-09-06T00:00:00+00:00",1,1,0],["2024-12-01T00:00:00+00:00",1,1,0],["2025-02-25T00:00:00+00:00",1,1,0],["2025-04-04T00:00:00+00:00",1,1,0],["2025-07-08T00:00:00+00:00",1,1,0],["2025-09-22T00:00:00+00:00",1,1,0]]},"geometry":{"type":"Point","coordinates":[34.476765,31.490356]}},{"type":"Feature","properties":{"site_id":26,"event_code":"CE20231007PSE","latest_date":"2025-09-22T00:00:00+00:00","latest_class":1,"pass_count":14,"h":[["2023-10-15T00:00:00+00:00",3,2,null],["2023-11-07T00:00:00+00:00",3,2,0],["2023-11-26T00:00:00+00:00",3,2,0],["2024-01-06T00:00:00+00:00",1,1,1],["2024-02-29T00:00:00+00:00",1,1,0],["2024-04-01T00:00:00+00:00",1,1,0],["2024-05-03T00:00:00+00:00",1,1,0],["2024-07-06T00:00:00+00:00",1,1,0],["2024-09-06T00:00:00+00:00",1,1,0],["2024-12-01T00:00:00+00:00",1,1,0],["2025-02-25T00:00:00+00:00",1,1,0],["2025-04-04T00:00:00+00:00",1,1,0],["2025-07-08T00:00:00+00:00",1,1,0],["2025-09-22T00:00:00+00:00",1,1,0]]},"geometry":{"type":"Point","coordinates":[34.476816,31.490278]}},{"type":"Feature","properties":{"site_id":26,"event_code":"CE20231007PSE","latest_date":"2025-09-22T00:00:00+00:00","latest_class":1,"pass_count":14,"h":[["2023-10-15T00:00:00+00:00",3,2,null],["2023-11-07T00:00:00+00:00",3,2,0],["2023-11-26T00:00:00+00:00",3,2,0],["2024-01-06T00:00:00+00:00",1,1,1],["2024-02-29T00:00:00+00:00",1,1,0],["2024-04-01T00:00:00+00:00",1,1,0],["2024-05-03T00:00:00+00:00",1,1,0],["2024-07-06T00:00:00+00:00",1,1,0],["2024-09-06T00:00:00+00:00",1,1,0],["2024-12-01T00:00:00+00:00",1,1,0],["2025-02-25T00:00:00+00:00",1,1,0],["2025-04-04T00:00:00+00:00",1,1,0],["2025-07-08T00:00:00+00:00",1,1,0],["2025-09-22T00:00:00+00:00",1,1,0]]},"geometry":{"type":"Point","coordinates":[34.476851,31.490206]}},{"type":"Feature","properties":{"site_id":26,"event_code":"CE20231007PSE","latest_date":"2025-09-22T00:00:00+00:00","latest_class":1,"pass_count":14,"h":[["2023-10-15T00:00:00+00:00",3,2,null],["2023-11-07T00:00:00+00:00",2,1,1],["2023-11-26T00:00:00+00:00",2,1,0],["2024-01-06T00:00:00+00:00",1,1,1],["2024-02-29T00:00:00+00:00",1,1,0],["2024-04-01T00:00:00+00:00",1,1,0],["2024-05-03T00:00:00+00:00",1,1,0],["2024-07-06T00:00:00+00:00",1,1,0],["2024-09-06T00:00:00+00:00",1,1,0],["2024-12-01T00:00:00+00:00",1,1,0],["2025-02-25T00:00:00+00:00",1,1,0],["2025-04-04T00:00:00+00:00",1,1,0],["2025-07-08T00:00:00+00:00",1,1,0],["2025-09-22T00:00:00+00:00",1,1,0]]},"geometry":{"type":"Point","coordinates":[34.476938,31.490109]}},{"type":"Feature","properties":{"site_id":26,"event_code":"CE20231007PSE","latest_date":"2025-09-22T00:00:00+00:00","latest_class":1,"pass_count":14,"h":[["2023-10-15T00:00:00+00:00",3,2,null],["2023-11-07T00:00:00+00:00",1,1,1],["2023-11-26T00:00:00+00:00",1,1,0],["2024-01-06T00:00:00+00:00",1,1,0],["2024-02-29T00:00:00+00:00",1,1,0],["2024-04-01T00:00:00+00:00",1,1,0],["2024-05-03T00:00:00+00:00",1,1,0],["2024-07-06T00:00:00+00:00",1,1,0],["2024-09-06T00:00:00+00:00",1,1,0],["2024-12-01T00:00:00+00:00",1,1,0],["2025-02-25T00:00:00+00:00",1,1,0],["2025-04-04T00:00:00+00:00",1,1,0],["2025-07-08T00:00:00+00:00",1,1,0],["2025-09-22T00:00:00+00:00",1,1,0]]},"geometry":{"type":"Point","coordinates":[34.477049,31.490033]}},{"type":"Feature","properties":{"site_id":26,"event_code":"CE20231007PSE","latest_date":"2025-09-22T00:00:00+00:00","latest_class":1,"pass_count":14,"h":[["2023-10-15T00:00:00+00:00",1,1,null],["2023-11-07T00:00:00+00:00",1,1,0],["2023-11-26T00:00:00+00:00",1,1,0],["2024-01-06T00:00:00+00:00",1,1,0],["2024-02-29T00:00:00+00:00",1,1,0],["2024-04-01T00:00:00+00:00",1,1,0],["2024-05-03T00:00:00+00:00",1,1,0],["2024-07-06T00:00:00+00:00",1,1,0],["2024-09-06T00:00:00+00:00",1,1,0],["2024-12-01T00:00:00+00:00",1,1,0],["2025-02-25T00:00:00+00:00",1,1,0],["2025-04-04T00:00:00+00:00",1,1,0],["2025-07-08T00:00:00+00:00",1,1,0],["2025-09-22T00:00:00+00:00",1,1,0]]},"geometry":{"type":"Point","coordinates":[34.47732,31.489713]}},{"type":"Feature","properties":{"site_id":26,"event_code":"CE20231007PSE","latest_date":"2025-09-22T00:00:00+00:00","latest_class":1,"pass_count":14,"h":[["2023-10-15T00:00:00+00:00",1,1,null],["2023-11-07T00:00:00+00:00",1,1,0],["2023-11-26T00:00:00+00:00",1,1,0],["2024-01-06T00:00:00+00:00",1,1,0],["2024-02-29T00:00:00+00:00",1,1,0],["2024-04-01T00:00:00+00:00",1,1,0],["2024-05-03T00:00:00+00:00",1,1,0],["2024-07-06T00:00:00+00:00",1,1,0],["2024-09-06T00:00:00+00:00",1,1,0],["2024-12-01T00:00:00+00:00",1,1,0],["2025-02-25T00:00:00+00:00",1,1,0],["2025-04-04T00:00:00+00:00",1,1,0],["2025-07-08T00:00:00+00:00",1,1,0],["2025-09-22T00:00:00+00:00",1,1,0]]},"geometry":{"type":"Point","coordinates":[34.477442,31.489838]}},{"type":"Feature","properties":{"site_id":26,"event_code":"CE20231007PSE","latest_date":"2025-09-22T00:00:00+00:00","latest_class":1,"pass_count":14,"h":[["2023-10-15T00:00:00+00:00",2,1,null],["2023-11-07T00:00:00+00:00",2,1,0],["2023-11-26T00:00:00+00:00",2,1,0],["2024-01-06T00:00:00+00:00",1,1,1],["2024-02-29T00:00:00+00:00",1,1,0],["2024-04-01T00:00:00+00:00",1,1,0],["2024-05-03T00:00:00+00:00",1,1,0],["2024-07-06T00:00:00+00:00",1,1,0],["2024-09-06T00:00:00+00:00",1,1,0],["2024-12-01T00:00:00+00:00",1,1,0],["2025-02-25T00:00:00+00:00",1,1,0],["2025-04-04T00:00:00+00:00",1,1,0],["2025-07-08T00:00:00+00:00",1,1,0],["2025-09-22T00:00:00+00:00",1,1,0]]},"geometry":{"type":"Point","coordinates":[34.477289,31.489865]}},{"type":"Feature","properties":{"site_id":26,"event_code":"CE20231007PSE","latest_date":"2025-09-22T00:00:00+00:00","latest_class":1,"pass_count":14,"h":[["2023-10-15T00:00:00+00:00",1,1,null],["2023-11-07T00:00:00+00:00",1,1,0],["2023-11-26T00:00:00+00:00",1,1,0],["2024-01-06T00:00:00+00:00",1,1,0],["2024-02-29T00:00:00+00:00",1,1,0],["2024-04-01T00:00:00+00:00",1,1,0],["2024-05-03T00:00:00+00:00",1,1,0],["2024-07-06T00:00:00+00:00",1,1,0],["2024-09-06T00:00:00+00:00",1,1,0],["2024-12-01T00:00:00+00:00",1,1,0],["2025-02-25T00:00:00+00:00",1,1,0],["2025-04-04T00:00:00+00:00",1,1,0],["2025-07-08T00:00:00+00:00",1,1,0],["2025-09-22T00:00:00+00:00",1,1,0]]},"geometry":{"type":"Point","coordinates":[34.476579,31.49023]}},{"type":"Feature","properties":{"site_id":26,"event_code":"CE20231007PSE","latest_date":"2025-09-22T00:00:00+00:00","latest_class":1,"pass_count":14,"h":[["2023-10-15T00:00:00+00:00",2,1,null],["2023-11-07T00:00:00+00:00",2,1,0],["2023-11-26T00:00:00+00:00",2,1,0],["2024-01-06T00:00:00+00:00",1,1,1],["2024-02-29T00:00:00+00:00",1,1,0],["2024-04-01T00:00:00+00:00",1,1,0],["2024-05-03T00:00:00+00:00",1,1,0],["2024-07-06T00:00:00+00:00",1,1,0],["2024-09-06T00:00:00+00:00",1,1,0],["2024-12-01T00:00:00+00:00",1,1,0],["2025-02-25T00:00:00+00:00",1,1,0],["2025-04-04T00:00:00+00:00",1,1,0],["2025-07-08T00:00:00+00:00",1,1,0],["2025-09-22T00:00:00+00:00",1,1,0]]},"geometry":{"type":"Point","coordinates":[34.476478,31.490151]}},{"type":"Feature","properties":{"site_id":26,"event_code":"CE20231007PSE","latest_date":"2025-09-22T00:00:00+00:00","latest_class":1,"pass_count":14,"h":[["2023-10-15T00:00:00+00:00",2,1,null],["2023-11-07T00:00:00+00:00",2,1,0],["2023-11-26T00:00:00+00:00",2,1,0],["2024-01-06T00:00:00+00:00",1,1,1],["2024-02-29T00:00:00+00:00",1,1,0],["2024-04-01T00:00:00+00:00",1,1,0],["2024-05-03T00:00:00+00:00",1,1,0],["2024-07-06T00:00:00+00:00",1,1,0],["2024-09-06T00:00:00+00:00",1,1,0],["2024-12-01T00:00:00+00:00",1,1,0],["2025-02-25T00:00:00+00:00",1,1,0],["2025-04-04T00:00:00+00:00",1,1,0],["2025-07-08T00:00:00+00:00",1,1,0],["2025-09-22T00:00:00+00:00",1,1,0]]},"geometry":{"type":"Point","coordinates":[34.476585,31.489996]}},{"type":"Feature","properties":{"site_id":26,"event_code":"CE20231007PSE","latest_date":"2025-09-22T00:00:00+00:00","latest_class":1,"pass_count":14,"h":[["2023-10-15T00:00:00+00:00",3,2,null],["2023-11-07T00:00:00+00:00",3,2,0],["2023-11-26T00:00:00+00:00",3,2,0],["2024-01-06T00:00:00+00:00",1,1,1],["2024-02-29T00:00:00+00:00",1,1,0],["2024-04-01T00:00:00+00:00",1,1,0],["2024-05-03T00:00:00+00:00",1,1,0],["2024-07-06T00:00:00+00:00",1,1,0],["2024-09-06T00:00:00+00:00",1,1,0],["2024-12-01T00:00:00+00:00",1,1,0],["2025-02-25T00:00:00+00:00",1,1,0],["2025-04-04T00:00:00+00:00",1,1,0],["2025-07-08T00:00:00+00:00",1,1,0],["2025-09-22T00:00:00+00:00",1,1,0]]},"geometry":{"type":"Point","coordinates":[34.476997,31.489806]}},{"type":"Feature","properties":{"site_id":26,"event_code":"CE20231007PSE","latest_date":"2025-09-22T00:00:00+00:00","latest_class":1,"pass_count":14,"h":[["2023-10-15T00:00:00+00:00",1,1,null],["2023-11-07T00:00:00+00:00",1,1,0],["2023-11-26T00:00:00+00:00",1,1,0],["2024-01-06T00:00:00+00:00",1,1,0],["2024-02-29T00:00:00+00:00",1,1,0],["2024-04-01T00:00:00+00:00",1,1,0],["2024-05-03T00:00:00+00:00",1,1,0],["2024-07-06T00:00:00+00:00",1,1,0],["2024-09-06T00:00:00+00:00",1,1,0],["2024-12-01T00:00:00+00:00",1,1,0],["2025-02-25T00:00:00+00:00",1,1,0],["2025-04-04T00:00:00+00:00",1,1,0],["2025-07-08T00:00:00+00:00",1,1,0],["2025-09-22T00:00:00+00:00",1,1,0]]},"geometry":{"type":"Point","coordinates":[34.476342,31.4903]}},{"type":"Feature","properties":{"site_id":26,"event_code":"CE20231007PSE","latest_date":"2025-09-22T00:00:00+00:00","latest_class":1,"pass_count":14,"h":[["2023-10-15T00:00:00+00:00",3,2,null],["2023-11-07T00:00:00+00:00",3,2,0],["2023-11-26T00:00:00+00:00",3,2,0],["2024-01-06T00:00:00+00:00",1,1,1],["2024-02-29T00:00:00+00:00",1,1,0],["2024-04-01T00:00:00+00:00",1,1,0],["2024-05-03T00:00:00+00:00",1,1,0],["2024-07-06T00:00:00+00:00",1,1,0],["2024-09-06T00:00:00+00:00",1,1,0],["2024-12-01T00:00:00+00:00",1,1,0],["2025-02-25T00:00:00+00:00",1,1,0],["2025-04-04T00:00:00+00:00",1,1,0],["2025-07-08T00:00:00+00:00",1,1,0],["2025-09-22T00:00:00+00:00",1,1,0]]},"geometry":{"type":"Point","coordinates":[34.476592,31.490464]}},{"type":"Feature","properties":{"site_id":26,"event_code":"CE20231007PSE","latest_date":"2025-09-22T00:00:00+00:00","latest_class":1,"pass_count":14,"h":[["2023-10-15T00:00:00+00:00",3,2,null],["2023-11-07T00:00:00+00:00",3,2,0],["2023-11-26T00:00:00+00:00",3,2,0],["2024-01-06T00:00:00+00:00",1,1,1],["2024-02-29T00:00:00+00:00",1,1,0],["2024-04-01T00:00:00+00:00",1,1,0],["2024-05-03T00:00:00+00:00",1,1,0],["2024-07-06T00:00:00+00:00",1,1,0],["2024-09-06T00:00:00+00:00",1,1,0],["2024-12-01T00:00:00+00:00",1,1,0],["2025-02-25T00:00:00+00:00",1,1,0],["2025-04-04T00:00:00+00:00",1,1,0],["2025-07-08T00:00:00+00:00",1,1,0],["2025-09-22T00:00:00+00:00",1,1,0]]},"geometry":{"type":"Point","coordinates":[34.476666,31.490506]}},{"type":"Feature","properties":{"site_id":26,"event_code":"CE20231007PSE","latest_date":"2025-09-22T00:00:00+00:00","latest_class":1,"pass_count":14,"h":[["2023-10-15T00:00:00+00:00",2,1,null],["2023-11-07T00:00:00+00:00",2,1,0],["2023-11-26T00:00:00+00:00",2,1,0],["2024-01-06T00:00:00+00:00",1,1,1],["2024-02-29T00:00:00+00:00",1,1,0],["2024-04-01T00:00:00+00:00",1,1,0],["2024-05-03T00:00:00+00:00",1,1,0],["2024-07-06T00:00:00+00:00",1,1,0],["2024-09-06T00:00:00+00:00",1,1,0],["2024-12-01T00:00:00+00:00",1,1,0],["2025-02-25T00:00:00+00:00",1,1,0],["2025-04-04T00:00:00+00:00",1,1,0],["2025-07-08T00:00:00+00:00",1,1,0],["2025-09-22T00:00:00+00:00",1,1,0]]},"geometry":{"type":"Point","coordinates":[34.476224,31.489986]}},{"type":"Feature","properties":{"site_id":26,"event_code":"CE20231007PSE","latest_date":"2025-09-22T00:00:00+00:00","latest_class":1,"pass_count":14,"h":[["2023-10-15T00:00:00+00:00",2,1,null],["2023-11-07T00:00:00+00:00",2,1,0],["2023-11-26T00:00:00+00:00",2,1,0],["2024-01-06T00:00:00+00:00",1,1,1],["2024-02-29T00:00:00+00:00",1,1,0],["2024-04-01T00:00:00+00:00",1,1,0],["2024-05-03T00:00:00+00:00",1,1,0],["2024-07-06T00:00:00+00:00",1,1,0],["2024-09-06T00:00:00+00:00",1,1,0],["2024-12-01T00:00:00+00:00",1,1,0],["2025-02-25T00:00:00+00:00",1,1,0],["2025-04-04T00:00:00+00:00",1,1,0],["2025-07-08T00:00:00+00:00",1,1,0],["2025-09-22T00:00:00+00:00",1,1,0]]},"geometry":{"type":"Point","coordinates":[34.476075,31.490203]}},{"type":"Feature","properties":{"site_id":26,"event_code":"CE20231007PSE","latest_date":"2025-09-22T00:00:00+00:00","latest_class":1,"pass_count":14,"h":[["2023-10-15T00:00:00+00:00",3,2,null],["2023-11-07T00:00:00+00:00",3,2,0],["2023-11-26T00:00:00+00:00",3,2,0],["2024-01-06T00:00:00+00:00",3,2,0],["2024-02-29T00:00:00+00:00",3,2,0],["2024-04-01T00:00:00+00:00",3,2,0],["2024-05-03T00:00:00+00:00",3,2,0],["2024-07-06T00:00:00+00:00",3,2,0],["2024-09-06T00:00:00+00:00",3,2,0],["2024-12-01T00:00:00+00:00",3,2,0],["2025-02-25T00:00:00+00:00",3,2,0],["2025-04-04T00:00:00+00:00",3,2,0],["2025-07-08T00:00:00+00:00",1,1,1],["2025-09-22T00:00:00+00:00",1,1,0]]},"geometry":{"type":"Point","coordinates":[34.4762,31.490327]}},{"type":"Feature","properties":{"site_id":26,"event_code":"CE20231007PSE","latest_date":"2025-09-22T00:00:00+00:00","latest_class":1,"pass_count":14,"h":[["2023-10-15T00:00:00+00:00",3,2,null],["2023-11-07T00:00:00+00:00",3,2,0],["2023-11-26T00:00:00+00:00",3,2,0],["2024-01-06T00:00:00+00:00",1,1,1],["2024-02-29T00:00:00+00:00",1,1,0],["2024-04-01T00:00:00+00:00",1,1,0],["2024-05-03T00:00:00+00:00",1,1,0],["2024-07-06T00:00:00+00:00",1,1,0],["2024-09-06T00:00:00+00:00",1,1,0],["2024-12-01T00:00:00+00:00",1,1,0],["2025-02-25T00:00:00+00:00",1,1,0],["2025-04-04T00:00:00+00:00",1,1,0],["2025-07-08T00:00:00+00:00",1,1,0],["2025-09-22T00:00:00+00:00",1,1,0]]},"geometry":{"type":"Point","coordinates":[34.476035,31.490342]}},{"type":"Feature","properties":{"site_id":26,"event_code":"CE20231007PSE","latest_date":"2025-09-22T00:00:00+00:00","latest_class":1,"pass_count":14,"h":[["2023-10-15T00:00:00+00:00",3,2,null],["2023-11-07T00:00:00+00:00",3,2,0],["2023-11-26T00:00:00+00:00",3,2,0],["2024-01-06T00:00:00+00:00",1,1,1],["2024-02-29T00:00:00+00:00",1,1,0],["2024-04-01T00:00:00+00:00",1,1,0],["2024-05-03T00:00:00+00:00",1,1,0],["2024-07-06T00:00:00+00:00",1,1,0],["2024-09-06T00:00:00+00:00",1,1,0],["2024-12-01T00:00:00+00:00",1,1,0],["2025-02-25T00:00:00+00:00",1,1,0],["2025-04-04T00:00:00+00:00",1,1,0],["2025-07-08T00:00:00+00:00",1,1,0],["2025-09-22T00:00:00+00:00",1,1,0]]},"geometry":{"type":"Point","coordinates":[34.476563,31.489792]}},{"type":"Feature","properties":{"site_id":26,"event_code":"CE20231007PSE","latest_date":"2025-09-22T00:00:00+00:00","latest_class":1,"pass_count":14,"h":[["2023-10-15T00:00:00+00:00",3,2,null],["2023-11-07T00:00:00+00:00",1,1,1],["2023-11-26T00:00:00+00:00",1,1,0],["2024-01-06T00:00:00+00:00",1,1,0],["2024-02-29T00:00:00+00:00",1,1,0],["2024-04-01T00:00:00+00:00",1,1,0],["2024-05-03T00:00:00+00:00",1,1,0],["2024-07-06T00:00:00+00:00",1,1,0],["2024-09-06T00:00:00+00:00",1,1,0],["2024-12-01T00:00:00+00:00",1,1,0],["2025-02-25T00:00:00+00:00",1,1,0],["2025-04-04T00:00:00+00:00",1,1,0],["2025-07-08T00:00:00+00:00",1,1,0],["2025-09-22T00:00:00+00:00",1,1,0]]},"geometry":{"type":"Point","coordinates":[34.476402,31.489912]}},{"type":"Feature","properties":{"site_id":26,"event_code":"CE20231007PSE","latest_date":"2025-09-22T00:00:00+00:00","latest_class":1,"pass_count":14,"h":[["2023-10-15T00:00:00+00:00",3,2,null],["2023-11-07T00:00:00+00:00",3,2,0],["2023-11-26T00:00:00+00:00",3,2,0],["2024-01-06T00:00:00+00:00",1,1,1],["2024-02-29T00:00:00+00:00",1,1,0],["2024-04-01T00:00:00+00:00",1,1,0],["2024-05-03T00:00:00+00:00",1,1,0],["2024-07-06T00:00:00+00:00",1,1,0],["2024-09-06T00:00:00+00:00",1,1,0],["2024-12-01T00:00:00+00:00",1,1,0],["2025-02-25T00:00:00+00:00",1,1,0],["2025-04-04T00:00:00+00:00",1,1,0],["2025-07-08T00:00:00+00:00",1,1,0],["2025-09-22T00:00:00+00:00",1,1,0]]},"geometry":{"type":"Point","coordinates":[34.475793,31.490199]}},{"type":"Feature","properties":{"site_id":26,"event_code":"CE20231007PSE","latest_date":"2025-09-22T00:00:00+00:00","latest_class":1,"pass_count":14,"h":[["2023-10-15T00:00:00+00:00",3,2,null],["2023-11-07T00:00:00+00:00",2,1,1],["2023-11-26T00:00:00+00:00",2,1,0],["2024-01-06T00:00:00+00:00",2,1,0],["2024-02-29T00:00:00+00:00",2,1,0],["2024-04-01T00:00:00+00:00",2,1,0],["2024-05-03T00:00:00+00:00",2,1,0],["2024-07-06T00:00:00+00:00",2,1,0],["2024-09-06T00:00:00+00:00",2,1,0],["2024-12-01T00:00:00+00:00",2,1,0],["2025-02-25T00:00:00+00:00",2,1,0],["2025-04-04T00:00:00+00:00",2,1,0],["2025-07-08T00:00:00+00:00",1,1,1],["2025-09-22T00:00:00+00:00",1,1,0]]},"geometry":{"type":"Point","coordinates":[34.476407,31.490545]}},{"type":"Feature","properties":{"site_id":26,"event_code":"CE20231007PSE","latest_date":"2025-09-22T00:00:00+00:00","latest_class":1,"pass_count":14,"h":[["2023-10-15T00:00:00+00:00",3,2,null],["2023-11-07T00:00:00+00:00",3,2,0],["2023-11-26T00:00:00+00:00",3,2,0],["2024-01-06T00:00:00+00:00",3,2,0],["2024-02-29T00:00:00+00:00",3,2,0],["2024-04-01T00:00:00+00:00",3,2,0],["2024-05-03T00:00:00+00:00",3,2,0],["2024-07-06T00:00:00+00:00",3,2,0],["2024-09-06T00:00:00+00:00",1,1,1],["2024-12-01T00:00:00+00:00",1,1,0],["2025-02-25T00:00:00+00:00",1,1,0],["2025-04-04T00:00:00+00:00",1,1,0],["2025-07-08T00:00:00+00:00",1,1,0],["2025-09-22T00:00:00+00:00",1,1,0]]},"geometry":{"type":"Point","coordinates":[34.476149,31.490545]}},{"type":"Feature","properties":{"site_id":26,"event_code":"CE20231007PSE","latest_date":"2025-09-22T00:00:00+00:00","latest_class":1,"pass_count":14,"h":[["2023-10-15T00:00:00+00:00",3,2,null],["2023-11-07T00:00:00+00:00",3,2,0],["2023-11-26T00:00:00+00:00",3,2,0],["2024-01-06T00:00:00+00:00",3,2,0],["2024-02-29T00:00:00+00:00",3,2,0],["2024-04-01T00:00:00+00:00",3,2,0],["2024-05-03T00:00:00+00:00",3,2,0],["2024-07-06T00:00:00+00:00",3,2,0],["2024-09-06T00:00:00+00:00",3,2,0],["2024-12-01T00:00:00+00:00",3,2,0],["2025-02-25T00:00:00+00:00",3,2,0],["2025-04-04T00:00:00+00:00",3,2,0],["2025-07-08T00:00:00+00:00",1,1,1],["2025-09-22T00:00:00+00:00",1,1,0]]},"geometry":{"type":"Point","coordinates":[34.47915,31.492073]}},{"type":"Feature","properties":{"site_id":26,"event_code":"CE20231007PSE","latest_date":"2025-09-22T00:00:00+00:00","latest_class":1,"pass_count":14,"h":[["2023-10-15T00:00:00+00:00",2,1,null],["2023-11-07T00:00:00+00:00",2,1,0],["2023-11-26T00:00:00+00:00",2,1,0],["2024-01-06T00:00:00+00:00",1,1,1],["2024-02-29T00:00:00+00:00",1,1,0],["2024-04-01T00:00:00+00:00",1,1,0],["2024-05-03T00:00:00+00:00",1,1,0],["2024-07-06T00:00:00+00:00",1,1,0],["2024-09-06T00:00:00+00:00",1,1,0],["2024-12-01T00:00:00+00:00",1,1,0],["2025-02-25T00:00:00+00:00",1,1,0],["2025-04-04T00:00:00+00:00",1,1,0],["2025-07-08T00:00:00+00:00",1,1,0],["2025-09-22T00:00:00+00:00",1,1,0]]},"geometry":{"type":"Point","coordinates":[34.477313,31.490875]}},{"type":"Feature","properties":{"site_id":26,"event_code":"CE20231007PSE","latest_date":"2025-09-22T00:00:00+00:00","latest_class":1,"pass_count":14,"h":[["2023-10-15T00:00:00+00:00",3,2,null],["2023-11-07T00:00:00+00:00",1,1,1],["2023-11-26T00:00:00+00:00",1,1,0],["2024-01-06T00:00:00+00:00",1,1,0],["2024-02-29T00:00:00+00:00",1,1,0],["2024-04-01T00:00:00+00:00",1,1,0],["2024-05-03T00:00:00+00:00",1,1,0],["2024-07-06T00:00:00+00:00",1,1,0],["2024-09-06T00:00:00+00:00",1,1,0],["2024-12-01T00:00:00+00:00",1,1,0],["2025-02-25T00:00:00+00:00",1,1,0],["2025-04-04T00:00:00+00:00",1,1,0],["2025-07-08T00:00:00+00:00",1,1,0],["2025-09-22T00:00:00+00:00",1,1,0]]},"geometry":{"type":"Point","coordinates":[34.477438,31.49097]}},{"type":"Feature","properties":{"site_id":26,"event_code":"CE20231007PSE","latest_date":"2025-09-22T00:00:00+00:00","latest_class":1,"pass_count":14,"h":[["2023-10-15T00:00:00+00:00",3,2,null],["2023-11-07T00:00:00+00:00",2,1,1],["2023-11-26T00:00:00+00:00",2,1,0],["2024-01-06T00:00:00+00:00",1,1,1],["2024-02-29T00:00:00+00:00",1,1,0],["2024-04-01T00:00:00+00:00",1,1,0],["2024-05-03T00:00:00+00:00",1,1,0],["2024-07-06T00:00:00+00:00",1,1,0],["2024-09-06T00:00:00+00:00",1,1,0],["2024-12-01T00:00:00+00:00",1,1,0],["2025-02-25T00:00:00+00:00",1,1,0],["2025-04-04T00:00:00+00:00",1,1,0],["2025-07-08T00:00:00+00:00",1,1,0],["2025-09-22T00:00:00+00:00",1,1,0]]},"geometry":{"type":"Point","coordinates":[34.477161,31.490817]}},{"type":"Feature","properties":{"site_id":26,"event_code":"CE20231007PSE","latest_date":"2025-09-22T00:00:00+00:00","latest_class":1,"pass_count":14,"h":[["2023-10-15T00:00:00+00:00",3,2,null],["2023-11-07T00:00:00+00:00",2,1,1],["2023-11-26T00:00:00+00:00",2,1,0],["2024-01-06T00:00:00+00:00",2,1,0],["2024-02-29T00:00:00+00:00",2,1,0],["2024-04-01T00:00:00+00:00",2,1,0],["2024-05-03T00:00:00+00:00",2,1,0],["2024-07-06T00:00:00+00:00",2,1,0],["2024-09-06T00:00:00+00:00",2,1,0],["2024-12-01T00:00:00+00:00",2,1,0],["2025-02-25T00:00:00+00:00",2,1,0],["2025-04-04T00:00:00+00:00",2,1,0],["2025-07-08T00:00:00+00:00",1,1,1],["2025-09-22T00:00:00+00:00",1,1,0]]},"geometry":{"type":"Point","coordinates":[34.477236,31.490957]}},{"type":"Feature","properties":{"site_id":26,"event_code":"CE20231007PSE","latest_date":"2025-09-22T00:00:00+00:00","latest_class":1,"pass_count":14,"h":[["2023-10-15T00:00:00+00:00",3,2,null],["2023-11-07T00:00:00+00:00",1,1,1],["2023-11-26T00:00:00+00:00",1,1,0],["2024-01-06T00:00:00+00:00",1,1,0],["2024-02-29T00:00:00+00:00",1,1,0],["2024-04-01T00:00:00+00:00",1,1,0],["2024-05-03T00:00:00+00:00",1,1,0],["2024-07-06T00:00:00+00:00",1,1,0],["2024-09-06T00:00:00+00:00",1,1,0],["2024-12-01T00:00:00+00:00",1,1,0],["2025-02-25T00:00:00+00:00",1,1,0],["2025-04-04T00:00:00+00:00",1,1,0],["2025-07-08T00:00:00+00:00",1,1,0],["2025-09-22T00:00:00+00:00",1,1,0]]},"geometry":{"type":"Point","coordinates":[34.477401,31.491052]}},{"type":"Feature","properties":{"site_id":26,"event_code":"CE20231007PSE","latest_date":"2025-09-22T00:00:00+00:00","latest_class":1,"pass_count":14,"h":[["2023-10-15T00:00:00+00:00",2,1,null],["2023-11-07T00:00:00+00:00",2,1,0],["2023-11-26T00:00:00+00:00",2,1,0],["2024-01-06T00:00:00+00:00",2,1,0],["2024-02-29T00:00:00+00:00",2,1,0],["2024-04-01T00:00:00+00:00",2,1,0],["2024-05-03T00:00:00+00:00",2,1,0],["2024-07-06T00:00:00+00:00",2,1,0],["2024-09-06T00:00:00+00:00",2,1,0],["2024-12-01T00:00:00+00:00",2,1,0],["2025-02-25T00:00:00+00:00",2,1,0],["2025-04-04T00:00:00+00:00",2,1,0],["2025-07-08T00:00:00+00:00",1,1,1],["2025-09-22T00:00:00+00:00",1,1,0]]},"geometry":{"type":"Point","coordinates":[34.477506,31.491129]}},{"type":"Feature","properties":{"site_id":26,"event_code":"CE20231007PSE","latest_date":"2025-09-22T00:00:00+00:00","latest_class":1,"pass_count":14,"h":[["2023-10-15T00:00:00+00:00",3,2,null],["2023-11-07T00:00:00+00:00",3,2,0],["2023-11-26T00:00:00+00:00",3,2,0],["2024-01-06T00:00:00+00:00",1,1,1],["2024-02-29T00:00:00+00:00",1,1,0],["2024-04-01T00:00:00+00:00",1,1,0],["2024-05-03T00:00:00+00:00",1,1,0],["2024-07-06T00:00:00+00:00",1,1,0],["2024-09-06T00:00:00+00:00",1,1,0],["2024-12-01T00:00:00+00:00",1,1,0],["2025-02-25T00:00:00+00:00",1,1,0],["2025-04-04T00:00:00+00:00",1,1,0],["2025-07-08T00:00:00+00:00",1,1,0],["2025-09-22T00:00:00+00:00",1,1,0]]},"geometry":{"type":"Point","coordinates":[34.475709,31.490413]}},{"type":"Feature","properties":{"site_id":26,"event_code":"CE20231007PSE","latest_date":"2025-09-22T00:00:00+00:00","latest_class":1,"pass_count":14,"h":[["2023-10-15T00:00:00+00:00",3,2,null],["2023-11-07T00:00:00+00:00",3,2,0],["2023-11-26T00:00:00+00:00",3,2,0],["2024-01-06T00:00:00+00:00",2,1,1],["2024-02-29T00:00:00+00:00",2,1,0],["2024-04-01T00:00:00+00:00",2,1,0],["2024-05-03T00:00:00+00:00",2,1,0],["2024-07-06T00:00:00+00:00",1,1,1],["2024-09-06T00:00:00+00:00",1,1,0],["2024-12-01T00:00:00+00:00",1,1,0],["2025-02-25T00:00:00+00:00",1,1,0],["2025-04-04T00:00:00+00:00",1,1,0],["2025-07-08T00:00:00+00:00",1,1,0],["2025-09-22T00:00:00+00:00",1,1,0]]},"geometry":{"type":"Point","coordinates":[34.479721,31.490857]}},{"type":"Feature","properties":{"site_id":26,"event_code":"CE20231007PSE","latest_date":"2025-09-22T00:00:00+00:00","latest_class":1,"pass_count":13,"h":[["2023-11-07T00:00:00+00:00",1,1,3],["2023-11-26T00:00:00+00:00",1,1,0],["2024-01-06T00:00:00+00:00",1,1,0],["2024-02-29T00:00:00+00:00",1,1,0],["2024-04-01T00:00:00+00:00",1,1,0],["2024-05-03T00:00:00+00:00",1,1,0],["2024-07-06T00:00:00+00:00",1,1,0],["2024-09-06T00:00:00+00:00",1,1,0],["2024-12-01T00:00:00+00:00",1,1,0],["2025-02-25T00:00:00+00:00",1,1,0],["2025-04-04T00:00:00+00:00",1,1,0],["2025-07-08T00:00:00+00:00",1,1,0],["2025-09-22T00:00:00+00:00",1,1,0]]},"geometry":{"type":"Point","coordinates":[34.476331,31.489725]}},{"type":"Feature","properties":{"site_id":26,"event_code":"CE20231007PSE","latest_date":"2025-09-22T00:00:00+00:00","latest_class":1,"pass_count":13,"h":[["2023-11-07T00:00:00+00:00",2,1,3],["2023-11-26T00:00:00+00:00",2,1,0],["2024-01-06T00:00:00+00:00",1,1,1],["2024-02-29T00:00:00+00:00",1,1,0],["2024-04-01T00:00:00+00:00",1,1,0],["2024-05-03T00:00:00+00:00",1,1,0],["2024-07-06T00:00:00+00:00",1,1,0],["2024-09-06T00:00:00+00:00",1,1,0],["2024-12-01T00:00:00+00:00",1,1,0],["2025-02-25T00:00:00+00:00",1,1,0],["2025-04-04T00:00:00+00:00",1,1,0],["2025-07-08T00:00:00+00:00",1,1,0],["2025-09-22T00:00:00+00:00",1,1,0]]},"geometry":{"type":"Point","coordinates":[34.476157,31.489748]}},{"type":"Feature","properties":{"site_id":26,"event_code":"CE20231007PSE","latest_date":"2025-09-22T00:00:00+00:00","latest_class":1,"pass_count":14,"h":[["2023-10-15T00:00:00+00:00",4,3,null],["2023-11-07T00:00:00+00:00",2,1,1],["2023-11-26T00:00:00+00:00",2,1,0],["2024-01-06T00:00:00+00:00",1,1,1],["2024-02-29T00:00:00+00:00",1,1,0],["2024-04-01T00:00:00+00:00",1,1,0],["2024-05-03T00:00:00+00:00",1,1,0],["2024-07-06T00:00:00+00:00",1,1,0],["2024-09-06T00:00:00+00:00",1,1,0],["2024-12-01T00:00:00+00:00",1,1,0],["2025-02-25T00:00:00+00:00",1,1,0],["2025-04-04T00:00:00+00:00",1,1,0],["2025-07-08T00:00:00+00:00",1,1,0],["2025-09-22T00:00:00+00:00",1,1,0]]},"geometry":{"type":"Point","coordinates":[34.477612,31.49079]}},{"type":"Feature","properties":{"site_id":26,"event_code":"CE20231007PSE","latest_date":"2025-09-22T00:00:00+00:00","latest_class":1,"pass_count":14,"h":[["2023-10-15T00:00:00+00:00",4,3,null],["2023-11-07T00:00:00+00:00",3,2,1],["2023-11-26T00:00:00+00:00",3,2,0],["2024-01-06T00:00:00+00:00",1,1,1],["2024-02-29T00:00:00+00:00",1,1,0],["2024-04-01T00:00:00+00:00",1,1,0],["2024-05-03T00:00:00+00:00",1,1,0],["2024-07-06T00:00:00+00:00",1,1,0],["2024-09-06T00:00:00+00:00",1,1,0],["2024-12-01T00:00:00+00:00",1,1,0],["2025-02-25T00:00:00+00:00",1,1,0],["2025-04-04T00:00:00+00:00",1,1,0],["2025-07-08T00:00:00+00:00",1,1,0],["2025-09-22T00:00:00+00:00",1,1,0]]},"geometry":{"type":"Point","coordinates":[34.477322,31.491159]}},{"type":"Feature","properties":{"site_id":26,"event_code":"CE20231007PSE","latest_date":"2025-09-22T00:00:00+00:00","latest_class":1,"pass_count":14,"h":[["2023-10-15T00:00:00+00:00",4,3,null],["2023-11-07T00:00:00+00:00",3,2,1],["2023-11-26T00:00:00+00:00",3,2,0],["2024-01-06T00:00:00+00:00",1,1,1],["2024-02-29T00:00:00+00:00",1,1,0],["2024-04-01T00:00:00+00:00",1,1,0],["2024-05-03T00:00:00+00:00",1,1,0],["2024-07-06T00:00:00+00:00",1,1,0],["2024-09-06T00:00:00+00:00",1,1,0],["2024-12-01T00:00:00+00:00",1,1,0],["2025-02-25T00:00:00+00:00",1,1,0],["2025-04-04T00:00:00+00:00",1,1,0],["2025-07-08T00:00:00+00:00",1,1,0],["2025-09-22T00:00:00+00:00",1,1,0]]},"geometry":{"type":"Point","coordinates":[34.477154,31.491091]}},{"type":"Feature","properties":{"site_id":26,"event_code":"CE20231007PSE","latest_date":"2025-09-22T00:00:00+00:00","latest_class":1,"pass_count":14,"h":[["2023-10-15T00:00:00+00:00",4,3,null],["2023-11-07T00:00:00+00:00",4,3,0],["2023-11-26T00:00:00+00:00",4,3,0],["2024-01-06T00:00:00+00:00",1,1,1],["2024-02-29T00:00:00+00:00",1,1,0],["2024-04-01T00:00:00+00:00",1,1,0],["2024-05-03T00:00:00+00:00",1,1,0],["2024-07-06T00:00:00+00:00",1,1,0],["2024-09-06T00:00:00+00:00",1,1,0],["2024-12-01T00:00:00+00:00",1,1,0],["2025-02-25T00:00:00+00:00",1,1,0],["2025-04-04T00:00:00+00:00",1,1,0],["2025-07-08T00:00:00+00:00",1,1,0],["2025-09-22T00:00:00+00:00",1,1,0]]},"geometry":{"type":"Point","coordinates":[34.477825,31.491173]}},{"type":"Feature","properties":{"site_id":26,"event_code":"CE20231007PSE","latest_date":"2025-09-22T00:00:00+00:00","latest_class":1,"pass_count":14,"h":[["2023-10-15T00:00:00+00:00",4,3,null],["2023-11-07T00:00:00+00:00",4,3,0],["2023-11-26T00:00:00+00:00",4,3,0],["2024-01-06T00:00:00+00:00",1,1,1],["2024-02-29T00:00:00+00:00",1,1,0],["2024-04-01T00:00:00+00:00",1,1,0],["2024-05-03T00:00:00+00:00",1,1,0],["2024-07-06T00:00:00+00:00",1,1,0],["2024-09-06T00:00:00+00:00",1,1,0],["2024-12-01T00:00:00+00:00",1,1,0],["2025-02-25T00:00:00+00:00",1,1,0],["2025-04-04T00:00:00+00:00",1,1,0],["2025-07-08T00:00:00+00:00",1,1,0],["2025-09-22T00:00:00+00:00",1,1,0]]},"geometry":{"type":"Point","coordinates":[34.477686,31.49113]}},{"type":"Feature","properties":{"site_id":26,"event_code":"CE20231007PSE","latest_date":"2025-09-22T00:00:00+00:00","latest_class":1,"pass_count":11,"h":[["2024-01-06T00:00:00+00:00",1,1,3],["2024-02-29T00:00:00+00:00",1,1,0],["2024-04-01T00:00:00+00:00",1,1,0],["2024-05-03T00:00:00+00:00",1,1,0],["2024-07-06T00:00:00+00:00",1,1,0],["2024-09-06T00:00:00+00:00",1,1,0],["2024-12-01T00:00:00+00:00",1,1,0],["2025-02-25T00:00:00+00:00",1,1,0],["2025-04-04T00:00:00+00:00",1,1,0],["2025-07-08T00:00:00+00:00",1,1,0],["2025-09-22T00:00:00+00:00",1,1,0]]},"geometry":{"type":"Point","coordinates":[34.475261,31.489939]}},{"type":"Feature","properties":{"site_id":26,"event_code":"CE20231007PSE","latest_date":"2025-09-22T00:00:00+00:00","latest_class":1,"pass_count":14,"h":[["2023-10-15T00:00:00+00:00",4,3,null],["2023-11-07T00:00:00+00:00",4,3,0],["2023-11-26T00:00:00+00:00",4,3,0],["2024-01-06T00:00:00+00:00",3,2,1],["2024-02-29T00:00:00+00:00",3,2,0],["2024-04-01T00:00:00+00:00",3,2,0],["2024-05-03T00:00:00+00:00",3,2,0],["2024-07-06T00:00:00+00:00",3,2,0],["2024-09-06T00:00:00+00:00",1,1,1],["2024-12-01T00:00:00+00:00",1,1,0],["2025-02-25T00:00:00+00:00",1,1,0],["2025-04-04T00:00:00+00:00",1,1,0],["2025-07-08T00:00:00+00:00",1,1,0],["2025-09-22T00:00:00+00:00",1,1,0]]},"geometry":{"type":"Point","coordinates":[34.476326,31.490755]}},{"type":"Feature","properties":{"site_id":26,"event_code":"CE20231007PSE","latest_date":"2025-09-22T00:00:00+00:00","latest_class":1,"pass_count":14,"h":[["2023-10-15T00:00:00+00:00",4,3,null],["2023-11-07T00:00:00+00:00",4,3,0],["2023-11-26T00:00:00+00:00",4,3,0],["2024-01-06T00:00:00+00:00",2,1,1],["2024-02-29T00:00:00+00:00",2,1,0],["2024-04-01T00:00:00+00:00",2,1,0],["2024-05-03T00:00:00+00:00",2,1,0],["2024-07-06T00:00:00+00:00",2,1,0],["2024-09-06T00:00:00+00:00",1,1,1],["2024-12-01T00:00:00+00:00",1,1,0],["2025-02-25T00:00:00+00:00",1,1,0],["2025-04-04T00:00:00+00:00",1,1,0],["2025-07-08T00:00:00+00:00",1,1,0],["2025-09-22T00:00:00+00:00",1,1,0]]},"geometry":{"type":"Point","coordinates":[34.476388,31.490662]}},{"type":"Feature","properties":{"site_id":26,"event_code":"CE20231007PSE","latest_date":"2025-09-22T00:00:00+00:00","latest_class":1,"pass_count":11,"h":[["2024-01-06T00:00:00+00:00",1,1,3],["2024-02-29T00:00:00+00:00",1,1,0],["2024-04-01T00:00:00+00:00",1,1,0],["2024-05-03T00:00:00+00:00",1,1,0],["2024-07-06T00:00:00+00:00",1,1,0],["2024-09-06T00:00:00+00:00",1,1,0],["2024-12-01T00:00:00+00:00",1,1,0],["2025-02-25T00:00:00+00:00",1,1,0],["2025-04-04T00:00:00+00:00",1,1,0],["2025-07-08T00:00:00+00:00",1,1,0],["2025-09-22T00:00:00+00:00",1,1,0]]},"geometry":{"type":"Point","coordinates":[34.476743,31.490611]}},{"type":"Feature","properties":{"site_id":26,"event_code":"CE20231007PSE","latest_date":"2025-09-22T00:00:00+00:00","latest_class":1,"pass_count":13,"h":[["2023-11-07T00:00:00+00:00",4,3,3],["2023-11-26T00:00:00+00:00",4,3,0],["2024-01-06T00:00:00+00:00",1,1,1],["2024-02-29T00:00:00+00:00",1,1,0],["2024-04-01T00:00:00+00:00",1,1,0],["2024-05-03T00:00:00+00:00",1,1,0],["2024-07-06T00:00:00+00:00",1,1,0],["2024-09-06T00:00:00+00:00",1,1,0],["2024-12-01T00:00:00+00:00",1,1,0],["2025-02-25T00:00:00+00:00",1,1,0],["2025-04-04T00:00:00+00:00",1,1,0],["2025-07-08T00:00:00+00:00",1,1,0],["2025-09-22T00:00:00+00:00",1,1,0]]},"geometry":{"type":"Point","coordinates":[34.476864,31.490684]}},{"type":"Feature","properties":{"site_id":26,"event_code":"CE20231007PSE","latest_date":"2025-09-22T00:00:00+00:00","latest_class":1,"pass_count":14,"h":[["2023-10-15T00:00:00+00:00",4,3,null],["2023-11-07T00:00:00+00:00",4,3,0],["2023-11-26T00:00:00+00:00",4,3,0],["2024-01-06T00:00:00+00:00",2,1,1],["2024-02-29T00:00:00+00:00",2,1,0],["2024-04-01T00:00:00+00:00",2,1,0],["2024-05-03T00:00:00+00:00",2,1,0],["2024-07-06T00:00:00+00:00",2,1,0],["2024-09-06T00:00:00+00:00",2,1,0],["2024-12-01T00:00:00+00:00",2,1,0],["2025-02-25T00:00:00+00:00",2,1,0],["2025-04-04T00:00:00+00:00",2,1,0],["2025-07-08T00:00:00+00:00",1,1,1],["2025-09-22T00:00:00+00:00",1,1,0]]},"geometry":{"type":"Point","coordinates":[34.476025,31.490505]}},{"type":"Feature","properties":{"site_id":26,"event_code":"CE20231007PSE","latest_date":"2025-09-22T00:00:00+00:00","latest_class":1,"pass_count":14,"h":[["2023-10-15T00:00:00+00:00",4,3,null],["2023-11-07T00:00:00+00:00",4,3,0],["2023-11-26T00:00:00+00:00",4,3,0],["2024-01-06T00:00:00+00:00",3,2,1],["2024-02-29T00:00:00+00:00",3,2,0],["2024-04-01T00:00:00+00:00",3,2,0],["2024-05-03T00:00:00+00:00",3,2,0],["2024-07-06T00:00:00+00:00",3,2,0],["2024-09-06T00:00:00+00:00",2,1,1],["2024-12-01T00:00:00+00:00",2,1,0],["2025-02-25T00:00:00+00:00",2,1,0],["2025-04-04T00:00:00+00:00",2,1,0],["2025-07-08T00:00:00+00:00",1,1,1],["2025-09-22T00:00:00+00:00",1,1,0]]},"geometry":{"type":"Point","coordinates":[34.476027,31.490667]}},{"type":"Feature","properties":{"site_id":26,"event_code":"CE20231007PSE","latest_date":"2025-09-22T00:00:00+00:00","latest_class":1,"pass_count":11,"h":[["2024-01-06T00:00:00+00:00",1,1,3],["2024-02-29T00:00:00+00:00",1,1,0],["2024-04-01T00:00:00+00:00",1,1,0],["2024-05-03T00:00:00+00:00",1,1,0],["2024-07-06T00:00:00+00:00",1,1,0],["2024-09-06T00:00:00+00:00",1,1,0],["2024-12-01T00:00:00+00:00",1,1,0],["2025-02-25T00:00:00+00:00",1,1,0],["2025-04-04T00:00:00+00:00",1,1,0],["2025-07-08T00:00:00+00:00",1,1,0],["2025-09-22T00:00:00+00:00",1,1,0]]},"geometry":{"type":"Point","coordinates":[34.475195,31.490621]}},{"type":"Feature","properties":{"site_id":26,"event_code":"CE20231007PSE","latest_date":"2025-09-22T00:00:00+00:00","latest_class":1,"pass_count":11,"h":[["2024-01-06T00:00:00+00:00",3,2,3],["2024-02-29T00:00:00+00:00",3,2,0],["2024-04-01T00:00:00+00:00",3,2,0],["2024-05-03T00:00:00+00:00",3,2,0],["2024-07-06T00:00:00+00:00",3,2,0],["2024-09-06T00:00:00+00:00",3,2,0],["2024-12-01T00:00:00+00:00",3,2,0],["2025-02-25T00:00:00+00:00",3,2,0],["2025-04-04T00:00:00+00:00",3,2,0],["2025-07-08T00:00:00+00:00",1,1,1],["2025-09-22T00:00:00+00:00",1,1,0]]},"geometry":{"type":"Point","coordinates":[34.475355,31.490686]}},{"type":"Feature","properties":{"site_id":26,"event_code":"CE20231007PSE","latest_date":"2025-09-22T00:00:00+00:00","latest_class":1,"pass_count":11,"h":[["2024-01-06T00:00:00+00:00",1,1,3],["2024-02-29T00:00:00+00:00",1,1,0],["2024-04-01T00:00:00+00:00",1,1,0],["2024-05-03T00:00:00+00:00",1,1,0],["2024-07-06T00:00:00+00:00",1,1,0],["2024-09-06T00:00:00+00:00",1,1,0],["2024-12-01T00:00:00+00:00",1,1,0],["2025-02-25T00:00:00+00:00",1,1,0],["2025-04-04T00:00:00+00:00",1,1,0],["2025-07-08T00:00:00+00:00",1,1,0],["2025-09-22T00:00:00+00:00",1,1,0]]},"geometry":{"type":"Point","coordinates":[34.474896,31.49045]}},{"type":"Feature","properties":{"site_id":26,"event_code":"CE20231007PSE","latest_date":"2025-09-22T00:00:00+00:00","latest_class":1,"pass_count":11,"h":[["2024-01-06T00:00:00+00:00",1,1,3],["2024-02-29T00:00:00+00:00",1,1,0],["2024-04-01T00:00:00+00:00",1,1,0],["2024-05-03T00:00:00+00:00",1,1,0],["2024-07-06T00:00:00+00:00",1,1,0],["2024-09-06T00:00:00+00:00",1,1,0],["2024-12-01T00:00:00+00:00",1,1,0],["2025-02-25T00:00:00+00:00",1,1,0],["2025-04-04T00:00:00+00:00",1,1,0],["2025-07-08T00:00:00+00:00",1,1,0],["2025-09-22T00:00:00+00:00",1,1,0]]},"geometry":{"type":"Point","coordinates":[34.475129,31.489982]}},{"type":"Feature","properties":{"site_id":26,"event_code":"CE20231007PSE","latest_date":"2025-09-22T00:00:00+00:00","latest_class":1,"pass_count":11,"h":[["2024-01-06T00:00:00+00:00",2,1,3],["2024-02-29T00:00:00+00:00",2,1,0],["2024-04-01T00:00:00+00:00",2,1,0],["2024-05-03T00:00:00+00:00",2,1,0],["2024-07-06T00:00:00+00:00",2,1,0],["2024-09-06T00:00:00+00:00",2,1,0],["2024-12-01T00:00:00+00:00",2,1,0],["2025-02-25T00:00:00+00:00",2,1,0],["2025-04-04T00:00:00+00:00",2,1,0],["2025-07-08T00:00:00+00:00",1,1,1],["2025-09-22T00:00:00+00:00",1,1,0]]},"geometry":{"type":"Point","coordinates":[34.475204,31.490032]}},{"type":"Feature","properties":{"site_id":26,"event_code":"CE20231007PSE","latest_date":"2025-09-22T00:00:00+00:00","latest_class":1,"pass_count":11,"h":[["2024-01-06T00:00:00+00:00",1,1,3],["2024-02-29T00:00:00+00:00",1,1,0],["2024-04-01T00:00:00+00:00",1,1,0],["2024-05-03T00:00:00+00:00",1,1,0],["2024-07-06T00:00:00+00:00",1,1,0],["2024-09-06T00:00:00+00:00",1,1,0],["2024-12-01T00:00:00+00:00",1,1,0],["2025-02-25T00:00:00+00:00",1,1,0],["2025-04-04T00:00:00+00:00",1,1,0],["2025-07-08T00:00:00+00:00",1,1,0],["2025-09-22T00:00:00+00:00",1,1,0]]},"geometry":{"type":"Point","coordinates":[34.475193,31.48984]}},{"type":"Feature","properties":{"site_id":26,"event_code":"CE20231007PSE","latest_date":"2025-09-22T00:00:00+00:00","latest_class":1,"pass_count":11,"h":[["2024-01-06T00:00:00+00:00",2,1,3],["2024-02-29T00:00:00+00:00",2,1,0],["2024-04-01T00:00:00+00:00",2,1,0],["2024-05-03T00:00:00+00:00",2,1,0],["2024-07-06T00:00:00+00:00",2,1,0],["2024-09-06T00:00:00+00:00",2,1,0],["2024-12-01T00:00:00+00:00",2,1,0],["2025-02-25T00:00:00+00:00",2,1,0],["2025-04-04T00:00:00+00:00",2,1,0],["2025-07-08T00:00:00+00:00",1,1,1],["2025-09-22T00:00:00+00:00",1,1,0]]},"geometry":{"type":"Point","coordinates":[34.476641,31.490686]}},{"type":"Feature","properties":{"site_id":26,"event_code":"CE20231007PSE","latest_date":"2025-09-22T00:00:00+00:00","latest_class":1,"pass_count":11,"h":[["2024-01-06T00:00:00+00:00",1,1,3],["2024-02-29T00:00:00+00:00",1,1,0],["2024-04-01T00:00:00+00:00",1,1,0],["2024-05-03T00:00:00+00:00",1,1,0],["2024-07-06T00:00:00+00:00",1,1,0],["2024-09-06T00:00:00+00:00",1,1,0],["2024-12-01T00:00:00+00:00",1,1,0],["2025-02-25T00:00:00+00:00",1,1,0],["2025-04-04T00:00:00+00:00",1,1,0],["2025-07-08T00:00:00+00:00",1,1,0],["2025-09-22T00:00:00+00:00",1,1,0]]},"geometry":{"type":"Point","coordinates":[34.472519,31.498655]}},{"type":"Feature","properties":{"site_id":26,"event_code":"CE20231007PSE","latest_date":"2025-09-22T00:00:00+00:00","latest_class":1,"pass_count":11,"h":[["2024-01-06T00:00:00+00:00",1,1,3],["2024-02-29T00:00:00+00:00",1,1,0],["2024-04-01T00:00:00+00:00",1,1,0],["2024-05-03T00:00:00+00:00",1,1,0],["2024-07-06T00:00:00+00:00",1,1,0],["2024-09-06T00:00:00+00:00",1,1,0],["2024-12-01T00:00:00+00:00",1,1,0],["2025-02-25T00:00:00+00:00",1,1,0],["2025-04-04T00:00:00+00:00",1,1,0],["2025-07-08T00:00:00+00:00",1,1,0],["2025-09-22T00:00:00+00:00",1,1,0]]},"geometry":{"type":"Point","coordinates":[34.472418,31.498709]}},{"type":"Feature","properties":{"site_id":26,"event_code":"CE20231007PSE","latest_date":"2025-09-22T00:00:00+00:00","latest_class":1,"pass_count":11,"h":[["2024-01-06T00:00:00+00:00",2,1,3],["2024-02-29T00:00:00+00:00",2,1,0],["2024-04-01T00:00:00+00:00",2,1,0],["2024-05-03T00:00:00+00:00",2,1,0],["2024-07-06T00:00:00+00:00",1,1,1],["2024-09-06T00:00:00+00:00",1,1,0],["2024-12-01T00:00:00+00:00",1,1,0],["2025-02-25T00:00:00+00:00",1,1,0],["2025-04-04T00:00:00+00:00",1,1,0],["2025-07-08T00:00:00+00:00",1,1,0],["2025-09-22T00:00:00+00:00",1,1,0]]},"geometry":{"type":"Point","coordinates":[34.472246,31.498635]}},{"type":"Feature","properties":{"site_id":26,"event_code":"CE20231007PSE","latest_date":"2025-09-22T00:00:00+00:00","latest_class":1,"pass_count":11,"h":[["2024-01-06T00:00:00+00:00",3,2,3],["2024-02-29T00:00:00+00:00",3,2,0],["2024-04-01T00:00:00+00:00",3,2,0],["2024-05-03T00:00:00+00:00",3,2,0],["2024-07-06T00:00:00+00:00",1,1,1],["2024-09-06T00:00:00+00:00",1,1,0],["2024-12-01T00:00:00+00:00",1,1,0],["2025-02-25T00:00:00+00:00",1,1,0],["2025-04-04T00:00:00+00:00",1,1,0],["2025-07-08T00:00:00+00:00",1,1,0],["2025-09-22T00:00:00+00:00",1,1,0]]},"geometry":{"type":"Point","coordinates":[34.472081,31.49885]}},{"type":"Feature","properties":{"site_id":26,"event_code":"CE20231007PSE","latest_date":"2025-09-22T00:00:00+00:00","latest_class":1,"pass_count":11,"h":[["2024-01-06T00:00:00+00:00",3,2,3],["2024-02-29T00:00:00+00:00",3,2,0],["2024-04-01T00:00:00+00:00",3,2,0],["2024-05-03T00:00:00+00:00",3,2,0],["2024-07-06T00:00:00+00:00",1,1,1],["2024-09-06T00:00:00+00:00",1,1,0],["2024-12-01T00:00:00+00:00",1,1,0],["2025-02-25T00:00:00+00:00",1,1,0],["2025-04-04T00:00:00+00:00",1,1,0],["2025-07-08T00:00:00+00:00",1,1,0],["2025-09-22T00:00:00+00:00",1,1,0]]},"geometry":{"type":"Point","coordinates":[34.471987,31.498915]}},{"type":"Feature","properties":{"site_id":26,"event_code":"CE20231007PSE","latest_date":"2025-09-22T00:00:00+00:00","latest_class":1,"pass_count":14,"h":[["2023-10-15T00:00:00+00:00",3,2,null],["2023-11-07T00:00:00+00:00",3,2,0],["2023-11-26T00:00:00+00:00",3,2,0],["2024-01-06T00:00:00+00:00",2,1,1],["2024-02-29T00:00:00+00:00",2,1,0],["2024-04-01T00:00:00+00:00",2,1,0],["2024-05-03T00:00:00+00:00",2,1,0],["2024-07-06T00:00:00+00:00",1,1,1],["2024-09-06T00:00:00+00:00",1,1,0],["2024-12-01T00:00:00+00:00",1,1,0],["2025-02-25T00:00:00+00:00",1,1,0],["2025-04-04T00:00:00+00:00",1,1,0],["2025-07-08T00:00:00+00:00",1,1,0],["2025-09-22T00:00:00+00:00",1,1,0]]},"geometry":{"type":"Point","coordinates":[34.478692,31.49171]}},{"type":"Feature","properties":{"site_id":26,"event_code":"CE20231007PSE","latest_date":"2025-09-22T00:00:00+00:00","latest_class":1,"pass_count":11,"h":[["2024-01-06T00:00:00+00:00",3,2,3],["2024-02-29T00:00:00+00:00",3,2,0],["2024-04-01T00:00:00+00:00",3,2,0],["2024-05-03T00:00:00+00:00",3,2,0],["2024-07-06T00:00:00+00:00",1,1,1],["2024-09-06T00:00:00+00:00",1,1,0],["2024-12-01T00:00:00+00:00",1,1,0],["2025-02-25T00:00:00+00:00",1,1,0],["2025-04-04T00:00:00+00:00",1,1,0],["2025-07-08T00:00:00+00:00",1,1,0],["2025-09-22T00:00:00+00:00",1,1,0]]},"geometry":{"type":"Point","coordinates":[34.47215,31.498737]}},{"type":"Feature","properties":{"site_id":26,"event_code":"CE20231007PSE","latest_date":"2025-09-22T00:00:00+00:00","latest_class":1,"pass_count":14,"h":[["2023-10-15T00:00:00+00:00",4,3,null],["2023-11-07T00:00:00+00:00",4,3,0],["2023-11-26T00:00:00+00:00",4,3,0],["2024-01-06T00:00:00+00:00",1,1,1],["2024-02-29T00:00:00+00:00",1,1,0],["2024-04-01T00:00:00+00:00",1,1,0],["2024-05-03T00:00:00+00:00",1,1,0],["2024-07-06T00:00:00+00:00",1,1,0],["2024-09-06T00:00:00+00:00",1,1,0],["2024-12-01T00:00:00+00:00",1,1,0],["2025-02-25T00:00:00+00:00",1,1,0],["2025-04-04T00:00:00+00:00",1,1,0],["2025-07-08T00:00:00+00:00",1,1,0],["2025-09-22T00:00:00+00:00",1,1,0]]},"geometry":{"type":"Point","coordinates":[34.475221,31.488661]}},{"type":"Feature","properties":{"site_id":26,"event_code":"CE20231007PSE","latest_date":"2025-09-22T00:00:00+00:00","latest_class":1,"pass_count":14,"h":[["2023-10-15T00:00:00+00:00",4,3,null],["2023-11-07T00:00:00+00:00",4,3,0],["2023-11-26T00:00:00+00:00",4,3,0],["2024-01-06T00:00:00+00:00",1,1,1],["2024-02-29T00:00:00+00:00",1,1,0],["2024-04-01T00:00:00+00:00",1,1,0],["2024-05-03T00:00:00+00:00",1,1,0],["2024-07-06T00:00:00+00:00",1,1,0],["2024-09-06T00:00:00+00:00",1,1,0],["2024-12-01T00:00:00+00:00",1,1,0],["2025-02-25T00:00:00+00:00",1,1,0],["2025-04-04T00:00:00+00:00",1,1,0],["2025-07-08T00:00:00+00:00",1,1,0],["2025-09-22T00:00:00+00:00",1,1,0]]},"geometry":{"type":"Point","coordinates":[34.475301,31.488601]}},{"type":"Feature","properties":{"site_id":26,"event_code":"CE20231007PSE","latest_date":"2025-09-22T00:00:00+00:00","latest_class":4,"pass_count":13,"h":[["2023-11-07T00:00:00+00:00",4,3,3],["2023-11-26T00:00:00+00:00",4,3,0],["2024-01-06T00:00:00+00:00",4,3,0],["2024-02-29T00:00:00+00:00",4,3,0],["2024-04-01T00:00:00+00:00",4,3,0],["2024-05-03T00:00:00+00:00",4,3,0],["2024-07-06T00:00:00+00:00",4,3,0],["2024-09-06T00:00:00+00:00",4,3,0],["2024-12-01T00:00:00+00:00",4,3,0],["2025-02-25T00:00:00+00:00",4,3,0],["2025-04-04T00:00:00+00:00",4,3,0],["2025-07-08T00:00:00+00:00",4,3,0],["2025-09-22T00:00:00+00:00",4,3,0]]},"geometry":{"type":"Point","coordinates":[34.467454,31.480156]}},{"type":"Feature","properties":{"site_id":26,"event_code":"CE20231007PSE","latest_date":"2025-09-22T00:00:00+00:00","latest_class":4,"pass_count":13,"h":[["2023-11-07T00:00:00+00:00",4,3,3],["2023-11-26T00:00:00+00:00",4,3,0],["2024-01-06T00:00:00+00:00",4,3,0],["2024-02-29T00:00:00+00:00",4,3,0],["2024-04-01T00:00:00+00:00",4,3,0],["2024-05-03T00:00:00+00:00",4,3,0],["2024-07-06T00:00:00+00:00",4,3,0],["2024-09-06T00:00:00+00:00",4,3,0],["2024-12-01T00:00:00+00:00",4,3,0],["2025-02-25T00:00:00+00:00",4,3,0],["2025-04-04T00:00:00+00:00",4,3,0],["2025-07-08T00:00:00+00:00",4,3,0],["2025-09-22T00:00:00+00:00",4,3,0]]},"geometry":{"type":"Point","coordinates":[34.467397,31.480466]}},{"type":"Feature","properties":{"site_id":26,"event_code":"CE20231007PSE","latest_date":"2025-09-22T00:00:00+00:00","latest_class":4,"pass_count":14,"h":[["2023-10-15T00:00:00+00:00",4,3,null],["2023-11-07T00:00:00+00:00",4,3,0],["2023-11-26T00:00:00+00:00",4,3,0],["2024-01-06T00:00:00+00:00",4,3,0],["2024-02-29T00:00:00+00:00",4,3,0],["2024-04-01T00:00:00+00:00",4,3,0],["2024-05-03T00:00:00+00:00",4,3,0],["2024-07-06T00:00:00+00:00",4,3,0],["2024-09-06T00:00:00+00:00",4,3,0],["2024-12-01T00:00:00+00:00",4,3,0],["2025-02-25T00:00:00+00:00",4,3,0],["2025-04-04T00:00:00+00:00",4,3,0],["2025-07-08T00:00:00+00:00",4,3,0],["2025-09-22T00:00:00+00:00",4,3,0]]},"geometry":{"type":"Point","coordinates":[34.478359,31.49133]}},{"type":"Feature","properties":{"site_id":26,"event_code":"CE20231007PSE","latest_date":"2025-09-22T00:00:00+00:00","latest_class":4,"pass_count":11,"h":[["2024-01-06T00:00:00+00:00",4,3,3],["2024-02-29T00:00:00+00:00",4,3,0],["2024-04-01T00:00:00+00:00",4,3,0],["2024-05-03T00:00:00+00:00",4,3,0],["2024-07-06T00:00:00+00:00",4,3,0],["2024-09-06T00:00:00+00:00",4,3,0],["2024-12-01T00:00:00+00:00",4,3,0],["2025-02-25T00:00:00+00:00",4,3,0],["2025-04-04T00:00:00+00:00",4,3,0],["2025-07-08T00:00:00+00:00",4,3,0],["2025-09-22T00:00:00+00:00",4,3,0]]},"geometry":{"type":"Point","coordinates":[34.473935,31.484169]}},{"type":"Feature","properties":{"site_id":26,"event_code":"CE20231007PSE","latest_date":"2025-09-22T00:00:00+00:00","latest_class":4,"pass_count":13,"h":[["2023-11-07T00:00:00+00:00",4,3,3],["2023-11-26T00:00:00+00:00",4,3,0],["2024-01-06T00:00:00+00:00",4,3,0],["2024-02-29T00:00:00+00:00",4,3,0],["2024-04-01T00:00:00+00:00",4,3,0],["2024-05-03T00:00:00+00:00",4,3,0],["2024-07-06T00:00:00+00:00",4,3,0],["2024-09-06T00:00:00+00:00",4,3,0],["2024-12-01T00:00:00+00:00",4,3,0],["2025-02-25T00:00:00+00:00",4,3,0],["2025-04-04T00:00:00+00:00",4,3,0],["2025-07-08T00:00:00+00:00",4,3,0],["2025-09-22T00:00:00+00:00",4,3,0]]},"geometry":{"type":"Point","coordinates":[34.472231,31.483582]}},{"type":"Feature","properties":{"site_id":26,"event_code":"CE20231007PSE","latest_date":"2025-09-22T00:00:00+00:00","latest_class":4,"pass_count":13,"h":[["2023-11-07T00:00:00+00:00",4,3,3],["2023-11-26T00:00:00+00:00",4,3,0],["2024-01-06T00:00:00+00:00",4,3,0],["2024-02-29T00:00:00+00:00",4,3,0],["2024-04-01T00:00:00+00:00",4,3,0],["2024-05-03T00:00:00+00:00",4,3,0],["2024-07-06T00:00:00+00:00",4,3,0],["2024-09-06T00:00:00+00:00",4,3,0],["2024-12-01T00:00:00+00:00",4,3,0],["2025-02-25T00:00:00+00:00",4,3,0],["2025-04-04T00:00:00+00:00",4,3,0],["2025-07-08T00:00:00+00:00",4,3,0],["2025-09-22T00:00:00+00:00",4,3,0]]},"geometry":{"type":"Point","coordinates":[34.47261,31.485585]}},{"type":"Feature","properties":{"site_id":26,"event_code":"CE20231007PSE","latest_date":"2025-09-23T00:00:00+00:00","latest_class":4,"pass_count":13,"h":[["2023-11-07T00:00:00+00:00",4,3,3],["2023-11-26T00:00:00+00:00",4,3,0],["2024-01-06T00:00:00+00:00",4,3,0],["2024-02-29T00:00:00+00:00",4,3,0],["2024-04-01T00:00:00+00:00",4,3,0],["2024-05-03T00:00:00+00:00",4,3,0],["2024-07-06T00:00:00+00:00",4,3,0],["2024-09-06T00:00:00+00:00",4,3,0],["2024-12-01T00:00:00+00:00",4,3,0],["2025-02-25T00:00:00+00:00",4,3,0],["2025-04-04T00:00:00+00:00",4,3,0],["2025-07-08T00:00:00+00:00",4,3,0],["2025-09-23T00:00:00+00:00",4,3,0]]},"geometry":{"type":"Point","coordinates":[34.469265,31.483464]}},{"type":"Feature","properties":{"site_id":26,"event_code":"CE20231007PSE","latest_date":"2025-09-22T00:00:00+00:00","latest_class":4,"pass_count":11,"h":[["2024-01-06T00:00:00+00:00",4,3,3],["2024-02-29T00:00:00+00:00",4,3,0],["2024-04-01T00:00:00+00:00",4,3,0],["2024-05-03T00:00:00+00:00",4,3,0],["2024-07-06T00:00:00+00:00",4,3,0],["2024-09-06T00:00:00+00:00",4,3,0],["2024-12-01T00:00:00+00:00",4,3,0],["2025-02-25T00:00:00+00:00",4,3,0],["2025-04-04T00:00:00+00:00",4,3,0],["2025-07-08T00:00:00+00:00",4,3,0],["2025-09-22T00:00:00+00:00",4,3,0]]},"geometry":{"type":"Point","coordinates":[34.472416,31.498537]}},{"type":"Feature","properties":{"site_id":26,"event_code":"CE20231007PSE","latest_date":"2025-09-22T00:00:00+00:00","latest_class":4,"pass_count":14,"h":[["2023-10-15T00:00:00+00:00",4,3,null],["2023-11-07T00:00:00+00:00",4,3,0],["2023-11-26T00:00:00+00:00",4,3,0],["2024-01-06T00:00:00+00:00",4,3,0],["2024-02-29T00:00:00+00:00",4,3,0],["2024-04-01T00:00:00+00:00",4,3,0],["2024-05-03T00:00:00+00:00",4,3,0],["2024-07-06T00:00:00+00:00",4,3,0],["2024-09-06T00:00:00+00:00",4,3,0],["2024-12-01T00:00:00+00:00",4,3,0],["2025-02-25T00:00:00+00:00",4,3,0],["2025-04-04T00:00:00+00:00",4,3,0],["2025-07-08T00:00:00+00:00",4,3,0],["2025-09-22T00:00:00+00:00",4,3,0]]},"geometry":{"type":"Point","coordinates":[34.478308,31.490385]}},{"type":"Feature","properties":{"site_id":26,"event_code":"CE20231007PSE","latest_date":"2025-09-22T00:00:00+00:00","latest_class":4,"pass_count":14,"h":[["2023-10-15T00:00:00+00:00",4,3,null],["2023-11-07T00:00:00+00:00",4,3,0],["2023-11-26T00:00:00+00:00",4,3,0],["2024-01-06T00:00:00+00:00",4,3,0],["2024-02-29T00:00:00+00:00",4,3,0],["2024-04-01T00:00:00+00:00",4,3,0],["2024-05-03T00:00:00+00:00",4,3,0],["2024-07-06T00:00:00+00:00",4,3,0],["2024-09-06T00:00:00+00:00",4,3,0],["2024-12-01T00:00:00+00:00",4,3,0],["2025-02-25T00:00:00+00:00",4,3,0],["2025-04-04T00:00:00+00:00",4,3,0],["2025-07-08T00:00:00+00:00",4,3,0],["2025-09-22T00:00:00+00:00",4,3,0]]},"geometry":{"type":"Point","coordinates":[34.479228,31.490217]}},{"type":"Feature","properties":{"site_id":26,"event_code":"CE20231007PSE","latest_date":"2025-09-22T00:00:00+00:00","latest_class":4,"pass_count":11,"h":[["2024-01-06T00:00:00+00:00",4,3,3],["2024-02-29T00:00:00+00:00",4,3,0],["2024-04-01T00:00:00+00:00",4,3,0],["2024-05-03T00:00:00+00:00",4,3,0],["2024-07-06T00:00:00+00:00",4,3,0],["2024-09-06T00:00:00+00:00",4,3,0],["2024-12-01T00:00:00+00:00",4,3,0],["2025-02-25T00:00:00+00:00",4,3,0],["2025-04-04T00:00:00+00:00",4,3,0],["2025-07-08T00:00:00+00:00",4,3,0],["2025-09-22T00:00:00+00:00",4,3,0]]},"geometry":{"type":"Point","coordinates":[34.476144,31.489151]}},{"type":"Feature","properties":{"site_id":26,"event_code":"CE20231007PSE","latest_date":"2025-09-22T00:00:00+00:00","latest_class":4,"pass_count":14,"h":[["2023-10-15T00:00:00+00:00",4,3,null],["2023-11-07T00:00:00+00:00",4,3,0],["2023-11-26T00:00:00+00:00",4,3,0],["2024-01-06T00:00:00+00:00",4,3,0],["2024-02-29T00:00:00+00:00",4,3,0],["2024-04-01T00:00:00+00:00",4,3,0],["2024-05-03T00:00:00+00:00",4,3,0],["2024-07-06T00:00:00+00:00",4,3,0],["2024-09-06T00:00:00+00:00",4,3,0],["2024-12-01T00:00:00+00:00",4,3,0],["2025-02-25T00:00:00+00:00",4,3,0],["2025-04-04T00:00:00+00:00",4,3,0],["2025-07-08T00:00:00+00:00",4,3,0],["2025-09-22T00:00:00+00:00",4,3,0]]},"geometry":{"type":"Point","coordinates":[34.475247,31.488317]}},{"type":"Feature","properties":{"site_id":26,"event_code":"CE20231007PSE","latest_date":"2025-09-23T00:00:00+00:00","latest_class":4,"pass_count":12,"h":[["2023-11-26T00:00:00+00:00",4,3,3],["2024-01-06T00:00:00+00:00",4,3,0],["2024-02-29T00:00:00+00:00",4,3,0],["2024-04-01T00:00:00+00:00",4,3,0],["2024-05-03T00:00:00+00:00",4,3,0],["2024-07-06T00:00:00+00:00",4,3,0],["2024-09-06T00:00:00+00:00",4,3,0],["2024-12-01T00:00:00+00:00",4,3,0],["2025-02-25T00:00:00+00:00",4,3,0],["2025-04-04T00:00:00+00:00",4,3,0],["2025-07-08T00:00:00+00:00",4,3,0],["2025-09-23T00:00:00+00:00",4,3,0]]},"geometry":{"type":"Point","coordinates":[34.466922,31.483742]}},{"type":"Feature","properties":{"site_id":26,"event_code":"CE20231007PSE","latest_date":"2025-09-22T00:00:00+00:00","latest_class":4,"pass_count":14,"h":[["2023-10-15T00:00:00+00:00",4,3,null],["2023-11-07T00:00:00+00:00",4,3,0],["2023-11-26T00:00:00+00:00",4,3,0],["2024-01-06T00:00:00+00:00",4,3,0],["2024-02-29T00:00:00+00:00",4,3,0],["2024-04-01T00:00:00+00:00",4,3,0],["2024-05-03T00:00:00+00:00",4,3,0],["2024-07-06T00:00:00+00:00",4,3,0],["2024-09-06T00:00:00+00:00",4,3,0],["2024-12-01T00:00:00+00:00",4,3,0],["2025-02-25T00:00:00+00:00",4,3,0],["2025-04-04T00:00:00+00:00",4,3,0],["2025-07-08T00:00:00+00:00",4,3,0],["2025-09-22T00:00:00+00:00",4,3,0]]},"geometry":{"type":"Point","coordinates":[34.474068,31.488846]}},{"type":"Feature","properties":{"site_id":26,"event_code":"CE20231007PSE","latest_date":"2025-09-22T00:00:00+00:00","latest_class":4,"pass_count":11,"h":[["2024-01-06T00:00:00+00:00",4,3,3],["2024-02-29T00:00:00+00:00",4,3,0],["2024-04-01T00:00:00+00:00",4,3,0],["2024-05-03T00:00:00+00:00",4,3,0],["2024-07-06T00:00:00+00:00",4,3,0],["2024-09-06T00:00:00+00:00",4,3,0],["2024-12-01T00:00:00+00:00",4,3,0],["2025-02-25T00:00:00+00:00",4,3,0],["2025-04-04T00:00:00+00:00",4,3,0],["2025-07-08T00:00:00+00:00",4,3,0],["2025-09-22T00:00:00+00:00",4,3,0]]},"geometry":{"type":"Point","coordinates":[34.475113,31.488924]}},{"type":"Feature","properties":{"site_id":26,"event_code":"CE20231007PSE","latest_date":"2025-09-22T00:00:00+00:00","latest_class":4,"pass_count":11,"h":[["2024-01-06T00:00:00+00:00",4,3,3],["2024-02-29T00:00:00+00:00",4,3,0],["2024-04-01T00:00:00+00:00",4,3,0],["2024-05-03T00:00:00+00:00",4,3,0],["2024-07-06T00:00:00+00:00",4,3,0],["2024-09-06T00:00:00+00:00",4,3,0],["2024-12-01T00:00:00+00:00",4,3,0],["2025-02-25T00:00:00+00:00",4,3,0],["2025-04-04T00:00:00+00:00",4,3,0],["2025-07-08T00:00:00+00:00",4,3,0],["2025-09-22T00:00:00+00:00",4,3,0]]},"geometry":{"type":"Point","coordinates":[34.471897,31.498843]}},{"type":"Feature","properties":{"site_id":26,"event_code":"CE20231007PSE","latest_date":"2025-09-22T00:00:00+00:00","latest_class":4,"pass_count":14,"h":[["2023-10-15T00:00:00+00:00",4,3,null],["2023-11-07T00:00:00+00:00",4,3,0],["2023-11-26T00:00:00+00:00",4,3,0],["2024-01-06T00:00:00+00:00",4,3,0],["2024-02-29T00:00:00+00:00",4,3,0],["2024-04-01T00:00:00+00:00",4,3,0],["2024-05-03T00:00:00+00:00",4,3,0],["2024-07-06T00:00:00+00:00",4,3,0],["2024-09-06T00:00:00+00:00",4,3,0],["2024-12-01T00:00:00+00:00",4,3,0],["2025-02-25T00:00:00+00:00",4,3,0],["2025-04-04T00:00:00+00:00",4,3,0],["2025-07-08T00:00:00+00:00",4,3,0],["2025-09-22T00:00:00+00:00",4,3,0]]},"geometry":{"type":"Point","coordinates":[34.479416,31.490764]}},{"type":"Feature","properties":{"site_id":26,"event_code":"CE20231007PSE","latest_date":"2025-09-22T00:00:00+00:00","latest_class":4,"pass_count":13,"h":[["2023-11-07T00:00:00+00:00",4,3,3],["2023-11-26T00:00:00+00:00",4,3,0],["2024-01-06T00:00:00+00:00",4,3,0],["2024-02-29T00:00:00+00:00",4,3,0],["2024-04-01T00:00:00+00:00",4,3,0],["2024-05-03T00:00:00+00:00",4,3,0],["2024-07-06T00:00:00+00:00",4,3,0],["2024-09-06T00:00:00+00:00",4,3,0],["2024-12-01T00:00:00+00:00",4,3,0],["2025-02-25T00:00:00+00:00",4,3,0],["2025-04-04T00:00:00+00:00",4,3,0],["2025-07-08T00:00:00+00:00",4,3,0],["2025-09-22T00:00:00+00:00",4,3,0]]},"geometry":{"type":"Point","coordinates":[34.467707,31.484379]}},{"type":"Feature","properties":{"site_id":26,"event_code":"CE20231007PSE","latest_date":"2025-09-22T00:00:00+00:00","latest_class":4,"pass_count":11,"h":[["2024-01-06T00:00:00+00:00",4,3,3],["2024-02-29T00:00:00+00:00",4,3,0],["2024-04-01T00:00:00+00:00",4,3,0],["2024-05-03T00:00:00+00:00",4,3,0],["2024-07-06T00:00:00+00:00",4,3,0],["2024-09-06T00:00:00+00:00",4,3,0],["2024-12-01T00:00:00+00:00",4,3,0],["2025-02-25T00:00:00+00:00",4,3,0],["2025-04-04T00:00:00+00:00",4,3,0],["2025-07-08T00:00:00+00:00",4,3,0],["2025-09-22T00:00:00+00:00",4,3,0]]},"geometry":{"type":"Point","coordinates":[34.469355,31.484123]}},{"type":"Feature","properties":{"site_id":26,"event_code":"CE20231007PSE","latest_date":"2025-09-22T00:00:00+00:00","latest_class":4,"pass_count":13,"h":[["2023-11-07T00:00:00+00:00",4,3,3],["2023-11-26T00:00:00+00:00",4,3,0],["2024-01-06T00:00:00+00:00",4,3,0],["2024-02-29T00:00:00+00:00",4,3,0],["2024-04-01T00:00:00+00:00",4,3,0],["2024-05-03T00:00:00+00:00",4,3,0],["2024-07-06T00:00:00+00:00",4,3,0],["2024-09-06T00:00:00+00:00",4,3,0],["2024-12-01T00:00:00+00:00",4,3,0],["2025-02-25T00:00:00+00:00",4,3,0],["2025-04-04T00:00:00+00:00",4,3,0],["2025-07-08T00:00:00+00:00",4,3,0],["2025-09-22T00:00:00+00:00",4,3,0]]},"geometry":{"type":"Point","coordinates":[34.467266,31.481874]}},{"type":"Feature","properties":{"site_id":26,"event_code":"CE20231007PSE","latest_date":"2025-09-22T00:00:00+00:00","latest_class":4,"pass_count":14,"h":[["2023-10-15T00:00:00+00:00",4,3,null],["2023-11-07T00:00:00+00:00",4,3,0],["2023-11-26T00:00:00+00:00",4,3,0],["2024-01-06T00:00:00+00:00",4,3,0],["2024-02-29T00:00:00+00:00",4,3,0],["2024-04-01T00:00:00+00:00",4,3,0],["2024-05-03T00:00:00+00:00",4,3,0],["2024-07-06T00:00:00+00:00",4,3,0],["2024-09-06T00:00:00+00:00",4,3,0],["2024-12-01T00:00:00+00:00",4,3,0],["2025-02-25T00:00:00+00:00",4,3,0],["2025-04-04T00:00:00+00:00",4,3,0],["2025-07-08T00:00:00+00:00",4,3,0],["2025-09-22T00:00:00+00:00",4,3,0]]},"geometry":{"type":"Point","coordinates":[34.476764,31.489195]}},{"type":"Feature","properties":{"site_id":26,"event_code":"CE20231007PSE","latest_date":"2025-09-22T00:00:00+00:00","latest_class":4,"pass_count":14,"h":[["2023-10-15T00:00:00+00:00",4,3,null],["2023-11-07T00:00:00+00:00",4,3,0],["2023-11-26T00:00:00+00:00",4,3,0],["2024-01-06T00:00:00+00:00",4,3,0],["2024-02-29T00:00:00+00:00",4,3,0],["2024-04-01T00:00:00+00:00",4,3,0],["2024-05-03T00:00:00+00:00",4,3,0],["2024-07-06T00:00:00+00:00",4,3,0],["2024-09-06T00:00:00+00:00",4,3,0],["2024-12-01T00:00:00+00:00",4,3,0],["2025-02-25T00:00:00+00:00",4,3,0],["2025-04-04T00:00:00+00:00",4,3,0],["2025-07-08T00:00:00+00:00",4,3,0],["2025-09-22T00:00:00+00:00",4,3,0]]},"geometry":{"type":"Point","coordinates":[34.477942,31.490526]}},{"type":"Feature","properties":{"site_id":26,"event_code":"CE20231007PSE","latest_date":"2025-09-22T00:00:00+00:00","latest_class":4,"pass_count":14,"h":[["2023-10-15T00:00:00+00:00",4,3,null],["2023-11-07T00:00:00+00:00",4,3,0],["2023-11-26T00:00:00+00:00",4,3,0],["2024-01-06T00:00:00+00:00",4,3,0],["2024-02-29T00:00:00+00:00",4,3,0],["2024-04-01T00:00:00+00:00",4,3,0],["2024-05-03T00:00:00+00:00",4,3,0],["2024-07-06T00:00:00+00:00",4,3,0],["2024-09-06T00:00:00+00:00",4,3,0],["2024-12-01T00:00:00+00:00",4,3,0],["2025-02-25T00:00:00+00:00",4,3,0],["2025-04-04T00:00:00+00:00",4,3,0],["2025-07-08T00:00:00+00:00",4,3,0],["2025-09-22T00:00:00+00:00",4,3,0]]},"geometry":{"type":"Point","coordinates":[34.479594,31.492417]}},{"type":"Feature","properties":{"site_id":26,"event_code":"CE20231007PSE","latest_date":"2025-09-22T00:00:00+00:00","latest_class":4,"pass_count":14,"h":[["2023-10-15T00:00:00+00:00",4,3,null],["2023-11-07T00:00:00+00:00",4,3,0],["2023-11-26T00:00:00+00:00",4,3,0],["2024-01-06T00:00:00+00:00",4,3,0],["2024-02-29T00:00:00+00:00",4,3,0],["2024-04-01T00:00:00+00:00",4,3,0],["2024-05-03T00:00:00+00:00",4,3,0],["2024-07-06T00:00:00+00:00",4,3,0],["2024-09-06T00:00:00+00:00",4,3,0],["2024-12-01T00:00:00+00:00",4,3,0],["2025-02-25T00:00:00+00:00",4,3,0],["2025-04-04T00:00:00+00:00",4,3,0],["2025-07-08T00:00:00+00:00",4,3,0],["2025-09-22T00:00:00+00:00",4,3,0]]},"geometry":{"type":"Point","coordinates":[34.476722,31.489429]}},{"type":"Feature","properties":{"site_id":26,"event_code":"CE20231007PSE","latest_date":"2025-09-22T00:00:00+00:00","latest_class":4,"pass_count":14,"h":[["2023-10-15T00:00:00+00:00",4,3,null],["2023-11-07T00:00:00+00:00",4,3,0],["2023-11-26T00:00:00+00:00",4,3,0],["2024-01-06T00:00:00+00:00",4,3,0],["2024-02-29T00:00:00+00:00",4,3,0],["2024-04-01T00:00:00+00:00",4,3,0],["2024-05-03T00:00:00+00:00",4,3,0],["2024-07-06T00:00:00+00:00",4,3,0],["2024-09-06T00:00:00+00:00",4,3,0],["2024-12-01T00:00:00+00:00",4,3,0],["2025-02-25T00:00:00+00:00",4,3,0],["2025-04-04T00:00:00+00:00",4,3,0],["2025-07-08T00:00:00+00:00",4,3,0],["2025-09-22T00:00:00+00:00",4,3,0]]},"geometry":{"type":"Point","coordinates":[34.477214,31.490111]}},{"type":"Feature","properties":{"site_id":26,"event_code":"CE20231007PSE","latest_date":"2025-09-22T00:00:00+00:00","latest_class":4,"pass_count":14,"h":[["2023-10-15T00:00:00+00:00",4,3,null],["2023-11-07T00:00:00+00:00",4,3,0],["2023-11-26T00:00:00+00:00",4,3,0],["2024-01-06T00:00:00+00:00",4,3,0],["2024-02-29T00:00:00+00:00",4,3,0],["2024-04-01T00:00:00+00:00",4,3,0],["2024-05-03T00:00:00+00:00",4,3,0],["2024-07-06T00:00:00+00:00",4,3,0],["2024-09-06T00:00:00+00:00",4,3,0],["2024-12-01T00:00:00+00:00",4,3,0],["2025-02-25T00:00:00+00:00",4,3,0],["2025-04-04T00:00:00+00:00",4,3,0],["2025-07-08T00:00:00+00:00",4,3,0],["2025-09-22T00:00:00+00:00",4,3,0]]},"geometry":{"type":"Point","coordinates":[34.477749,31.490714]}},{"type":"Feature","properties":{"site_id":26,"event_code":"CE20231007PSE","latest_date":"2025-09-22T00:00:00+00:00","latest_class":4,"pass_count":14,"h":[["2023-10-15T00:00:00+00:00",4,3,null],["2023-11-07T00:00:00+00:00",4,3,0],["2023-11-26T00:00:00+00:00",4,3,0],["2024-01-06T00:00:00+00:00",4,3,0],["2024-02-29T00:00:00+00:00",4,3,0],["2024-04-01T00:00:00+00:00",4,3,0],["2024-05-03T00:00:00+00:00",4,3,0],["2024-07-06T00:00:00+00:00",4,3,0],["2024-09-06T00:00:00+00:00",4,3,0],["2024-12-01T00:00:00+00:00",4,3,0],["2025-02-25T00:00:00+00:00",4,3,0],["2025-04-04T00:00:00+00:00",4,3,0],["2025-07-08T00:00:00+00:00",4,3,0],["2025-09-22T00:00:00+00:00",4,3,0]]},"geometry":{"type":"Point","coordinates":[34.478778,31.490014]}},{"type":"Feature","properties":{"site_id":26,"event_code":"CE20231007PSE","latest_date":"2025-09-22T00:00:00+00:00","latest_class":4,"pass_count":11,"h":[["2024-01-06T00:00:00+00:00",4,3,3],["2024-02-29T00:00:00+00:00",4,3,0],["2024-04-01T00:00:00+00:00",4,3,0],["2024-05-03T00:00:00+00:00",4,3,0],["2024-07-06T00:00:00+00:00",4,3,0],["2024-09-06T00:00:00+00:00",4,3,0],["2024-12-01T00:00:00+00:00",4,3,0],["2025-02-25T00:00:00+00:00",4,3,0],["2025-04-04T00:00:00+00:00",4,3,0],["2025-07-08T00:00:00+00:00",4,3,0],["2025-09-22T00:00:00+00:00",4,3,0]]},"geometry":{"type":"Point","coordinates":[34.47604,31.489481]}},{"type":"Feature","properties":{"site_id":26,"event_code":"CE20231007PSE","latest_date":"2025-09-22T00:00:00+00:00","latest_class":4,"pass_count":14,"h":[["2023-10-15T00:00:00+00:00",4,3,null],["2023-11-07T00:00:00+00:00",4,3,0],["2023-11-26T00:00:00+00:00",4,3,0],["2024-01-06T00:00:00+00:00",4,3,0],["2024-02-29T00:00:00+00:00",4,3,0],["2024-04-01T00:00:00+00:00",4,3,0],["2024-05-03T00:00:00+00:00",4,3,0],["2024-07-06T00:00:00+00:00",4,3,0],["2024-09-06T00:00:00+00:00",4,3,0],["2024-12-01T00:00:00+00:00",4,3,0],["2025-02-25T00:00:00+00:00",4,3,0],["2025-04-04T00:00:00+00:00",4,3,0],["2025-07-08T00:00:00+00:00",4,3,0],["2025-09-22T00:00:00+00:00",4,3,0]]},"geometry":{"type":"Point","coordinates":[34.479706,31.490258]}},{"type":"Feature","properties":{"site_id":26,"event_code":"CE20231007PSE","latest_date":"2025-09-22T00:00:00+00:00","latest_class":4,"pass_count":14,"h":[["2023-10-15T00:00:00+00:00",4,3,null],["2023-11-07T00:00:00+00:00",4,3,0],["2023-11-26T00:00:00+00:00",4,3,0],["2024-01-06T00:00:00+00:00",4,3,0],["2024-02-29T00:00:00+00:00",4,3,0],["2024-04-01T00:00:00+00:00",4,3,0],["2024-05-03T00:00:00+00:00",4,3,0],["2024-07-06T00:00:00+00:00",4,3,0],["2024-09-06T00:00:00+00:00",4,3,0],["2024-12-01T00:00:00+00:00",4,3,0],["2025-02-25T00:00:00+00:00",4,3,0],["2025-04-04T00:00:00+00:00",4,3,0],["2025-07-08T00:00:00+00:00",4,3,0],["2025-09-22T00:00:00+00:00",4,3,0]]},"geometry":{"type":"Point","coordinates":[34.479559,31.491912]}},{"type":"Feature","properties":{"site_id":26,"event_code":"CE20231007PSE","latest_date":"2025-09-22T00:00:00+00:00","latest_class":4,"pass_count":14,"h":[["2023-10-15T00:00:00+00:00",4,3,null],["2023-11-07T00:00:00+00:00",4,3,0],["2023-11-26T00:00:00+00:00",4,3,0],["2024-01-06T00:00:00+00:00",4,3,0],["2024-02-29T00:00:00+00:00",4,3,0],["2024-04-01T00:00:00+00:00",4,3,0],["2024-05-03T00:00:00+00:00",4,3,0],["2024-07-06T00:00:00+00:00",4,3,0],["2024-09-06T00:00:00+00:00",4,3,0],["2024-12-01T00:00:00+00:00",4,3,0],["2025-02-25T00:00:00+00:00",4,3,0],["2025-04-04T00:00:00+00:00",4,3,0],["2025-07-08T00:00:00+00:00",4,3,0],["2025-09-22T00:00:00+00:00",4,3,0]]},"geometry":{"type":"Point","coordinates":[34.478374,31.489494]}},{"type":"Feature","properties":{"site_id":26,"event_code":"CE20231007PSE","latest_date":"2025-09-22T00:00:00+00:00","latest_class":4,"pass_count":11,"h":[["2024-01-06T00:00:00+00:00",4,3,3],["2024-02-29T00:00:00+00:00",4,3,0],["2024-04-01T00:00:00+00:00",4,3,0],["2024-05-03T00:00:00+00:00",4,3,0],["2024-07-06T00:00:00+00:00",4,3,0],["2024-09-06T00:00:00+00:00",4,3,0],["2024-12-01T00:00:00+00:00",4,3,0],["2025-02-25T00:00:00+00:00",4,3,0],["2025-04-04T00:00:00+00:00",4,3,0],["2025-07-08T00:00:00+00:00",4,3,0],["2025-09-22T00:00:00+00:00",4,3,0]]},"geometry":{"type":"Point","coordinates":[34.475561,31.488222]}},{"type":"Feature","properties":{"site_id":26,"event_code":"CE20231007PSE","latest_date":"2025-09-22T00:00:00+00:00","latest_class":4,"pass_count":14,"h":[["2023-10-15T00:00:00+00:00",4,3,null],["2023-11-07T00:00:00+00:00",4,3,0],["2023-11-26T00:00:00+00:00",4,3,0],["2024-01-06T00:00:00+00:00",4,3,0],["2024-02-29T00:00:00+00:00",4,3,0],["2024-04-01T00:00:00+00:00",4,3,0],["2024-05-03T00:00:00+00:00",4,3,0],["2024-07-06T00:00:00+00:00",4,3,0],["2024-09-06T00:00:00+00:00",4,3,0],["2024-12-01T00:00:00+00:00",4,3,0],["2025-02-25T00:00:00+00:00",4,3,0],["2025-04-04T00:00:00+00:00",4,3,0],["2025-07-08T00:00:00+00:00",4,3,0],["2025-09-22T00:00:00+00:00",4,3,0]]},"geometry":{"type":"Point","coordinates":[34.475737,31.487612]}},{"type":"Feature","properties":{"site_id":26,"event_code":"CE20231007PSE","latest_date":"2025-09-23T00:00:00+00:00","latest_class":4,"pass_count":13,"h":[["2023-11-07T00:00:00+00:00",4,3,3],["2023-11-26T00:00:00+00:00",4,3,0],["2024-01-06T00:00:00+00:00",4,3,0],["2024-02-29T00:00:00+00:00",4,3,0],["2024-04-01T00:00:00+00:00",4,3,0],["2024-05-03T00:00:00+00:00",4,3,0],["2024-07-06T00:00:00+00:00",4,3,0],["2024-09-06T00:00:00+00:00",4,3,0],["2024-12-01T00:00:00+00:00",4,3,0],["2025-02-25T00:00:00+00:00",4,3,0],["2025-04-04T00:00:00+00:00",4,3,0],["2025-07-08T00:00:00+00:00",4,3,0],["2025-09-23T00:00:00+00:00",4,3,0]]},"geometry":{"type":"Point","coordinates":[34.466414,31.483148]}},{"type":"Feature","properties":{"site_id":26,"event_code":"CE20231007PSE","latest_date":"2025-09-23T00:00:00+00:00","latest_class":4,"pass_count":12,"h":[["2023-11-26T00:00:00+00:00",4,3,3],["2024-01-06T00:00:00+00:00",4,3,0],["2024-02-29T00:00:00+00:00",4,3,0],["2024-04-01T00:00:00+00:00",4,3,0],["2024-05-03T00:00:00+00:00",4,3,0],["2024-07-06T00:00:00+00:00",4,3,0],["2024-09-06T00:00:00+00:00",4,3,0],["2024-12-01T00:00:00+00:00",4,3,0],["2025-02-25T00:00:00+00:00",4,3,0],["2025-04-04T00:00:00+00:00",4,3,0],["2025-07-08T00:00:00+00:00",4,3,0],["2025-09-23T00:00:00+00:00",4,3,0]]},"geometry":{"type":"Point","coordinates":[34.466027,31.483453]}},{"type":"Feature","properties":{"site_id":26,"event_code":"CE20231007PSE","latest_date":"2025-09-22T00:00:00+00:00","latest_class":4,"pass_count":13,"h":[["2023-11-07T00:00:00+00:00",4,3,3],["2023-11-26T00:00:00+00:00",4,3,0],["2024-01-06T00:00:00+00:00",4,3,0],["2024-02-29T00:00:00+00:00",4,3,0],["2024-04-01T00:00:00+00:00",4,3,0],["2024-05-03T00:00:00+00:00",4,3,0],["2024-07-06T00:00:00+00:00",4,3,0],["2024-09-06T00:00:00+00:00",4,3,0],["2024-12-01T00:00:00+00:00",4,3,0],["2025-02-25T00:00:00+00:00",4,3,0],["2025-04-04T00:00:00+00:00",4,3,0],["2025-07-08T00:00:00+00:00",4,3,0],["2025-09-22T00:00:00+00:00",4,3,0]]},"geometry":{"type":"Point","coordinates":[34.472105,31.483838]}},{"type":"Feature","properties":{"site_id":26,"event_code":"CE20231007PSE","latest_date":"2025-09-22T00:00:00+00:00","latest_class":4,"pass_count":14,"h":[["2023-10-15T00:00:00+00:00",4,3,null],["2023-11-07T00:00:00+00:00",4,3,0],["2023-11-26T00:00:00+00:00",4,3,0],["2024-01-06T00:00:00+00:00",4,3,0],["2024-02-29T00:00:00+00:00",4,3,0],["2024-04-01T00:00:00+00:00",4,3,0],["2024-05-03T00:00:00+00:00",4,3,0],["2024-07-06T00:00:00+00:00",4,3,0],["2024-09-06T00:00:00+00:00",4,3,0],["2024-12-01T00:00:00+00:00",4,3,0],["2025-02-25T00:00:00+00:00",4,3,0],["2025-04-04T00:00:00+00:00",4,3,0],["2025-07-08T00:00:00+00:00",4,3,0],["2025-09-22T00:00:00+00:00",4,3,0]]},"geometry":{"type":"Point","coordinates":[34.4786,31.489324]}},{"type":"Feature","properties":{"site_id":26,"event_code":"CE20231007PSE","latest_date":"2025-09-22T00:00:00+00:00","latest_class":4,"pass_count":14,"h":[["2023-10-15T00:00:00+00:00",4,3,null],["2023-11-07T00:00:00+00:00",4,3,0],["2023-11-26T00:00:00+00:00",4,3,0],["2024-01-06T00:00:00+00:00",4,3,0],["2024-02-29T00:00:00+00:00",4,3,0],["2024-04-01T00:00:00+00:00",4,3,0],["2024-05-03T00:00:00+00:00",4,3,0],["2024-07-06T00:00:00+00:00",4,3,0],["2024-09-06T00:00:00+00:00",4,3,0],["2024-12-01T00:00:00+00:00",4,3,0],["2025-02-25T00:00:00+00:00",4,3,0],["2025-04-04T00:00:00+00:00",4,3,0],["2025-07-08T00:00:00+00:00",4,3,0],["2025-09-22T00:00:00+00:00",4,3,0]]},"geometry":{"type":"Point","coordinates":[34.479442,31.491826]}},{"type":"Feature","properties":{"site_id":26,"event_code":"CE20231007PSE","latest_date":"2025-09-22T00:00:00+00:00","latest_class":4,"pass_count":13,"h":[["2023-11-07T00:00:00+00:00",4,3,3],["2023-11-26T00:00:00+00:00",4,3,0],["2024-01-06T00:00:00+00:00",4,3,0],["2024-02-29T00:00:00+00:00",4,3,0],["2024-04-01T00:00:00+00:00",4,3,0],["2024-05-03T00:00:00+00:00",4,3,0],["2024-07-06T00:00:00+00:00",4,3,0],["2024-09-06T00:00:00+00:00",4,3,0],["2024-12-01T00:00:00+00:00",4,3,0],["2025-02-25T00:00:00+00:00",4,3,0],["2025-04-04T00:00:00+00:00",4,3,0],["2025-07-08T00:00:00+00:00",4,3,0],["2025-09-22T00:00:00+00:00",4,3,0]]},"geometry":{"type":"Point","coordinates":[34.476095,31.489851]}},{"type":"Feature","properties":{"site_id":26,"event_code":"CE20231007PSE","latest_date":"2025-09-23T00:00:00+00:00","latest_class":4,"pass_count":12,"h":[["2023-11-26T00:00:00+00:00",4,3,3],["2024-01-06T00:00:00+00:00",4,3,0],["2024-02-29T00:00:00+00:00",4,3,0],["2024-04-01T00:00:00+00:00",4,3,0],["2024-05-03T00:00:00+00:00",4,3,0],["2024-07-06T00:00:00+00:00",4,3,0],["2024-09-06T00:00:00+00:00",4,3,0],["2024-12-01T00:00:00+00:00",4,3,0],["2025-02-25T00:00:00+00:00",4,3,0],["2025-04-04T00:00:00+00:00",4,3,0],["2025-07-08T00:00:00+00:00",4,3,0],["2025-09-23T00:00:00+00:00",4,3,0]]},"geometry":{"type":"Point","coordinates":[34.466048,31.483525]}},{"type":"Feature","properties":{"site_id":26,"event_code":"CE20231007PSE","latest_date":"2025-09-22T00:00:00+00:00","latest_class":4,"pass_count":11,"h":[["2024-01-06T00:00:00+00:00",4,3,3],["2024-02-29T00:00:00+00:00",4,3,0],["2024-04-01T00:00:00+00:00",4,3,0],["2024-05-03T00:00:00+00:00",4,3,0],["2024-07-06T00:00:00+00:00",4,3,0],["2024-09-06T00:00:00+00:00",4,3,0],["2024-12-01T00:00:00+00:00",4,3,0],["2025-02-25T00:00:00+00:00",4,3,0],["2025-04-04T00:00:00+00:00",4,3,0],["2025-07-08T00:00:00+00:00",4,3,0],["2025-09-22T00:00:00+00:00",4,3,0]]},"geometry":{"type":"Point","coordinates":[34.46789,31.484648]}},{"type":"Feature","properties":{"site_id":26,"event_code":"CE20231007PSE","latest_date":"2025-09-22T00:00:00+00:00","latest_class":4,"pass_count":14,"h":[["2023-10-15T00:00:00+00:00",4,3,null],["2023-11-07T00:00:00+00:00",4,3,0],["2023-11-26T00:00:00+00:00",4,3,0],["2024-01-06T00:00:00+00:00",4,3,0],["2024-02-29T00:00:00+00:00",4,3,0],["2024-04-01T00:00:00+00:00",4,3,0],["2024-05-03T00:00:00+00:00",4,3,0],["2024-07-06T00:00:00+00:00",4,3,0],["2024-09-06T00:00:00+00:00",4,3,0],["2024-12-01T00:00:00+00:00",4,3,0],["2025-02-25T00:00:00+00:00",4,3,0],["2025-04-04T00:00:00+00:00",4,3,0],["2025-07-08T00:00:00+00:00",4,3,0],["2025-09-22T00:00:00+00:00",4,3,0]]},"geometry":{"type":"Point","coordinates":[34.479196,31.491858]}},{"type":"Feature","properties":{"site_id":26,"event_code":"CE20231007PSE","latest_date":"2025-09-22T00:00:00+00:00","latest_class":4,"pass_count":11,"h":[["2024-01-06T00:00:00+00:00",4,3,3],["2024-02-29T00:00:00+00:00",4,3,0],["2024-04-01T00:00:00+00:00",4,3,0],["2024-05-03T00:00:00+00:00",4,3,0],["2024-07-06T00:00:00+00:00",4,3,0],["2024-09-06T00:00:00+00:00",4,3,0],["2024-12-01T00:00:00+00:00",4,3,0],["2025-02-25T00:00:00+00:00",4,3,0],["2025-04-04T00:00:00+00:00",4,3,0],["2025-07-08T00:00:00+00:00",4,3,0],["2025-09-22T00:00:00+00:00",4,3,0]]},"geometry":{"type":"Point","coordinates":[34.475827,31.489441]}},{"type":"Feature","properties":{"site_id":26,"event_code":"CE20231007PSE","latest_date":"2025-09-22T00:00:00+00:00","latest_class":4,"pass_count":14,"h":[["2023-10-15T00:00:00+00:00",4,3,null],["2023-11-07T00:00:00+00:00",4,3,0],["2023-11-26T00:00:00+00:00",4,3,0],["2024-01-06T00:00:00+00:00",4,3,0],["2024-02-29T00:00:00+00:00",4,3,0],["2024-04-01T00:00:00+00:00",4,3,0],["2024-05-03T00:00:00+00:00",4,3,0],["2024-07-06T00:00:00+00:00",4,3,0],["2024-09-06T00:00:00+00:00",4,3,0],["2024-12-01T00:00:00+00:00",4,3,0],["2025-02-25T00:00:00+00:00",4,3,0],["2025-04-04T00:00:00+00:00",4,3,0],["2025-07-08T00:00:00+00:00",4,3,0],["2025-09-22T00:00:00+00:00",4,3,0]]},"geometry":{"type":"Point","coordinates":[34.474453,31.488358]}},{"type":"Feature","properties":{"site_id":26,"event_code":"CE20231007PSE","latest_date":"2025-09-22T00:00:00+00:00","latest_class":4,"pass_count":14,"h":[["2023-10-15T00:00:00+00:00",4,3,null],["2023-11-07T00:00:00+00:00",4,3,0],["2023-11-26T00:00:00+00:00",4,3,0],["2024-01-06T00:00:00+00:00",4,3,0],["2024-02-29T00:00:00+00:00",4,3,0],["2024-04-01T00:00:00+00:00",4,3,0],["2024-05-03T00:00:00+00:00",4,3,0],["2024-07-06T00:00:00+00:00",4,3,0],["2024-09-06T00:00:00+00:00",4,3,0],["2024-12-01T00:00:00+00:00",4,3,0],["2025-02-25T00:00:00+00:00",4,3,0],["2025-04-04T00:00:00+00:00",4,3,0],["2025-07-08T00:00:00+00:00",4,3,0],["2025-09-22T00:00:00+00:00",4,3,0]]},"geometry":{"type":"Point","coordinates":[34.474453,31.488358]}},{"type":"Feature","properties":{"site_id":26,"event_code":"CE20231007PSE","latest_date":"2025-09-22T00:00:00+00:00","latest_class":4,"pass_count":14,"h":[["2023-10-15T00:00:00+00:00",4,3,null],["2023-11-07T00:00:00+00:00",4,3,0],["2023-11-26T00:00:00+00:00",4,3,0],["2024-01-06T00:00:00+00:00",4,3,0],["2024-02-29T00:00:00+00:00",4,3,0],["2024-04-01T00:00:00+00:00",4,3,0],["2024-05-03T00:00:00+00:00",4,3,0],["2024-07-06T00:00:00+00:00",4,3,0],["2024-09-06T00:00:00+00:00",4,3,0],["2024-12-01T00:00:00+00:00",4,3,0],["2025-02-25T00:00:00+00:00",4,3,0],["2025-04-04T00:00:00+00:00",4,3,0],["2025-07-08T00:00:00+00:00",4,3,0],["2025-09-22T00:00:00+00:00",4,3,0]]},"geometry":{"type":"Point","coordinates":[34.478538,31.491373]}},{"type":"Feature","properties":{"site_id":26,"event_code":"CE20231007PSE","latest_date":"2025-09-22T00:00:00+00:00","latest_class":4,"pass_count":14,"h":[["2023-10-15T00:00:00+00:00",4,3,null],["2023-11-07T00:00:00+00:00",4,3,0],["2023-11-26T00:00:00+00:00",4,3,0],["2024-01-06T00:00:00+00:00",4,3,0],["2024-02-29T00:00:00+00:00",4,3,0],["2024-04-01T00:00:00+00:00",4,3,0],["2024-05-03T00:00:00+00:00",4,3,0],["2024-07-06T00:00:00+00:00",4,3,0],["2024-09-06T00:00:00+00:00",4,3,0],["2024-12-01T00:00:00+00:00",4,3,0],["2025-02-25T00:00:00+00:00",4,3,0],["2025-04-04T00:00:00+00:00",4,3,0],["2025-07-08T00:00:00+00:00",4,3,0],["2025-09-22T00:00:00+00:00",4,3,0]]},"geometry":{"type":"Point","coordinates":[34.478538,31.491373]}},{"type":"Feature","properties":{"site_id":26,"event_code":"CE20231007PSE","latest_date":"2025-09-22T00:00:00+00:00","latest_class":11,"pass_count":8,"h":[["2024-05-03T00:00:00+00:00",11,3,3],["2024-07-06T00:00:00+00:00",11,3,0],["2024-09-06T00:00:00+00:00",11,3,0],["2024-12-01T00:00:00+00:00",11,3,0],["2025-02-25T00:00:00+00:00",11,3,0],["2025-04-04T00:00:00+00:00",11,3,0],["2025-07-08T00:00:00+00:00",11,3,0],["2025-09-22T00:00:00+00:00",11,3,0]]},"geometry":{"type":"Point","coordinates":[34.472687,31.486772]}},{"type":"Feature","properties":{"site_id":26,"event_code":"CE20231007PSE","latest_date":"2025-09-22T00:00:00+00:00","latest_class":11,"pass_count":8,"h":[["2024-05-03T00:00:00+00:00",11,3,3],["2024-07-06T00:00:00+00:00",11,3,0],["2024-09-06T00:00:00+00:00",11,3,0],["2024-12-01T00:00:00+00:00",11,3,0],["2025-02-25T00:00:00+00:00",11,3,0],["2025-04-04T00:00:00+00:00",11,3,0],["2025-07-08T00:00:00+00:00",11,3,0],["2025-09-22T00:00:00+00:00",11,3,0]]},"geometry":{"type":"Point","coordinates":[34.473329,31.485737]}}]}